"","BrainRegion","Image","AP","Areaum","Circumferenceµm","method"
"1","PiriformCortex","Iba1_RO1_1B_M-04",0.371599794178979,230.52,620.3448,"MATLAB"
"2","PiriformCortex","Iba1_RO1_1B_M-04",0.770483449284353,292.11,379.1256,"MATLAB"
"3","PiriformCortex","Iba1_RO1_1B_M-04",0.531281606024892,406.79,765.6768,"MATLAB"
"4","PiriformCortex","Iba1_RO1_1B_M-04",0.659381604247962,234.66,355.8789,"MATLAB"
"5","PiriformCortex","Iba1_RO1_1B_M-04",1.14675735316991,364.96,318.2539,"MATLAB"
"6","PiriformCortex","Iba1_RO1_1B_M-04",0.916675436458328,338.84,369.6401,"MATLAB"
"7","PiriformCortex","Iba1_RO1_1B_M-04",0.847616231705361,215.58,254.3368,"MATLAB"
"8","PiriformCortex","Iba1_RO1_1B_M-04",0.851803080300932,448.79,526.8706,"MATLAB"
"9","PiriformCortex","Iba1_RO1_1B_M-04",0.602276590308761,285.24,473.603,"MATLAB"
"10","PiriformCortex","Iba1_RO1_1B_M-04",0.827503007888599,486.74,588.2033,"MATLAB"
"11","PiriformCortex","Iba1_RO1_1B_M-04",1.04310083308053,272.67,261.4033,"MATLAB"
"12","PiriformCortex","Iba1_RO1_1B_M-04",0.81772355985697,476.65,582.8987,"MATLAB"
"13","PiriformCortex","Iba1_RO1_1B_M-04",0.793429243260309,420.94,530.5325,"MATLAB"
"14","PiriformCortex","Iba1_RO1_1B_M-04",0.869397954165616,143.73,165.3213,"MATLAB"
"15","PiriformCortex","Iba1_RO1_1B_M-04",0.928696967104859,478.79,515.5503,"MATLAB"
"16","PiriformCortex","Iba1_RO1_1B_M-04",1.09532186089553,481.26,439.3777,"MATLAB"
"17","PiriformCortex","Iba1_RO1_1B_M-04",0.89394713274989,234.18,261.9618,"MATLAB"
"18","PiriformCortex","Iba1_RO1_1B_M-04",0.769953835846132,372.45,483.7303,"MATLAB"
"19","PiriformCortex","Iba1_RO1_1B_M-04",0.851711365414961,233.23,273.8369,"MATLAB"
"20","PiriformCortex","Iba1_RO1_1B_M-04",1.13833250194973,881.31,774.2114,"MATLAB"
"21","PiriformCortex","Iba1_RO1_1B_M-04",0.471083529978707,174.2,369.7858,"MATLAB"
"22","PiriformCortex","Iba1_RO1_1B_M-04",0.875815814009444,174.72,199.494,"MATLAB"
"23","PiriformCortex","Iba1_RO1_1B_M-04",0.948284063741352,463.48,488.7565,"MATLAB"
"24","PiriformCortex","Iba1_RO1_1B_M-04",0.761628707080438,177.1,232.528,"MATLAB"
"25","PiriformCortex","Iba1_RO1_1B_M-04",1.0778164780893,383.53,355.8398,"MATLAB"
"26","PiriformCortex","Iba1_RO1_1B_M-04",1.14736826385539,376.47,328.1161,"MATLAB"
"27","PiriformCortex","Iba1_RO1_1B_M-04",0.77328162216829,466.72,603.5576,"MATLAB"
"28","PiriformCortex","Iba1_RO1_1B_M-04",1.03234925883352,306.16,296.5663,"MATLAB"
"29","PiriformCortex","Iba1_RO1_1B_M-04",0.863707679052816,278.39,322.3197,"MATLAB"
"30","PiriformCortex","Iba1_RO1_1B_M-04",0.788074049829213,186.12,236.1707,"MATLAB"
"31","PiriformCortex","Iba1_RO1_1B_M-04",0.921661908430797,203.48,220.7751,"MATLAB"
"32","PiriformCortex","Iba1_RO1_1B_M-04",1.07501960235734,208.26,193.7267,"MATLAB"
"33","PiriformCortex","Iba1_RO1_1B_M-04",0.73287011949398,301.05,410.7822,"MATLAB"
"34","PiriformCortex","Iba1_RO1_1B_M-04",0.823979258187861,246.33,298.9517,"MATLAB"
"35","PiriformCortex","Iba1_RO1_1B_M-04",1.33010449214288,189.22,142.2595,"MATLAB"
"36","PiriformCortex","Iba1_RO1_1B_M-04",1.05733803088587,217.61,205.8093,"MATLAB"
"37","PiriformCortex","Iba1_RO1_1B_M-04",0.953259355196017,132.19,138.6716,"MATLAB"
"38","PiriformCortex","Iba1_RO1_1B_M-04",0.755854047131322,267,353.2428,"MATLAB"
"39","PiriformCortex","Iba1_RO1_1B_M-04",1.0462787497197,190.37,181.9496,"MATLAB"
"40","PiriformCortex","Iba1_RO1_1B_M-04",0.795958532659325,197.2,247.7516,"MATLAB"
"41","PiriformCortex","Iba1_RO1_1B_M-04",1.15795984659325,453.23,391.4039,"MATLAB"
"42","PiriformCortex","Iba1_RO1_1B_M-04",0.867883846269549,668.74,770.5409,"MATLAB"
"43","PiriformCortex","Iba1_RO1_1B_M-04",1.02617283355139,340.4,331.718,"MATLAB"
"44","PiriformCortex","Iba1_RO1_1B_M-04",0.841008084212703,257.05,305.6451,"MATLAB"
"45","PiriformCortex","Iba1_RO1_1B_M-04",1.08242478582672,370.38,342.1762,"MATLAB"
"46","PiriformCortex","Iba1_RO1_1B_M-04",1.09407734670283,407.86,372.789,"MATLAB"
"47","PiriformCortex","Iba1_RO1_1B_M-04",0.94110340827151,317.02,336.8599,"MATLAB"
