"","BrainRegion","Image","AP","Areaum","Circumferenceµm","method"
"1","PiriformCortex","Iba1_RO1_1B_A-01",1.06817126168559,365.42,342.0987,"MATLAB"
"2","PiriformCortex","Iba1_RO1_1B_A-01",1.15640120135548,533,460.9127,"MATLAB"
"3","PiriformCortex","Iba1_RO1_1B_A-01",0.983217643055801,224.38,228.2099,"MATLAB"
"4","PiriformCortex","Iba1_RO1_1B_A-01",0.909069111227574,345.01,379.5201,"MATLAB"
"5","PiriformCortex","Iba1_RO1_1B_A-01",0.919235396086975,431.81,469.7491,"MATLAB"
"6","PiriformCortex","Iba1_RO1_1B_A-01",0.360806575672425,144.76,401.2122,"MATLAB"
"7","PiriformCortex","Iba1_RO1_1B_A-01",1.01766474218486,372.31,365.8474,"MATLAB"
"8","PiriformCortex","Iba1_RO1_1B_A-01",0.436781015327079,175.84,402.5816,"MATLAB"
"9","PiriformCortex","Iba1_RO1_1B_A-01",0.902408355269451,182.07,201.7601,"MATLAB"
"10","PiriformCortex","Iba1_RO1_1B_A-01",1.12976383630791,313.34,277.35,"MATLAB"
"11","PiriformCortex","Iba1_RO1_1B_A-01",0.998319076831911,306.28,306.7957,"MATLAB"
"12","PiriformCortex","Iba1_RO1_1B_A-01",0.936325903883235,385.51,411.7263,"MATLAB"
"13","PiriformCortex","Iba1_RO1_1B_A-01",1.28705580780838,488.54,379.5795,"MATLAB"
"14","PiriformCortex","Iba1_RO1_1B_A-01",1.04012964367663,285.49,274.4754,"MATLAB"
"15","PiriformCortex","Iba1_RO1_1B_A-01",1.14979636303583,215.83,187.7115,"MATLAB"
"16","PiriformCortex","Iba1_RO1_1B_A-01",1.05615493014297,323.55,306.3471,"MATLAB"
"17","PiriformCortex","Iba1_RO1_1B_A-01",1.23847069533733,440.5,355.6806,"MATLAB"
"18","PiriformCortex","Iba1_RO1_1B_A-01",0.447933152062465,114.46,255.5292,"MATLAB"
"19","PiriformCortex","Iba1_RO1_1B_A-01",1.46390318986251,293.5,200.4914,"MATLAB"
"20","PiriformCortex","Iba1_RO1_1B_A-01",0.318317962809502,229.09,719.6892,"MATLAB"
"21","PiriformCortex","Iba1_RO1_1B_A-01",0.954808855727518,350.53,367.1206,"MATLAB"
"22","PiriformCortex","Iba1_RO1_1B_A-01",1.05088337593144,305.37,290.5841,"MATLAB"
"23","PiriformCortex","Iba1_RO1_1B_A-01",0.91954255255852,327.64,356.3076,"MATLAB"
"24","PiriformCortex","Iba1_RO1_1B_A-01",1.29022950104066,279.02,216.2561,"MATLAB"
"25","PiriformCortex","Iba1_RO1_1B_A-01",0.450736366944244,277.23,615.0602,"MATLAB"
"26","PiriformCortex","Iba1_RO1_1B_A-01",0.955064847037876,755.25,790.784,"MATLAB"
"27","PiriformCortex","Iba1_RO1_1B_A-01",0.891807443422275,466.74,523.3641,"MATLAB"
"28","PiriformCortex","Iba1_RO1_1B_A-01",0.832349925777203,623.51,749.096,"MATLAB"
"29","PiriformCortex","Iba1_RO1_1B_A-01",0.374153807519055,309.9,828.269,"MATLAB"
"30","PiriformCortex","Iba1_RO1_1B_A-01",0.393432318870707,240.36,610.931,"MATLAB"
"31","PiriformCortex","Iba1_RO1_1B_A-01",0.792521503132988,226.02,285.191,"MATLAB"
"32","PiriformCortex","Iba1_RO1_1B_A-01",0.712228853789338,293.81,412.5219,"MATLAB"
"33","PiriformCortex","Iba1_RO1_1B_A-01",1.02477450264743,224.76,219.3263,"MATLAB"
"34","PiriformCortex","Iba1_RO1_1B_A-01",0.761210641406564,310.51,407.916,"MATLAB"
"35","PiriformCortex","Iba1_RO1_1B_A-01",0.79160822479474,306.63,387.3507,"MATLAB"
"36","PiriformCortex","Iba1_RO1_1B_A-01",0.702652796807244,218.88,311.5052,"MATLAB"
"37","PiriformCortex","Iba1_RO1_1B_A-01",0.892208169235066,291.04,326.2019,"MATLAB"
"38","PiriformCortex","Iba1_RO1_1B_A-01",0.908244586463806,596.29,656.5302,"MATLAB"
"39","PiriformCortex","Iba1_RO1_1B_A-01",0.849532097477173,407.47,479.6405,"MATLAB"
"40","PiriformCortex","Iba1_RO1_1B_A-01",1.06309523690566,319.17,300.2271,"MATLAB"
"41","PiriformCortex","Iba1_RO1_1B_A-01",1.13808546495883,305.1,268.0818,"MATLAB"
"42","PiriformCortex","Iba1_RO1_1B_A-01",0.878219641214273,514.9,586.2998,"MATLAB"
"43","PiriformCortex","Iba1_RO1_1B_A-01",0.95636851134198,201.03,210.2014,"MATLAB"
"44","PiriformCortex","Iba1_RO1_1B_A-01",0.873089704956921,351.57,402.6734,"MATLAB"
"45","PiriformCortex","Iba1_RO1_1B_A-01",0.499747714060689,139.85,279.8412,"MATLAB"
"46","PiriformCortex","Iba1_RO1_1B_A-01",1.0940073890957,334.52,305.7749,"MATLAB"
"47","PiriformCortex","Iba1_RO1_1B_A-01",1.02340848960589,369.64,361.1852,"MATLAB"
"48","PiriformCortex","Iba1_RO1_1B_A-01",1.33466534666247,177.82,133.2319,"MATLAB"
"49","PiriformCortex","Iba1_RO1_1B_A-01",0.961820608301811,235.02,244.3491,"MATLAB"
"50","PiriformCortex","Iba1_RO1_1B_A-01",0.973439219868675,660.27,678.2858,"MATLAB"
"51","PiriformCortex","Iba1_RO1_1B_A-01",1.20289523380893,470.4,391.0565,"MATLAB"
"52","PiriformCortex","Iba1_RO1_1B_A-01",1.03390087662101,535.62,518.0574,"MATLAB"
"53","PiriformCortex","Iba1_RO1_1B_A-01",0.915600312961352,578.45,631.7713,"MATLAB"
