"","BrainRegion","Image","AP","Areaum","Circumferenceµm","method"
"1","PiriformCortex","Iba1_RO1_1B_M-04",1.31074341305229,323.3604,246.7,"aiforia"
"2","PiriformCortex","Iba1_RO1_1B_M-04",1.969,277.2352,140.8,"aiforia"
"3","PiriformCortex","Iba1_RO1_1B_M-04",1.37490354906054,329.2894,239.5,"aiforia"
"4","PiriformCortex","Iba1_RO1_1B_M-04",1.34861356092935,284.4226,210.9,"aiforia"
"5","PiriformCortex","Iba1_RO1_1B_M-04",1.42685178875639,753.8058,528.3,"aiforia"
"6","PiriformCortex","Iba1_RO1_1B_M-04",1.370939453125,140.3842,102.4,"aiforia"
"7","PiriformCortex","Iba1_RO1_1B_M-04",1.6872193236715,174.6272,103.5,"aiforia"
"8","PiriformCortex","Iba1_RO1_1B_M-04",1.37091537132988,317.504,231.6,"aiforia"
"9","PiriformCortex","Iba1_RO1_1B_M-04",1.20189886039886,168.7466,140.4,"aiforia"
"10","PiriformCortex","Iba1_RO1_1B_M-04",1.19922817631806,277.5014,231.4,"aiforia"
"11","PiriformCortex","Iba1_RO1_1B_M-04",1.53048648648649,141.57,92.5,"aiforia"
"12","PiriformCortex","Iba1_RO1_1B_M-04",1.60225232148575,500.3834,312.3,"aiforia"
"13","PiriformCortex","Iba1_RO1_1B_M-04",1.27835220125786,223.5838,174.9,"aiforia"
"14","PiriformCortex","Iba1_RO1_1B_M-04",1.20902123356926,358.7166,296.7,"aiforia"
"15","PiriformCortex","Iba1_RO1_1B_M-04",1.44069065343259,348.359,241.8,"aiforia"
"16","PiriformCortex","Iba1_RO1_1B_M-04",1.12604625550661,306.735,272.4,"aiforia"
"17","PiriformCortex","Iba1_RO1_1B_M-04",1.3019528718704,265.2078,203.7,"aiforia"
"18","PiriformCortex","Iba1_RO1_1B_M-04",1.18983333333333,129.9298,109.2,"aiforia"
"19","PiriformCortex","Iba1_RO1_1B_M-04",1.3379295154185,121.484,90.8,"aiforia"
"20","PiriformCortex","Iba1_RO1_1B_M-04",1.45996052631579,66.5742,45.6,"aiforia"
"21","PiriformCortex","Iba1_RO1_1B_M-04",1.27909778357236,196.2136,153.4,"aiforia"
"22","PiriformCortex","Iba1_RO1_1B_M-04",1.1,229.9,209,"aiforia"
"23","PiriformCortex","Iba1_RO1_1B_M-04",1.4204347826087,120.879,85.1,"aiforia"
"24","PiriformCortex","Iba1_RO1_1B_M-04",1.34065966386555,191.4462,142.8,"aiforia"
"25","PiriformCortex","Iba1_RO1_1B_M-04",1.11497382198953,106.48,95.5,"aiforia"
"26","PiriformCortex","Iba1_RO1_1B_M-04",1.08638095238095,125.477,115.5,"aiforia"
"27","PiriformCortex","Iba1_RO1_1B_M-04",1.17718644067797,138.908,118,"aiforia"
"28","PiriformCortex","Iba1_RO1_1B_M-04",1.17259461663948,287.5202,245.2,"aiforia"
"29","PiriformCortex","Iba1_RO1_1B_M-04",1.22210877447426,337.0576,275.8,"aiforia"
"30","PiriformCortex","Iba1_RO1_1B_M-04",1.15193276203032,174.7482,151.7,"aiforia"
"31","PiriformCortex","Iba1_RO1_1B_M-04",1.09057406630298,259.8838,238.3,"aiforia"
"32","PiriformCortex","Iba1_RO1_1B_M-04",1.30464356435644,263.538,202,"aiforia"
"33","PiriformCortex","Iba1_RO1_1B_M-04",1.34315789473684,308.792,229.9,"aiforia"
"34","PiriformCortex","Iba1_RO1_1B_M-04",1.29535269709544,249.744,192.8,"aiforia"
"35","PiriformCortex","Iba1_RO1_1B_M-04",1.16712841033103,320.8436,274.9,"aiforia"
"36","PiriformCortex","Iba1_RO1_1B_M-04",1.38598175787728,501.4482,361.8,"aiforia"
"37","PiriformCortex","Iba1_RO1_1B_M-04",2.07219282511211,277.2594,133.8,"aiforia"
"38","PiriformCortex","Iba1_RO1_1B_M-04",1.00787136563877,114.3934,113.5,"aiforia"
"39","PiriformCortex","Iba1_RO1_1B_M-04",1.34553168376584,222.9546,165.7,"aiforia"
"40","PiriformCortex","Iba1_RO1_1B_M-04",1.09277251732102,189.2682,173.2,"aiforia"
"41","PiriformCortex","Iba1_RO1_1B_M-04",1.80067601246106,115.6034,64.2,"aiforia"
"42","PiriformCortex","Iba1_RO1_1B_M-04",1.23336645962733,218.4292,177.1,"aiforia"
"43","PiriformCortex","Iba1_RO1_1B_M-04",1.77140393826503,332.8468,187.9,"aiforia"
"44","PiriformCortex","Iba1_RO1_1B_M-04",1.12567570231641,228.3996,202.9,"aiforia"
"45","PiriformCortex","Iba1_RO1_1B_M-04",1.38601127626858,270.4108,195.1,"aiforia"
"46","PiriformCortex","Iba1_RO1_1B_M-04",1.19244801026958,185.7834,155.8,"aiforia"
"47","PiriformCortex","Iba1_RO1_1B_M-04",1.54464501160093,332.871,215.5,"aiforia"
"48","PiriformCortex","Iba1_RO1_1B_M-04",1.18927966496045,255.5762,214.9,"aiforia"
"49","PiriformCortex","Iba1_RO1_1B_M-04",1.22668115449915,361.2576,294.5,"aiforia"
"50","PiriformCortex","Iba1_RO1_1B_M-04",0.882117428465255,237.3778,269.1,"aiforia"
"51","PiriformCortex","Iba1_RO1_1B_M-04",1.31725741684147,439.5688,333.7,"aiforia"
"52","PiriformCortex","Iba1_RO1_1B_M-04",1.06424451097804,213.2746,200.4,"aiforia"
"53","PiriformCortex","Iba1_RO1_1B_M-04",1.09031578947368,250.6636,229.9,"aiforia"
"54","PiriformCortex","Iba1_RO1_1B_M-04",1.12861469933185,152.0244,134.7,"aiforia"
"55","PiriformCortex","Iba1_RO1_1B_M-04",1.02953418803419,192.7288,187.2,"aiforia"
"56","PiriformCortex","Iba1_RO1_1B_M-04",1.18861682242991,139.9002,117.7,"aiforia"
"57","PiriformCortex","Iba1_RO1_1B_M-04",1.11174436090226,251.3654,226.1,"aiforia"
"58","PiriformCortex","Iba1_RO1_1B_M-04",1.85259721380981,305.8638,165.1,"aiforia"
"59","PiriformCortex","Iba1_RO1_1B_M-04",1.77058074222668,353.0538,199.4,"aiforia"
"60","PiriformCortex","Iba1_RO1_1B_M-04",1.26786767349874,352.594,278.1,"aiforia"
"61","PiriformCortex","Iba1_RO1_1B_M-04",1.03104980842912,188.3728,182.7,"aiforia"
"62","PiriformCortex","Iba1_RO1_1B_M-04",1.31694330855019,283.4062,215.2,"aiforia"
"63","PiriformCortex","Iba1_RO1_1B_M-04",1.86933796296296,242.2662,129.6,"aiforia"
"64","PiriformCortex","Iba1_RO1_1B_M-04",1.46093095238095,368.1546,252,"aiforia"
"65","PiriformCortex","Iba1_RO1_1B_M-04",1.60774929840973,171.8684,106.9,"aiforia"
"66","PiriformCortex","Iba1_RO1_1B_M-04",1.18641372451517,238.5878,201.1,"aiforia"
"67","PiriformCortex","Iba1_RO1_1B_M-04",1.32091666666667,120.4676,91.2,"aiforia"
"68","PiriformCortex","Iba1_RO1_1B_M-04",1.2734358276644,280.7926,220.5,"aiforia"
"69","PiriformCortex","Iba1_RO1_1B_M-04",1.1310192926045,211.0482,186.6,"aiforia"
"70","PiriformCortex","Iba1_RO1_1B_M-04",1.17780487804878,159.357,135.3,"aiforia"
"71","PiriformCortex","Iba1_RO1_1B_M-04",1.48497139885595,285.56,192.3,"aiforia"
"72","PiriformCortex","Iba1_RO1_1B_M-04",1.06066864256076,178.9348,168.7,"aiforia"
"73","PiriformCortex","Iba1_RO1_1B_M-04",1.2567915407855,166.3992,132.4,"aiforia"
"74","PiriformCortex","Iba1_RO1_1B_M-04",1.42947040039302,581.9374,407.1,"aiforia"
"75","PiriformCortex","Iba1_RO1_1B_M-04",1.15988329519451,304.1214,262.2,"aiforia"
"76","PiriformCortex","Iba1_RO1_1B_M-04",1.36821402877698,152.1454,111.2,"aiforia"
"77","PiriformCortex","Iba1_RO1_1B_M-04",1.48744136889784,295.5546,198.7,"aiforia"
"78","PiriformCortex","Iba1_RO1_1B_M-04",1.78314811972371,232.3442,130.3,"aiforia"
"79","PiriformCortex","Iba1_RO1_1B_M-04",1.08579894179894,143.6512,132.3,"aiforia"
"80","PiriformCortex","Iba1_RO1_1B_M-04",1.0267286036036,182.347,177.6,"aiforia"
"81","PiriformCortex","Iba1_RO1_1B_M-04",1.47207257646449,283.9628,192.9,"aiforia"
"82","PiriformCortex","Iba1_RO1_1B_M-04",1.29442443064182,375.1242,289.8,"aiforia"
"83","PiriformCortex","Iba1_RO1_1B_M-04",1.36149071618037,153.9846,113.1,"aiforia"
"84","PiriformCortex","Iba1_RO1_1B_M-04",1.09762162162162,268.0392,244.2,"aiforia"
"85","PiriformCortex","Iba1_RO1_1B_M-04",1.17844395987789,270.2172,229.3,"aiforia"
"86","PiriformCortex","Iba1_RO1_1B_M-04",1.24422006186478,281.567,226.3,"aiforia"
"87","PiriformCortex","Iba1_RO1_1B_M-04",1.45267597765363,208.0232,143.2,"aiforia"
"88","PiriformCortex","Iba1_RO1_1B_M-04",1.13020649458784,271.4756,240.2,"aiforia"
"89","PiriformCortex","Iba1_RO1_1B_M-04",1.30340350877193,482.911,370.5,"aiforia"
"90","PiriformCortex","Iba1_RO1_1B_M-04",1.37721689059501,215.259,156.3,"aiforia"
"91","PiriformCortex","Iba1_RO1_1B_M-04",1.16864854368932,240.7416,206,"aiforia"
"92","PiriformCortex","Iba1_RO1_1B_M-04",1.2097352297593,110.5698,91.4,"aiforia"
"93","PiriformCortex","Iba1_RO1_1B_M-04",1.37158710184821,348.7946,254.3,"aiforia"
"94","PiriformCortex","Iba1_RO1_1B_M-04",1.15899297423888,148.467,128.1,"aiforia"
"95","PiriformCortex","Iba1_RO1_1B_M-04",1.47814550745726,406.3422,274.9,"aiforia"
"96","PiriformCortex","Iba1_RO1_1B_M-04",0.87252602739726,31.8472,36.5,"aiforia"
"97","PiriformCortex","Iba1_RO1_1B_M-04",1.02323630504834,190.5266,186.2,"aiforia"
"98","PiriformCortex","Iba1_RO1_1B_M-04",1.09846956521739,290.5452,264.5,"aiforia"
"99","PiriformCortex","Iba1_RO1_1B_M-04",1.11749889527176,252.89,226.3,"aiforia"
"100","PiriformCortex","Iba1_RO1_1B_M-04",1.23935965541996,172.6428,139.3,"aiforia"
"101","PiriformCortex","Iba1_RO1_1B_M-04",1.12681577806675,259.9564,230.7,"aiforia"
"102","PiriformCortex","Iba1_RO1_1B_M-04",1.18320319634703,207.2972,175.2,"aiforia"
"103","PiriformCortex","Iba1_RO1_1B_M-04",1.08962005856515,297.6842,273.2,"aiforia"
"104","PiriformCortex","Iba1_RO1_1B_M-04",1.51171213159698,220.5588,145.9,"aiforia"
"105","PiriformCortex","Iba1_RO1_1B_M-04",1.38409505208333,212.597,153.6,"aiforia"
"106","PiriformCortex","Iba1_RO1_1B_M-04",1.23024756446991,214.6782,174.5,"aiforia"
"107","PiriformCortex","Iba1_RO1_1B_M-04",1.51363946188341,843.854,557.5,"aiforia"
"108","PiriformCortex","Iba1_RO1_1B_M-04",1.29474295259971,620.0524,478.9,"aiforia"
"109","PiriformCortex","Iba1_RO1_1B_M-04",1.20763614163614,296.7162,245.7,"aiforia"
"110","PiriformCortex","Iba1_RO1_1B_M-04",1.24783692142088,463.6962,371.6,"aiforia"
"111","PiriformCortex","Iba1_RO1_1B_M-04",1.40369008841322,301.653,214.9,"aiforia"
"112","PiriformCortex","Iba1_RO1_1B_M-04",1.46312331838565,522.0424,356.8,"aiforia"
"113","PiriformCortex","Iba1_RO1_1B_M-04",1.13636285714286,318.1816,280,"aiforia"
"114","PiriformCortex","Iba1_RO1_1B_M-04",1.18919893664156,268.4022,225.7,"aiforia"
"115","PiriformCortex","Iba1_RO1_1B_M-04",1.38515445402299,385.627,278.4,"aiforia"
"116","PiriformCortex","Iba1_RO1_1B_M-04",1.15189721459396,293.6186,254.9,"aiforia"
"117","PiriformCortex","Iba1_RO1_1B_M-04",1.3215275242047,477.7322,361.5,"aiforia"
"118","PiriformCortex","Iba1_RO1_1B_M-04",1.19228747795414,135.2054,113.4,"aiforia"
"119","PiriformCortex","Iba1_RO1_1B_M-04",1.72943886861314,379.093,219.2,"aiforia"
"120","PiriformCortex","Iba1_RO1_1B_M-04",1.61454636591479,64.4204,39.9,"aiforia"
"121","PiriformCortex","Iba1_RO1_1B_M-04",1.34520529801325,223.4386,166.1,"aiforia"
"122","PiriformCortex","Iba1_RO1_1B_M-04",1.26000626174076,402.446,319.4,"aiforia"
"123","PiriformCortex","Iba1_RO1_1B_M-04",1.3897327532629,447.216,321.8,"aiforia"
"124","PiriformCortex","Iba1_RO1_1B_M-04",0.881618231046931,195.3666,221.6,"aiforia"
"125","PiriformCortex","Iba1_RO1_1B_M-04",1.83324514338575,198.1738,108.1,"aiforia"
"126","PiriformCortex","Iba1_RO1_1B_M-04",1.11715408479835,108.0288,96.7,"aiforia"
"127","PiriformCortex","Iba1_RO1_1B_M-04",1.41871041898406,382.6262,269.7,"aiforia"
"128","PiriformCortex","Iba1_RO1_1B_M-04",1.366552,375.8018,275,"aiforia"
"129","PiriformCortex","Iba1_RO1_1B_M-04",1.59601012292119,220.7282,138.3,"aiforia"
"130","PiriformCortex","Iba1_RO1_1B_M-04",2.21036530378296,578.4526,261.7,"aiforia"
"131","PiriformCortex","Iba1_RO1_1B_M-04",2.25284536082474,415.1994,184.3,"aiforia"
"132","PiriformCortex","Iba1_RO1_1B_M-04",1.02987723577236,253.3498,246,"aiforia"
"133","PiriformCortex","Iba1_RO1_1B_M-04",1.62451905717151,647.8582,398.8,"aiforia"
"134","PiriformCortex","Iba1_RO1_1B_M-04",1.62922112802149,181.984,111.7,"aiforia"
"135","PiriformCortex","Iba1_RO1_1B_M-04",1.03142068965517,194.4228,188.5,"aiforia"
"136","PiriformCortex","Iba1_RO1_1B_M-04",1.21531524547804,282.1962,232.2,"aiforia"
"137","PiriformCortex","Iba1_RO1_1B_M-04",0.600476635514019,38.5506,64.2,"aiforia"
"138","PiriformCortex","Iba1_RO1_1B_M-04",1.46694188861985,363.5082,247.8,"aiforia"
"139","PiriformCortex","Iba1_RO1_1B_M-04",1.21340685124355,258.577,213.1,"aiforia"
"140","PiriformCortex","Iba1_RO1_1B_M-04",1.75587947882736,215.622,122.8,"aiforia"
"141","PiriformCortex","Iba1_RO1_1B_M-04",1.27662879884226,352.8602,276.4,"aiforia"
"142","PiriformCortex","Iba1_RO1_1B_M-04",1.17654456140351,502.9728,427.5,"aiforia"
"143","PiriformCortex","Iba1_RO1_1B_M-04",1.09239381797367,381.6824,349.4,"aiforia"
"144","PiriformCortex","Iba1_RO1_1B_M-04",1.85994587516368,426.1136,229.1,"aiforia"
"145","PiriformCortex","Iba1_RO1_1B_M-04",1.02465089722675,125.6222,122.6,"aiforia"
"146","PiriformCortex","Iba1_RO1_1B_M-04",1.29051706231454,347.9234,269.6,"aiforia"
"147","PiriformCortex","Iba1_RO1_1B_M-04",1.01737486012682,272.7582,268.1,"aiforia"
"148","PiriformCortex","Iba1_RO1_1B_M-04",0.872081414033208,162.8176,186.7,"aiforia"
"149","PiriformCortex","Iba1_RO1_1B_M-04",1.32533299022131,257.5122,194.3,"aiforia"
"150","PiriformCortex","Iba1_RO1_1B_M-04",1.23530082935411,491.5262,397.9,"aiforia"
"151","PiriformCortex","Iba1_RO1_1B_M-04",1.04088470588235,44.2376,42.5,"aiforia"
"152","PiriformCortex","Iba1_RO1_1B_M-04",1.15642538723083,306.1058,264.7,"aiforia"
"153","PiriformCortex","Iba1_RO1_1B_M-04",1.03589469725461,275.4444,265.9,"aiforia"
"154","PiriformCortex","Iba1_RO1_1B_M-04",1.15958832261257,468.7056,404.2,"aiforia"
"155","PiriformCortex","Iba1_RO1_1B_M-04",1.24497211155378,343.7368,276.1,"aiforia"
"156","PiriformCortex","Iba1_RO1_1B_M-04",1.56943067846608,744.8518,474.6,"aiforia"
"157","PiriformCortex","Iba1_RO1_1B_M-04",1.74194429187917,444.0216,254.9,"aiforia"
"158","PiriformCortex","Iba1_RO1_1B_M-04",1.10831177166019,656.2314,592.1,"aiforia"
"159","PiriformCortex","Iba1_RO1_1B_M-04",1.08809120171674,202.8202,186.4,"aiforia"
"160","PiriformCortex","Iba1_RO1_1B_M-04",1.26623688155922,253.374,200.1,"aiforia"
"161","PiriformCortex","Iba1_RO1_1B_M-04",0.890397115384615,185.2026,208,"aiforia"
"162","PiriformCortex","Iba1_RO1_1B_M-04",1.34240541422048,823.163,613.2,"aiforia"
"163","PiriformCortex","Iba1_RO1_1B_M-04",1.34132926829268,131.9868,98.4,"aiforia"
"164","PiriformCortex","Iba1_RO1_1B_M-04",1.2981163200564,368.2756,283.7,"aiforia"
"165","PiriformCortex","Iba1_RO1_1B_M-04",1.59690532724505,524.5834,328.5,"aiforia"
"166","PiriformCortex","Iba1_RO1_1B_M-04",1.09396504559271,287.9316,263.2,"aiforia"
"167","PiriformCortex","Iba1_RO1_1B_M-04",1.40126315789474,322.1504,229.9,"aiforia"
"168","PiriformCortex","Iba1_RO1_1B_M-04",1.30075,173.7802,133.6,"aiforia"
"169","PiriformCortex","Iba1_RO1_1B_M-04",1.39007437407953,377.5442,271.6,"aiforia"
"170","PiriformCortex","Iba1_RO1_1B_M-04",1.64612288993923,243.7908,148.1,"aiforia"
"171","PiriformCortex","Iba1_RO1_1B_M-04",1.56873610023493,200.3276,127.7,"aiforia"
"172","PiriformCortex","Iba1_RO1_1B_M-04",1.41060083449235,405.6888,287.6,"aiforia"
"173","PiriformCortex","Iba1_RO1_1B_M-04",1.90629866989117,315.3018,165.4,"aiforia"
"174","PiriformCortex","Iba1_RO1_1B_M-04",1.42211192589734,368.4692,259.1,"aiforia"
"175","PiriformCortex","Iba1_RO1_1B_M-04",1.37506576553158,528.9878,384.7,"aiforia"
"176","PiriformCortex","Iba1_RO1_1B_M-04",0.990478260869565,250.591,253,"aiforia"
"177","PiriformCortex","Iba1_RO1_1B_M-04",1.44660764829871,480.4184,332.1,"aiforia"
"178","PiriformCortex","Iba1_RO1_1B_M-04",1.00986429291233,300.6366,297.7,"aiforia"
"179","PiriformCortex","Iba1_RO1_1B_M-04",1.33140047281324,281.5912,211.5,"aiforia"
"180","PiriformCortex","Iba1_RO1_1B_M-04",1.19762721417069,297.4906,248.4,"aiforia"
"181","PiriformCortex","Iba1_RO1_1B_M-04",1.38944032921811,371.3974,267.3,"aiforia"
"182","PiriformCortex","Iba1_RO1_1B_M-04",1.27023111111111,314.3822,247.5,"aiforia"
"183","PiriformCortex","Iba1_RO1_1B_M-04",1.52480274181264,400.4132,262.6,"aiforia"
"184","PiriformCortex","Iba1_RO1_1B_M-04",1.03273038167939,338.2192,327.5,"aiforia"
"185","PiriformCortex","Iba1_RO1_1B_M-04",1.33930816791409,411.5694,307.3,"aiforia"
"186","PiriformCortex","Iba1_RO1_1B_M-04",1.3755275113579,272.492,198.1,"aiforia"
"187","PiriformCortex","Iba1_RO1_1B_M-04",1.33965530484878,558.1004,416.6,"aiforia"
"188","PiriformCortex","Iba1_RO1_1B_M-04",1.3906757493188,255.189,183.5,"aiforia"
"189","PiriformCortex","Iba1_RO1_1B_M-04",1.45569762766385,362.032,248.7,"aiforia"
"190","PiriformCortex","Iba1_RO1_1B_M-04",1.34562408602151,312.8576,232.5,"aiforia"
"191","PiriformCortex","Iba1_RO1_1B_M-04",1.82995138419987,271.0158,148.1,"aiforia"
"192","PiriformCortex","Iba1_RO1_1B_M-04",1.53213182527301,392.8386,256.4,"aiforia"
"193","PiriformCortex","Iba1_RO1_1B_M-04",1.43211445341159,780.7888,545.2,"aiforia"
"194","PiriformCortex","Iba1_RO1_1B_M-04",1.47827513880321,479.2568,324.2,"aiforia"
"195","PiriformCortex","Iba1_RO1_1B_M-04",1.08258988095238,363.7502,336,"aiforia"
"196","PiriformCortex","Iba1_RO1_1B_M-04",1.07869299023957,243.1374,225.4,"aiforia"
"197","PiriformCortex","Iba1_RO1_1B_M-04",2.07257104557641,154.6138,74.6,"aiforia"
"198","PiriformCortex","Iba1_RO1_1B_M-04",0.890435897435897,111.1264,124.8,"aiforia"
"199","PiriformCortex","Iba1_RO1_1B_M-04",1.37017849527871,449.8296,328.3,"aiforia"
"200","PiriformCortex","Iba1_RO1_1B_M-04",1.78454328018223,313.3658,175.6,"aiforia"
"201","PiriformCortex","Iba1_RO1_1B_M-04",1.16838654666035,246.6464,211.1,"aiforia"
"202","PiriformCortex","Iba1_RO1_1B_M-04",1.16423781998348,281.9784,242.2,"aiforia"
"203","PiriformCortex","Iba1_RO1_1B_M-04",1.56446036916395,432.2604,276.3,"aiforia"
"204","PiriformCortex","Iba1_RO1_1B_M-04",1.42880259951259,351.7712,246.2,"aiforia"
"205","PiriformCortex","Iba1_RO1_1B_M-04",1.01966972477064,244.5168,239.8,"aiforia"
"206","PiriformCortex","Iba1_RO1_1B_M-04",1.3508580474934,255.9876,189.5,"aiforia"
"207","PiriformCortex","Iba1_RO1_1B_M-04",1.11585294117647,333.8632,299.2,"aiforia"
"208","PiriformCortex","Iba1_RO1_1B_M-04",1.21380466888995,254.7776,209.9,"aiforia"
"209","PiriformCortex","Iba1_RO1_1B_M-04",1.63970010787487,456.0006,278.1,"aiforia"
"210","PiriformCortex","Iba1_RO1_1B_M-04",1.33234509424843,275.6622,206.9,"aiforia"
"211","PiriformCortex","Iba1_RO1_1B_M-04",1.26726534653465,255.9876,202,"aiforia"
"212","PiriformCortex","Iba1_RO1_1B_M-04",1.54293385770468,431.5586,279.7,"aiforia"
"213","PiriformCortex","Iba1_RO1_1B_M-04",0.634301994301994,44.528,70.2,"aiforia"
"214","PiriformCortex","Iba1_RO1_1B_M-04",1.19347970479705,258.7464,216.8,"aiforia"
"215","PiriformCortex","Iba1_RO1_1B_M-04",0.798517123287671,139.9002,175.2,"aiforia"
"216","PiriformCortex","Iba1_RO1_1B_M-04",1.27514502369668,269.0556,211,"aiforia"
"217","PiriformCortex","Iba1_RO1_1B_M-04",1.4897974851092,225.1084,151.1,"aiforia"
"218","PiriformCortex","Iba1_RO1_1B_M-04",1.25886845578531,286.1408,227.3,"aiforia"
"219","PiriformCortex","Iba1_RO1_1B_M-04",1.49763650985123,372.4622,248.7,"aiforia"
"220","PiriformCortex","Iba1_RO1_1B_M-04",1.44849535833643,390.0798,269.3,"aiforia"
"221","PiriformCortex","Iba1_RO1_1B_M-04",2.96201045068583,453.4838,153.1,"aiforia"
"222","PiriformCortex","Iba1_RO1_1B_M-04",1.722890036452,567.1754,329.2,"aiforia"
"223","PiriformCortex","Iba1_RO1_1B_M-04",1.12017038539554,276.122,246.5,"aiforia"
"224","PiriformCortex","Iba1_RO1_1B_M-04",1.27848463868455,295.4578,231.1,"aiforia"
"225","PiriformCortex","Iba1_RO1_1B_M-04",1.5861961915753,274.8878,173.3,"aiforia"
"226","PiriformCortex","Iba1_RO1_1B_M-04",1.37262918340027,205.0708,149.4,"aiforia"
"227","PiriformCortex","Iba1_RO1_1B_M-04",1.65985049580473,435.2128,262.2,"aiforia"
"228","PiriformCortex","Iba1_RO1_1B_M-04",1.02920622568093,185.1542,179.9,"aiforia"
"229","PiriformCortex","Iba1_RO1_1B_M-04",1.4498512763596,391.8948,270.3,"aiforia"
"230","PiriformCortex","Iba1_RO1_1B_M-04",0.883267904509284,66.5984,75.4,"aiforia"
"231","PiriformCortex","Iba1_RO1_1B_M-04",1.15007345971564,388.2648,337.6,"aiforia"
"232","PiriformCortex","Iba1_RO1_1B_M-04",1.73057430730479,480.9266,277.9,"aiforia"
"233","PiriformCortex","Iba1_RO1_1B_M-04",1.28991532599492,152.339,118.1,"aiforia"
"234","PiriformCortex","Iba1_RO1_1B_M-04",1.51816201288739,494.769,325.9,"aiforia"
"235","PiriformCortex","Iba1_RO1_1B_M-04",1.2502489539749,478.0952,382.4,"aiforia"
"236","PiriformCortex","Iba1_RO1_1B_M-04",1.53063545839533,1337.3162,873.7,"aiforia"
"237","PiriformCortex","Iba1_RO1_1B_M-04",1.14859039237257,313.2206,272.7,"aiforia"
"238","PiriformCortex","Iba1_RO1_1B_M-04",1.48079351851852,319.8514,216,"aiforia"
"239","PiriformCortex","Iba1_RO1_1B_M-04",1.28834775327937,461.615,358.3,"aiforia"
"240","PiriformCortex","Iba1_RO1_1B_M-04",1.38635947712418,169.6904,122.4,"aiforia"
"241","PiriformCortex","Iba1_RO1_1B_M-04",1.07525858343337,447.8452,416.5,"aiforia"
"242","PiriformCortex","Iba1_RO1_1B_M-04",1.35377892918826,391.919,289.5,"aiforia"
"243","PiriformCortex","Iba1_RO1_1B_M-04",1.75934796926454,160.2766,91.1,"aiforia"
"244","PiriformCortex","Iba1_RO1_1B_M-04",2.29412284069098,358.5714,156.3,"aiforia"
"245","PiriformCortex","Iba1_RO1_1B_M-04",1.00276939094222,192.632,192.1,"aiforia"
"246","PiriformCortex","Iba1_RO1_1B_M-04",1.76912637362637,257.5848,145.6,"aiforia"
"247","PiriformCortex","Iba1_RO1_1B_M-04",1.17422908745247,247.0578,210.4,"aiforia"
"248","PiriformCortex","Iba1_RO1_1B_M-04",1.36299475655431,181.9598,133.5,"aiforia"
"249","PiriformCortex","Iba1_RO1_1B_M-04",1.09585142857143,210.9514,192.5,"aiforia"
"250","PiriformCortex","Iba1_RO1_1B_M-04",1.2427027027027,358.644,288.6,"aiforia"
"251","PiriformCortex","Iba1_RO1_1B_M-04",1.4713424954792,406.8262,276.5,"aiforia"
"252","PiriformCortex","Iba1_RO1_1B_M-04",1.24730323082912,320.4322,256.9,"aiforia"
"253","PiriformCortex","Iba1_RO1_1B_M-04",1.61736200923788,560.2542,346.4,"aiforia"
"254","PiriformCortex","Iba1_RO1_1B_M-04",1.38291512915129,412.247,298.1,"aiforia"
"255","PiriformCortex","Iba1_RO1_1B_M-04",1.42333671742809,252.3576,177.3,"aiforia"
"256","PiriformCortex","Iba1_RO1_1B_M-04",1.27982252922423,240.8626,188.2,"aiforia"
"257","PiriformCortex","Iba1_RO1_1B_M-04",1.07728659990463,225.907,209.7,"aiforia"
"258","PiriformCortex","Iba1_RO1_1B_M-04",1.16909693132002,240.0156,205.3,"aiforia"
"259","PiriformCortex","Iba1_RO1_1B_M-04",1.57797570093458,168.8434,107,"aiforia"
"260","PiriformCortex","Iba1_RO1_1B_M-04",1.02615182648402,179.7818,175.2,"aiforia"
"261","PiriformCortex","Iba1_RO1_1B_M-04",1.08622776280323,483.5886,445.2,"aiforia"
"262","PiriformCortex","Iba1_RO1_1B_M-04",1.45956989247312,149.314,102.3,"aiforia"
"263","PiriformCortex","Iba1_RO1_1B_M-04",1.37794314381271,329.604,239.2,"aiforia"
"264","PiriformCortex","Iba1_RO1_1B_M-04",1.36653434288805,252.6722,184.9,"aiforia"
"265","PiriformCortex","Iba1_RO1_1B_M-04",1.82928782287823,99.1474,54.2,"aiforia"
"266","PiriformCortex","Iba1_RO1_1B_M-04",1.43811597779149,233.1186,162.1,"aiforia"
"267","PiriformCortex","Iba1_RO1_1B_M-04",1.41090798169802,277.5256,196.7,"aiforia"
"268","PiriformCortex","Iba1_RO1_1B_M-04",1.38180775716695,81.9412,59.3,"aiforia"
"269","PiriformCortex","Iba1_RO1_1B_M-04",1.37805858494817,305.7912,221.9,"aiforia"
"270","PiriformCortex","Iba1_RO1_1B_M-04",1.17600838574423,224.3824,190.8,"aiforia"
"271","PiriformCortex","Iba1_RO1_1B_M-04",1.17185924989465,278.0822,237.3,"aiforia"
"272","PiriformCortex","Iba1_RO1_1B_M-04",1.34397294589178,268.257,199.6,"aiforia"
"273","PiriformCortex","Iba1_RO1_1B_M-04",1.21618135376756,285.681,234.9,"aiforia"
"274","PiriformCortex","Iba1_RO1_1B_M-04",1.92458909981629,314.2854,163.3,"aiforia"
"275","PiriformCortex","Iba1_RO1_1B_M-04",1.34873615635179,331.2496,245.6,"aiforia"
"276","PiriformCortex","Iba1_RO1_1B_M-04",1.686080472103,314.2854,186.4,"aiforia"
"277","PiriformCortex","Iba1_RO1_1B_M-04",1.20582958353279,251.8978,208.9,"aiforia"
"278","PiriformCortex","Iba1_RO1_1B_M-04",0.963346153846154,160.3008,166.4,"aiforia"
"279","PiriformCortex","Iba1_RO1_1B_M-04",1.24944064386318,310.486,248.5,"aiforia"
"280","PiriformCortex","Iba1_RO1_1B_M-04",1.10760954174514,352.8844,318.6,"aiforia"
"281","PiriformCortex","Iba1_RO1_1B_M-04",1.88512700729927,387.3936,205.5,"aiforia"
"282","PiriformCortex","Iba1_RO1_1B_M-04",1.10465344664778,350.9484,317.7,"aiforia"
"283","PiriformCortex","Iba1_RO1_1B_M-04",1.18224172440339,307.1464,259.8,"aiforia"
"284","PiriformCortex","Iba1_RO1_1B_M-04",1.43407044534413,354.2154,247,"aiforia"
"285","PiriformCortex","Iba1_RO1_1B_M-04",1.44574248021108,273.9682,189.5,"aiforia"
"286","PiriformCortex","Iba1_RO1_1B_M-04",1.26875144508671,285.3422,224.9,"aiforia"
"287","PiriformCortex","Iba1_RO1_1B_M-04",1.42420637056976,317.4556,222.9,"aiforia"
"288","PiriformCortex","Iba1_RO1_1B_M-04",2.08074641675854,377.4474,181.4,"aiforia"
"289","PiriformCortex","Iba1_RO1_1B_M-04",1.1472736,143.4092,125,"aiforia"
"290","PiriformCortex","Iba1_RO1_1B_M-04",1.08170376365844,267.289,247.1,"aiforia"
"291","PiriformCortex","Iba1_RO1_1B_M-04",2.38533469110659,351.3598,147.3,"aiforia"
"292","PiriformCortex","Iba1_RO1_1B_M-04",2.29291752074183,469.8188,204.9,"aiforia"
"293","PiriformCortex","Iba1_RO1_1B_M-04",1.57849627118644,232.8282,147.5,"aiforia"
"294","PiriformCortex","Iba1_RO1_1B_M-04",2.89598011599006,349.5448,120.7,"aiforia"
"295","PiriformCortex","Iba1_RO1_1B_M-04",1.16491562238931,139.4404,119.7,"aiforia"
"296","PiriformCortex","Iba1_RO1_1B_M-04",1.48902570379437,364.9602,245.1,"aiforia"
"297","PiriformCortex","Iba1_RO1_1B_M-04",1.1793731596829,416.5546,353.2,"aiforia"
"298","PiriformCortex","Iba1_RO1_1B_M-04",1.72253514739229,227.8914,132.3,"aiforia"
"299","PiriformCortex","Iba1_RO1_1B_M-04",1.32400265120133,799.0356,603.5,"aiforia"
"300","PiriformCortex","Iba1_RO1_1B_M-04",1.1093762993763,373.527,336.7,"aiforia"
"301","PiriformCortex","Iba1_RO1_1B_M-04",1.5139805907173,358.8134,237,"aiforia"
"302","PiriformCortex","Iba1_RO1_1B_M-04",1.16928302684422,553.1878,473.1,"aiforia"
"303","PiriformCortex","Iba1_RO1_1B_M-04",1.34484741144414,197.4236,146.8,"aiforia"
"304","PiriformCortex","Iba1_RO1_1B_M-04",1.89322222222222,299.8864,158.4,"aiforia"
"305","PiriformCortex","Iba1_RO1_1B_M-04",1.25150616067028,253.9306,202.9,"aiforia"
"306","PiriformCortex","Iba1_RO1_1B_M-04",1.62638698481562,374.8822,230.5,"aiforia"
"307","PiriformCortex","Iba1_RO1_1B_M-04",1.31612746585736,260.1984,197.7,"aiforia"
"308","PiriformCortex","Iba1_RO1_1B_M-04",1.36222116527943,229.1256,168.2,"aiforia"
"309","PiriformCortex","Iba1_RO1_1B_M-04",1.18555083655084,368.4692,310.8,"aiforia"
"310","PiriformCortex","Iba1_RO1_1B_M-04",1.2583806477409,314.721,250.1,"aiforia"
"311","PiriformCortex","Iba1_RO1_1B_M-04",2.11244897959184,341.583,161.7,"aiforia"
"312","PiriformCortex","Iba1_RO1_1B_M-04",1.47553546910755,257.9236,174.8,"aiforia"
