"","BrainRegion","Image","AP","Areaum","Circumferenceµm","method"
"1","PiriformCortex","Iba1_RO1_1B_G-00",1.78259094397544,696.8148,390.9,"aiforia"
"2","PiriformCortex","Iba1_RO1_1B_G-00",1.30630475663717,472.3598,361.6,"aiforia"
"3","PiriformCortex","Iba1_RO1_1B_G-00",0.934780366056572,112.3606,120.2,"aiforia"
"4","PiriformCortex","Iba1_RO1_1B_G-00",1.16371845425868,295.119,253.6,"aiforia"
"5","PiriformCortex","Iba1_RO1_1B_G-00",1.08699585921325,210.0076,193.2,"aiforia"
"6","PiriformCortex","Iba1_RO1_1B_G-00",1.34961538461538,228.085,169,"aiforia"
"7","PiriformCortex","Iba1_RO1_1B_G-00",1.23373560767591,289.311,234.5,"aiforia"
"8","PiriformCortex","Iba1_RO1_1B_G-00",1.49990470099137,469.0202,312.7,"aiforia"
"9","PiriformCortex","Iba1_RO1_1B_G-00",1.17739098143236,221.9382,188.5,"aiforia"
"10","PiriformCortex","Iba1_RO1_1B_G-00",1.3086078098472,154.154,117.8,"aiforia"
"11","PiriformCortex","Iba1_RO1_1B_G-00",1.36548267008986,212.7422,155.8,"aiforia"
"12","PiriformCortex","Iba1_RO1_1B_G-00",1.40805789473684,160.5186,114,"aiforia"
"13","PiriformCortex","Iba1_RO1_1B_G-00",1.19609352112676,212.3066,177.5,"aiforia"
"14","PiriformCortex","Iba1_RO1_1B_G-00",1.40438653511317,241.9758,172.3,"aiforia"
"15","PiriformCortex","Iba1_RO1_1B_G-00",1.19620921155347,153.2344,128.1,"aiforia"
"16","PiriformCortex","Iba1_RO1_1B_G-00",1.34437089715536,245.751,182.8,"aiforia"
"17","PiriformCortex","Iba1_RO1_1B_G-00",1.30381562881563,213.565,163.8,"aiforia"
"18","PiriformCortex","Iba1_RO1_1B_G-00",2.43417398794143,282.6076,116.1,"aiforia"
"19","PiriformCortex","Iba1_RO1_1B_G-00",1.81545660377358,336.7672,185.5,"aiforia"
"20","PiriformCortex","Iba1_RO1_1B_G-00",1.48996078431373,60.7904,40.8,"aiforia"
"21","PiriformCortex","Iba1_RO1_1B_G-00",2.41299148211244,283.2852,117.4,"aiforia"
"22","PiriformCortex","Iba1_RO1_1B_G-00",1.35958356676004,145.6114,107.1,"aiforia"
"23","PiriformCortex","Iba1_RO1_1B_G-00",0.880042307692308,228.811,260,"aiforia"
"24","PiriformCortex","Iba1_RO1_1B_G-00",1.24473925104022,179.4914,144.2,"aiforia"
"25","PiriformCortex","Iba1_RO1_1B_G-00",0.985637727759914,91.96,93.3,"aiforia"
"26","PiriformCortex","Iba1_RO1_1B_G-00",1.8154971240756,220.946,121.7,"aiforia"
"27","PiriformCortex","Iba1_RO1_1B_G-00",1.26665180327869,193.1644,152.5,"aiforia"
"28","PiriformCortex","Iba1_RO1_1B_G-00",1.30393618339529,420.9106,322.8,"aiforia"
"29","PiriformCortex","Iba1_RO1_1B_G-00",1.26408333333333,166.859,132,"aiforia"
"30","PiriformCortex","Iba1_RO1_1B_G-00",1.10354644808743,282.7286,256.2,"aiforia"
"31","PiriformCortex","Iba1_RO1_1B_G-00",1.39423938223938,397.2188,284.9,"aiforia"
"32","PiriformCortex","Iba1_RO1_1B_G-00",1.40247662634848,429.0176,305.9,"aiforia"
"33","PiriformCortex","Iba1_RO1_1B_G-00",1.22165596330275,319.5852,261.6,"aiforia"
"34","PiriformCortex","Iba1_RO1_1B_G-00",1.09285584218513,144.0384,131.8,"aiforia"
"35","PiriformCortex","Iba1_RO1_1B_G-00",1.30313018597997,182.1776,139.8,"aiforia"
"36","PiriformCortex","Iba1_RO1_1B_G-00",1.04706401766004,94.864,90.6,"aiforia"
"37","PiriformCortex","Iba1_RO1_1B_G-00",1.09183488285608,293.5944,268.9,"aiforia"
"38","PiriformCortex","Iba1_RO1_1B_G-00",1.08072263681592,173.7802,160.8,"aiforia"
"39","PiriformCortex","Iba1_RO1_1B_G-00",1.41573777315297,136.0524,96.1,"aiforia"
"40","PiriformCortex","Iba1_RO1_1B_G-00",1.02435142857143,143.4092,140,"aiforia"
"41","PiriformCortex","Iba1_RO1_1B_G-00",1.21958195211786,264.8932,217.2,"aiforia"
"42","PiriformCortex","Iba1_RO1_1B_G-00",1.26282595870206,214.049,169.5,"aiforia"
"43","PiriformCortex","Iba1_RO1_1B_G-00",1.15220104081074,420.6686,365.1,"aiforia"
"44","PiriformCortex","Iba1_RO1_1B_G-00",1.18109105388904,444.917,376.7,"aiforia"
"45","PiriformCortex","Iba1_RO1_1B_G-00",0.840591101694915,158.7036,188.8,"aiforia"
"46","PiriformCortex","Iba1_RO1_1B_G-00",1.51673405909798,195.052,128.6,"aiforia"
"47","PiriformCortex","Iba1_RO1_1B_G-00",1.02119980459209,209.0396,204.7,"aiforia"
"48","PiriformCortex","Iba1_RO1_1B_G-00",1.27584350918791,215.2348,168.7,"aiforia"
"49","PiriformCortex","Iba1_RO1_1B_G-00",1.12514665057333,186.4368,165.7,"aiforia"
"50","PiriformCortex","Iba1_RO1_1B_G-00",1.1099864498645,163.834,147.6,"aiforia"
"51","PiriformCortex","Iba1_RO1_1B_G-00",1.19292860196665,279.026,233.9,"aiforia"
"52","PiriformCortex","Iba1_RO1_1B_G-00",1.40250827067669,93.2668,66.5,"aiforia"
"53","PiriformCortex","Iba1_RO1_1B_G-00",0.937097122302158,52.1026,55.6,"aiforia"
"54","PiriformCortex","Iba1_RO1_1B_G-00",1.089323875803,406.9714,373.6,"aiforia"
"55","PiriformCortex","Iba1_RO1_1B_G-00",1.16261653116531,171.6022,147.6,"aiforia"
"56","PiriformCortex","Iba1_RO1_1B_G-00",1.42478419452888,93.7508,65.8,"aiforia"
"57","PiriformCortex","Iba1_RO1_1B_G-00",1.16325,174.0222,149.6,"aiforia"
"58","PiriformCortex","Iba1_RO1_1B_G-00",1.16708641975309,207.9748,178.2,"aiforia"
"59","PiriformCortex","Iba1_RO1_1B_G-00",1.22451576182137,279.6794,228.4,"aiforia"
"60","PiriformCortex","Iba1_RO1_1B_G-00",1.26135349092908,229.4402,181.9,"aiforia"
"61","PiriformCortex","Iba1_RO1_1B_G-00",1.18785140155353,351.7228,296.1,"aiforia"
"62","PiriformCortex","Iba1_RO1_1B_G-00",1.43943634116193,116.4504,80.9,"aiforia"
"63","PiriformCortex","Iba1_RO1_1B_G-00",1.21363438632833,234.3528,193.1,"aiforia"
"64","PiriformCortex","Iba1_RO1_1B_G-00",1.18625907859079,218.8648,184.5,"aiforia"
"65","PiriformCortex","Iba1_RO1_1B_G-00",1.16656087408949,224.213,192.2,"aiforia"
"66","PiriformCortex","Iba1_RO1_1B_G-00",1.33926879271071,117.5878,87.8,"aiforia"
"67","PiriformCortex","Iba1_RO1_1B_G-00",1.22200674373796,253.6886,207.6,"aiforia"
"68","PiriformCortex","Iba1_RO1_1B_G-00",1.42097435897436,99.7524,70.2,"aiforia"
"69","PiriformCortex","Iba1_RO1_1B_G-00",1.05878631452581,176.3938,166.6,"aiforia"
"70","PiriformCortex","Iba1_RO1_1B_G-00",2.52984901960784,258.0446,102,"aiforia"
"71","PiriformCortex","Iba1_RO1_1B_G-00",1.31413333333333,238.5152,181.5,"aiforia"
"72","PiriformCortex","Iba1_RO1_1B_G-00",0.978561422413793,181.621,185.6,"aiforia"
"73","PiriformCortex","Iba1_RO1_1B_G-00",1.59126945412311,274.0166,172.2,"aiforia"
"74","PiriformCortex","Iba1_RO1_1B_G-00",1.07002935995302,182.226,170.3,"aiforia"
"75","PiriformCortex","Iba1_RO1_1B_G-00",1.29720289855072,196.9154,151.8,"aiforia"
"76","PiriformCortex","Iba1_RO1_1B_G-00",1.17061942257218,223.003,190.5,"aiforia"
"77","PiriformCortex","Iba1_RO1_1B_G-00",1.29947509578544,203.4978,156.6,"aiforia"
"78","PiriformCortex","Iba1_RO1_1B_G-00",1.18212281488122,263.7316,223.1,"aiforia"
"79","PiriformCortex","Iba1_RO1_1B_G-00",1.15196579330422,316.5602,274.8,"aiforia"
"80","PiriformCortex","Iba1_RO1_1B_G-00",1.33194623655914,272.5162,204.6,"aiforia"
"81","PiriformCortex","Iba1_RO1_1B_G-00",1.3600914893617,255.6972,188,"aiforia"
"82","PiriformCortex","Iba1_RO1_1B_G-00",1.1555587808418,159.236,137.8,"aiforia"
"83","PiriformCortex","Iba1_RO1_1B_G-00",0.950578177727784,169.0128,177.8,"aiforia"
"84","PiriformCortex","Iba1_RO1_1B_G-00",1.19091236162362,258.1898,216.8,"aiforia"
"85","PiriformCortex","Iba1_RO1_1B_G-00",1.32783924983255,198.2464,149.3,"aiforia"
"86","PiriformCortex","Iba1_RO1_1B_G-00",1.21121942281264,264.4092,218.3,"aiforia"
"87","PiriformCortex","Iba1_RO1_1B_G-00",1.2031281657713,156.7676,130.3,"aiforia"
"88","PiriformCortex","Iba1_RO1_1B_G-00",1.27080149501661,306.009,240.8,"aiforia"
"89","PiriformCortex","Iba1_RO1_1B_G-00",1.21089879294336,130.4138,107.7,"aiforia"
"90","PiriformCortex","Iba1_RO1_1B_G-00",1.32462225475842,180.9434,136.6,"aiforia"
"91","PiriformCortex","Iba1_RO1_1B_G-00",1.29338756613757,195.5602,151.2,"aiforia"
"92","PiriformCortex","Iba1_RO1_1B_G-00",1.13501896243292,317.2378,279.5,"aiforia"
"93","PiriformCortex","Iba1_RO1_1B_G-00",1.26483948497854,147.3538,116.5,"aiforia"
"94","PiriformCortex","Iba1_RO1_1B_G-00",1.04178901734104,216.2754,207.6,"aiforia"
"95","PiriformCortex","Iba1_RO1_1B_G-00",1.47734729878721,133.9954,90.7,"aiforia"
"96","PiriformCortex","Iba1_RO1_1B_G-00",1.14398546895641,173.1994,151.4,"aiforia"
"97","PiriformCortex","Iba1_RO1_1B_G-00",1.19246091205212,146.4342,122.8,"aiforia"
"98","PiriformCortex","Iba1_RO1_1B_G-00",1.17099342105263,142.3928,121.6,"aiforia"
"99","PiriformCortex","Iba1_RO1_1B_G-00",1.31057431192661,285.7052,218,"aiforia"
"100","PiriformCortex","Iba1_RO1_1B_G-00",1.29444791666667,124.267,96,"aiforia"
"101","PiriformCortex","Iba1_RO1_1B_G-00",1.16950972762646,180.3384,154.2,"aiforia"
"102","PiriformCortex","Iba1_RO1_1B_G-00",1.46895917123705,241.0562,164.1,"aiforia"
"103","PiriformCortex","Iba1_RO1_1B_G-00",1.65765379719983,390.709,235.7,"aiforia"
"104","PiriformCortex","Iba1_RO1_1B_G-00",1.27426093630084,166.0362,130.3,"aiforia"
"105","PiriformCortex","Iba1_RO1_1B_G-00",0.915064995051138,554.7124,606.2,"aiforia"
"106","PiriformCortex","Iba1_RO1_1B_G-00",1.24620472440945,364.0164,292.1,"aiforia"
"107","PiriformCortex","Iba1_RO1_1B_G-00",1.265181897302,290.7388,229.8,"aiforia"
"108","PiriformCortex","Iba1_RO1_1B_G-00",1.13254458598726,355.619,314,"aiforia"
"109","PiriformCortex","Iba1_RO1_1B_G-00",1.07193534635879,301.7498,281.5,"aiforia"
"110","PiriformCortex","Iba1_RO1_1B_G-00",1.24610378378378,230.5292,185,"aiforia"
"111","PiriformCortex","Iba1_RO1_1B_G-00",1.20458785942492,263.9252,219.1,"aiforia"
"112","PiriformCortex","Iba1_RO1_1B_G-00",1.05589108910891,469.238,444.4,"aiforia"
"113","PiriformCortex","Iba1_RO1_1B_G-00",1.2036845688351,318.2542,264.4,"aiforia"
"114","PiriformCortex","Iba1_RO1_1B_G-00",1.03912328767123,333.7664,321.2,"aiforia"
"115","PiriformCortex","Iba1_RO1_1B_G-00",1.26632166508988,133.8502,105.7,"aiforia"
"116","PiriformCortex","Iba1_RO1_1B_G-00",1.40320255474453,307.582,219.2,"aiforia"
"117","PiriformCortex","Iba1_RO1_1B_G-00",1.20192256341789,180.048,149.8,"aiforia"
"118","PiriformCortex","Iba1_RO1_1B_G-00",1.32143187347932,217.2434,164.4,"aiforia"
"119","PiriformCortex","Iba1_RO1_1B_G-00",1.10896192893401,87.3862,78.8,"aiforia"
"120","PiriformCortex","Iba1_RO1_1B_G-00",1.0558795620438,231.4488,219.2,"aiforia"
"121","PiriformCortex","Iba1_RO1_1B_G-00",1.23607040762308,466.9874,377.8,"aiforia"
"122","PiriformCortex","Iba1_RO1_1B_G-00",1.33051792828685,133.584,100.4,"aiforia"
"123","PiriformCortex","Iba1_RO1_1B_G-00",1.19648548026806,160.688,134.3,"aiforia"
"124","PiriformCortex","Iba1_RO1_1B_G-00",1.14924123182207,268.6926,233.8,"aiforia"
"125","PiriformCortex","Iba1_RO1_1B_G-00",1.21529028978139,239.0476,196.7,"aiforia"
"126","PiriformCortex","Iba1_RO1_1B_G-00",1.17371251292658,113.498,96.7,"aiforia"
"127","PiriformCortex","Iba1_RO1_1B_G-00",1.28665536073584,447.6274,347.9,"aiforia"
"128","PiriformCortex","Iba1_RO1_1B_G-00",1.43108797501301,274.912,192.1,"aiforia"
"129","PiriformCortex","Iba1_RO1_1B_G-00",1.36713758389262,162.9628,119.2,"aiforia"
"130","PiriformCortex","Iba1_RO1_1B_G-00",1.38879758551308,345.1162,248.5,"aiforia"
"131","PiriformCortex","Iba1_RO1_1B_G-00",1.08373913043478,289.1416,266.8,"aiforia"
"132","PiriformCortex","Iba1_RO1_1B_G-00",1.01840032414911,125.6706,123.4,"aiforia"
"133","PiriformCortex","Iba1_RO1_1B_G-00",1.19668048606147,167.4156,139.9,"aiforia"
"134","PiriformCortex","Iba1_RO1_1B_G-00",1.27286265906099,290.0854,227.9,"aiforia"
"135","PiriformCortex","Iba1_RO1_1B_G-00",1.10966373239437,378.1734,340.8,"aiforia"
"136","PiriformCortex","Iba1_RO1_1B_G-00",1.75969529085873,254.1,144.4,"aiforia"
"137","PiriformCortex","Iba1_RO1_1B_G-00",1.68522279792746,357.7728,212.3,"aiforia"
"138","PiriformCortex","Iba1_RO1_1B_G-00",1.55422803738318,83.1512,53.5,"aiforia"
"139","PiriformCortex","Iba1_RO1_1B_G-00",1.02099270072993,307.7272,301.4,"aiforia"
"140","PiriformCortex","Iba1_RO1_1B_G-00",1.15726205641492,254.3662,219.8,"aiforia"
"141","PiriformCortex","Iba1_RO1_1B_G-00",1.9389156626506,225.302,116.2,"aiforia"
"142","PiriformCortex","Iba1_RO1_1B_G-00",1.13768716289105,316.3908,278.1,"aiforia"
"143","PiriformCortex","Iba1_RO1_1B_G-00",1.11827419354839,249.5988,223.2,"aiforia"
"144","PiriformCortex","Iba1_RO1_1B_G-00",1.60172661870504,200.376,125.1,"aiforia"
"145","PiriformCortex","Iba1_RO1_1B_G-00",1.2117881773399,245.993,203,"aiforia"
"146","PiriformCortex","Iba1_RO1_1B_G-00",1.14450940665702,158.1712,138.2,"aiforia"
"147","PiriformCortex","Iba1_RO1_1B_G-00",1.33382857142857,102.7048,77,"aiforia"
"148","PiriformCortex","Iba1_RO1_1B_G-00",1.05325823846615,175.7888,166.9,"aiforia"
"149","PiriformCortex","Iba1_RO1_1B_G-00",0.903768027801911,208.0474,230.2,"aiforia"
"150","PiriformCortex","Iba1_RO1_1B_G-00",1.13594893617021,293.6428,258.5,"aiforia"
"151","PiriformCortex","Iba1_RO1_1B_G-00",1.2929900990099,143.6512,111.1,"aiforia"
"152","PiriformCortex","Iba1_RO1_1B_G-00",0.995585492227979,249.7924,250.9,"aiforia"
"153","PiriformCortex","Iba1_RO1_1B_G-00",1.2680985915493,198.077,156.2,"aiforia"
"154","PiriformCortex","Iba1_RO1_1B_G-00",1.2345242881072,147.4022,119.4,"aiforia"
"155","PiriformCortex","Iba1_RO1_1B_G-00",0.974084971098266,337.0334,346,"aiforia"
"156","PiriformCortex","Iba1_RO1_1B_G-00",1.17296797153025,197.7624,168.6,"aiforia"
"157","PiriformCortex","Iba1_RO1_1B_G-00",1.88770062370062,181.5968,96.2,"aiforia"
"158","PiriformCortex","Iba1_RO1_1B_G-00",1.15241930116473,207.7812,180.3,"aiforia"
"159","PiriformCortex","Iba1_RO1_1B_G-00",1.01456889304064,217.2192,214.1,"aiforia"
"160","PiriformCortex","Iba1_RO1_1B_G-00",1.31571924119241,242.7502,184.5,"aiforia"
"161","PiriformCortex","Iba1_RO1_1B_G-00",1.16228722109533,286.5038,246.5,"aiforia"
"162","PiriformCortex","Iba1_RO1_1B_G-00",1.6628418945964,498.52,299.8,"aiforia"
"163","PiriformCortex","Iba1_RO1_1B_G-00",1.04307481125601,303.952,291.4,"aiforia"
"164","PiriformCortex","Iba1_RO1_1B_G-00",1.10541655830082,255.0196,230.7,"aiforia"
"165","PiriformCortex","Iba1_RO1_1B_G-00",0.910436893203883,150.04,164.8,"aiforia"
"166","PiriformCortex","Iba1_RO1_1B_G-00",1.11202073613271,214.5088,192.9,"aiforia"
"167","PiriformCortex","Iba1_RO1_1B_G-00",1.06394487632509,150.5482,141.5,"aiforia"
"168","PiriformCortex","Iba1_RO1_1B_G-00",1.3569342019544,208.2894,153.5,"aiforia"
"169","PiriformCortex","Iba1_RO1_1B_G-00",1.09033783783784,177.507,162.8,"aiforia"
"170","PiriformCortex","Iba1_RO1_1B_G-00",1.38400798934754,207.878,150.2,"aiforia"
"171","PiriformCortex","Iba1_RO1_1B_G-00",1.2052746157042,290.1096,240.7,"aiforia"
"172","PiriformCortex","Iba1_RO1_1B_G-00",1.52767478604345,232.0538,151.9,"aiforia"
"173","PiriformCortex","Iba1_RO1_1B_G-00",1.49437354085603,230.4324,154.2,"aiforia"
"174","PiriformCortex","Iba1_RO1_1B_G-00",1.49363440860215,263.9252,176.7,"aiforia"
"175","PiriformCortex","Iba1_RO1_1B_G-00",2.02821447162936,389.62,192.1,"aiforia"
"176","PiriformCortex","Iba1_RO1_1B_G-00",1.92624193548387,167.1978,86.8,"aiforia"
"177","PiriformCortex","Iba1_RO1_1B_G-00",2.00344968833482,449.9748,224.6,"aiforia"
"178","PiriformCortex","Iba1_RO1_1B_G-00",1.0854243498818,183.6538,169.2,"aiforia"
"179","PiriformCortex","Iba1_RO1_1B_G-00",1.10117159763314,186.098,169,"aiforia"
"180","PiriformCortex","Iba1_RO1_1B_G-00",1.54630882352941,252.3576,163.2,"aiforia"
"181","PiriformCortex","Iba1_RO1_1B_G-00",1.18177955271565,221.9382,187.8,"aiforia"
"182","PiriformCortex","Iba1_RO1_1B_G-00",1.59796825396825,261.7472,163.8,"aiforia"
"183","PiriformCortex","Iba1_RO1_1B_G-00",0.955325213154689,78.4322,82.1,"aiforia"
"184","PiriformCortex","Iba1_RO1_1B_G-00",1.13200228180262,198.44,175.3,"aiforia"
"185","PiriformCortex","Iba1_RO1_1B_G-00",1.49345043731778,409.8028,274.4,"aiforia"
"186","PiriformCortex","Iba1_RO1_1B_G-00",1.25128059332509,202.4572,161.8,"aiforia"
"187","PiriformCortex","Iba1_RO1_1B_G-00",1.01488627132413,249.865,246.2,"aiforia"
"188","PiriformCortex","Iba1_RO1_1B_G-00",1.07995824175824,98.2762,91,"aiforia"
"189","PiriformCortex","Iba1_RO1_1B_G-00",1.94184188292094,321.7632,165.7,"aiforia"
"190","PiriformCortex","Iba1_RO1_1B_G-00",1.40017635658915,144.4982,103.2,"aiforia"
"191","PiriformCortex","Iba1_RO1_1B_G-00",1.17772667217176,285.2454,242.2,"aiforia"
"192","PiriformCortex","Iba1_RO1_1B_G-00",1.43056884292178,221.309,154.7,"aiforia"
"193","PiriformCortex","Iba1_RO1_1B_G-00",1.28801081081081,262.1102,203.5,"aiforia"
"194","PiriformCortex","Iba1_RO1_1B_G-00",2.8764894026975,149.2898,51.9,"aiforia"
"195","PiriformCortex","Iba1_RO1_1B_G-00",1.1046875664187,207.9022,188.2,"aiforia"
"196","PiriformCortex","Iba1_RO1_1B_G-00",1.23310056151097,241.5644,195.9,"aiforia"
"197","PiriformCortex","Iba1_RO1_1B_G-00",1.05847274481428,219.4214,207.3,"aiforia"
"198","PiriformCortex","Iba1_RO1_1B_G-00",1.64569157994324,173.9496,105.7,"aiforia"
"199","PiriformCortex","Iba1_RO1_1B_G-00",1.25800625782228,201.0294,159.8,"aiforia"
"200","PiriformCortex","Iba1_RO1_1B_G-00",1.02235210355987,157.9534,154.5,"aiforia"
"201","PiriformCortex","Iba1_RO1_1B_G-00",1.00999515269026,208.362,206.3,"aiforia"
"202","PiriformCortex","Iba1_RO1_1B_G-00",1.17178142766898,185.493,158.3,"aiforia"
"203","PiriformCortex","Iba1_RO1_1B_G-00",1.23749293966624,192.8014,155.8,"aiforia"
"204","PiriformCortex","Iba1_RO1_1B_G-00",1.1965252069225,159.0182,132.9,"aiforia"
"205","PiriformCortex","Iba1_RO1_1B_G-00",0.986527871054399,146.894,148.9,"aiforia"
"206","PiriformCortex","Iba1_RO1_1B_G-00",1.65708139059305,405.1564,244.5,"aiforia"
"207","PiriformCortex","Iba1_RO1_1B_G-00",1.30960678925035,277.7676,212.1,"aiforia"
"208","PiriformCortex","Iba1_RO1_1B_G-00",1.53513380666303,281.083,183.1,"aiforia"
"209","PiriformCortex","Iba1_RO1_1B_G-00",1.77415978456014,197.6414,111.4,"aiforia"
"210","PiriformCortex","Iba1_RO1_1B_G-00",1.08626177370031,177.6038,163.5,"aiforia"
"211","PiriformCortex","Iba1_RO1_1B_G-00",1.75501333333333,144.7886,82.5,"aiforia"
"212","PiriformCortex","Iba1_RO1_1B_G-00",1.4477636761488,198.4884,137.1,"aiforia"
"213","PiriformCortex","Iba1_RO1_1B_G-00",1.38713402061856,215.2832,155.2,"aiforia"
"214","PiriformCortex","Iba1_RO1_1B_G-00",0.922841352405722,141.933,153.8,"aiforia"
"215","PiriformCortex","Iba1_RO1_1B_G-00",1.29541811691209,290.3032,224.1,"aiforia"
"216","PiriformCortex","Iba1_RO1_1B_G-00",1.17250915864638,377.6652,322.1,"aiforia"
"217","PiriformCortex","Iba1_RO1_1B_G-00",1.19075771749298,254.584,213.8,"aiforia"
"218","PiriformCortex","Iba1_RO1_1B_G-00",1.13690612244898,139.271,122.5,"aiforia"
"219","PiriformCortex","Iba1_RO1_1B_G-00",1.12551930654058,142.8284,126.9,"aiforia"
"220","PiriformCortex","Iba1_RO1_1B_G-00",0.999817785051828,183.2666,183.3,"aiforia"
"221","PiriformCortex","Iba1_RO1_1B_G-00",1.17773333333333,256.157,217.5,"aiforia"
"222","PiriformCortex","Iba1_RO1_1B_G-00",1.02474932614555,114.0546,111.3,"aiforia"
"223","PiriformCortex","Iba1_RO1_1B_G-00",1.25940350877193,157.9292,125.4,"aiforia"
"224","PiriformCortex","Iba1_RO1_1B_G-00",1.23046766169154,74.1972,60.3,"aiforia"
"225","PiriformCortex","Iba1_RO1_1B_G-00",1.18035906040268,140.6988,119.2,"aiforia"
"226","PiriformCortex","Iba1_RO1_1B_G-00",1.21771551195586,198.6094,163.1,"aiforia"
"227","PiriformCortex","Iba1_RO1_1B_G-00",1.40058546712803,202.3846,144.5,"aiforia"
"228","PiriformCortex","Iba1_RO1_1B_G-00",1.1079225251076,154.4444,139.4,"aiforia"
"229","PiriformCortex","Iba1_RO1_1B_G-00",1.0417,91.6696,88,"aiforia"
"230","PiriformCortex","Iba1_RO1_1B_G-00",1.14362621359223,141.3522,123.6,"aiforia"
"231","PiriformCortex","Iba1_RO1_1B_G-00",1.97026164874552,329.8218,167.4,"aiforia"
"232","PiriformCortex","Iba1_RO1_1B_G-00",1.30121538461538,135.3264,104,"aiforia"
"233","PiriformCortex","Iba1_RO1_1B_G-00",1.8302669447341,175.5226,95.9,"aiforia"
"234","PiriformCortex","Iba1_RO1_1B_G-00",1.05836569872958,233.2638,220.4,"aiforia"
"235","PiriformCortex","Iba1_RO1_1B_G-00",1.06143541568812,225.9796,212.9,"aiforia"
"236","PiriformCortex","Iba1_RO1_1B_G-00",1.23194133333333,184.7912,150,"aiforia"
"237","PiriformCortex","Iba1_RO1_1B_G-00",1.12580840336134,133.9712,119,"aiforia"
"238","PiriformCortex","Iba1_RO1_1B_G-00",1.20199712437096,167.1978,139.1,"aiforia"
"239","PiriformCortex","Iba1_RO1_1B_G-00",1.19941758769822,249.5988,208.1,"aiforia"
"240","PiriformCortex","Iba1_RO1_1B_G-00",1.81947201689546,172.304,94.7,"aiforia"
"241","PiriformCortex","Iba1_RO1_1B_G-00",1.1977934347478,149.6044,124.9,"aiforia"
"242","PiriformCortex","Iba1_RO1_1B_G-00",1.00985273972603,235.9016,233.6,"aiforia"
"243","PiriformCortex","Iba1_RO1_1B_G-00",1.31357046281851,252.5996,192.3,"aiforia"
"244","PiriformCortex","Iba1_RO1_1B_G-00",1.23288616462347,211.1934,171.3,"aiforia"
"245","PiriformCortex","Iba1_RO1_1B_G-00",1.67157226182761,257.9236,154.3,"aiforia"
"246","PiriformCortex","Iba1_RO1_1B_G-00",1.62550943396226,172.304,106,"aiforia"
"247","PiriformCortex","Iba1_RO1_1B_G-00",1.5422,84.821,55,"aiforia"
"248","PiriformCortex","Iba1_RO1_1B_G-00",1.19631968810916,184.1136,153.9,"aiforia"
"249","PiriformCortex","Iba1_RO1_1B_G-00",1.08639651639344,212.0646,195.2,"aiforia"
"250","PiriformCortex","Iba1_RO1_1B_G-00",1.43152974910394,199.6984,139.5,"aiforia"
"251","PiriformCortex","Iba1_RO1_1B_G-00",1.09877714873906,213.4924,194.3,"aiforia"
"252","PiriformCortex","Iba1_RO1_1B_G-00",1.24957046979866,204.8046,163.9,"aiforia"
"253","PiriformCortex","Iba1_RO1_1B_G-00",1.28891304347826,177.87,138,"aiforia"
"254","PiriformCortex","Iba1_RO1_1B_G-00",1.00051875,224.1162,224,"aiforia"
"255","PiriformCortex","Iba1_RO1_1B_G-00",1.87812721712538,307.0738,163.5,"aiforia"
"256","PiriformCortex","Iba1_RO1_1B_G-00",1.52216175462646,222.0834,145.9,"aiforia"
"257","PiriformCortex","Iba1_RO1_1B_G-00",1.03793456924755,190.3572,183.4,"aiforia"
"258","PiriformCortex","Iba1_RO1_1B_G-00",1.18282112309409,318.0606,268.9,"aiforia"
"259","PiriformCortex","Iba1_RO1_1B_G-00",1.41376964980545,181.6694,128.5,"aiforia"
"260","PiriformCortex","Iba1_RO1_1B_G-00",1.16050277078086,230.3598,198.5,"aiforia"
"261","PiriformCortex","Iba1_RO1_1B_G-00",1.05613134328358,106.1412,100.5,"aiforia"
"262","PiriformCortex","Iba1_RO1_1B_G-00",1.16091214470284,179.7092,154.8,"aiforia"
"263","PiriformCortex","Iba1_RO1_1B_G-00",1.16419178082192,186.9692,160.6,"aiforia"
"264","PiriformCortex","Iba1_RO1_1B_G-00",1.087109375,139.15,128,"aiforia"
"265","PiriformCortex","Iba1_RO1_1B_G-00",1.62599612403101,167.8028,103.2,"aiforia"
"266","PiriformCortex","Iba1_RO1_1B_G-00",2.3279509202454,265.6192,114.1,"aiforia"
"267","PiriformCortex","Iba1_RO1_1B_G-00",1.35205006257822,108.0288,79.9,"aiforia"
"268","PiriformCortex","Iba1_RO1_1B_G-00",1.47593587994543,216.3722,146.6,"aiforia"
"269","PiriformCortex","Iba1_RO1_1B_G-00",1.18039151712887,144.716,122.6,"aiforia"
"270","PiriformCortex","Iba1_RO1_1B_G-00",1.11130505709625,272.492,245.2,"aiforia"
"271","PiriformCortex","Iba1_RO1_1B_G-00",1.14905882352941,236.3614,205.7,"aiforia"
"272","PiriformCortex","Iba1_RO1_1B_G-00",1.53066873065015,247.203,161.5,"aiforia"
"273","PiriformCortex","Iba1_RO1_1B_G-00",1.1795730994152,161.3656,136.8,"aiforia"
"274","PiriformCortex","Iba1_RO1_1B_G-00",1.27079802955665,128.986,101.5,"aiforia"
"275","PiriformCortex","Iba1_RO1_1B_G-00",1.43459955752212,129.6878,90.4,"aiforia"
"276","PiriformCortex","Iba1_RO1_1B_G-00",1.12658469135802,228.1334,202.5,"aiforia"
"277","PiriformCortex","Iba1_RO1_1B_G-00",1.21209577177789,237.9344,196.3,"aiforia"
"278","PiriformCortex","Iba1_RO1_1B_G-00",1.06000733496333,173.4172,163.6,"aiforia"
"279","PiriformCortex","Iba1_RO1_1B_G-00",1.54235092348285,233.8204,151.6,"aiforia"
"280","PiriformCortex","Iba1_RO1_1B_G-00",1.5132875739645,255.7456,169,"aiforia"
"281","PiriformCortex","Iba1_RO1_1B_G-00",1.07295422369042,227.359,211.9,"aiforia"
"282","PiriformCortex","Iba1_RO1_1B_G-00",1.13913930789707,128.381,112.7,"aiforia"
"283","PiriformCortex","Iba1_RO1_1B_G-00",1.29408191440405,281.204,217.3,"aiforia"
"284","PiriformCortex","Iba1_RO1_1B_G-00",1.48526930320151,157.7356,106.2,"aiforia"
"285","PiriformCortex","Iba1_RO1_1B_G-00",1.27625176056338,289.9644,227.2,"aiforia"
"286","PiriformCortex","Iba1_RO1_1B_G-00",1.07190832553789,114.587,106.9,"aiforia"
"287","PiriformCortex","Iba1_RO1_1B_G-00",1.61407154742097,194.0114,120.2,"aiforia"
"288","PiriformCortex","Iba1_RO1_1B_G-00",1.79130608365019,376.8908,210.4,"aiforia"
"289","PiriformCortex","Iba1_RO1_1B_G-00",1.6327133126935,263.6832,161.5,"aiforia"
"290","PiriformCortex","Iba1_RO1_1B_G-00",1.80069115958668,156.8402,87.1,"aiforia"
"291","PiriformCortex","Iba1_RO1_1B_G-00",1.42988344370861,215.9124,151,"aiforia"
"292","PiriformCortex","Iba1_RO1_1B_G-00",1.32264488286067,214.533,162.2,"aiforia"
"293","PiriformCortex","Iba1_RO1_1B_G-00",1.28322509225092,347.754,271,"aiforia"
"294","PiriformCortex","Iba1_RO1_1B_G-00",1.47615104517869,218.9132,148.3,"aiforia"
"295","PiriformCortex","Iba1_RO1_1B_G-00",1.29593708408953,214.2184,165.3,"aiforia"
"296","PiriformCortex","Iba1_RO1_1B_G-00",1.03317166560306,161.898,156.7,"aiforia"
"297","PiriformCortex","Iba1_RO1_1B_G-00",1.23294189602446,362.8548,294.3,"aiforia"
"298","PiriformCortex","Iba1_RO1_1B_G-00",1.10589494680851,166.3266,150.4,"aiforia"
"299","PiriformCortex","Iba1_RO1_1B_G-00",0.980747751605996,229.0046,233.5,"aiforia"
"300","PiriformCortex","Iba1_RO1_1B_G-00",1.40778364389234,271.9838,193.2,"aiforia"
"301","PiriformCortex","Iba1_RO1_1B_G-00",1.53044648318043,250.228,163.5,"aiforia"
"302","PiriformCortex","Iba1_RO1_1B_G-00",1.20843503821282,205.5548,170.1,"aiforia"
"303","PiriformCortex","Iba1_RO1_1B_G-00",1.25860573857598,118.4348,94.1,"aiforia"
"304","PiriformCortex","Iba1_RO1_1B_G-00",1.03771574251115,162.8176,156.9,"aiforia"
"305","PiriformCortex","Iba1_RO1_1B_G-00",1.24213046815042,323.6992,260.6,"aiforia"
"306","PiriformCortex","Iba1_RO1_1B_G-00",1.61057886178862,297.1518,184.5,"aiforia"
"307","PiriformCortex","Iba1_RO1_1B_G-00",1.14819313850064,180.7256,157.4,"aiforia"
"308","PiriformCortex","Iba1_RO1_1B_G-00",1.26571368773545,302.379,238.9,"aiforia"
"309","PiriformCortex","Iba1_RO1_1B_G-00",1.11112782874618,181.6694,163.5,"aiforia"
"310","PiriformCortex","Iba1_RO1_1B_G-00",1.12550989494258,460.6712,409.3,"aiforia"
"311","PiriformCortex","Iba1_RO1_1B_G-00",1.17630379746835,297.3696,252.8,"aiforia"
"312","PiriformCortex","Iba1_RO1_1B_G-00",1.10777245508982,203.4978,183.7,"aiforia"
"313","PiriformCortex","Iba1_RO1_1B_G-00",1.24897826086957,252.7932,202.4,"aiforia"
"314","PiriformCortex","Iba1_RO1_1B_G-00",1.49300680272109,241.4192,161.7,"aiforia"
"315","PiriformCortex","Iba1_RO1_1B_G-00",1.11162757527734,280.5748,252.4,"aiforia"
"316","PiriformCortex","Iba1_RO1_1B_G-00",1.22934094488189,312.2526,254,"aiforia"
"317","PiriformCortex","Iba1_RO1_1B_G-00",1.95288742593812,296.6436,151.9,"aiforia"
"318","PiriformCortex","Iba1_RO1_1B_G-00",1.18045714285714,181.7904,154,"aiforia"
"319","PiriformCortex","Iba1_RO1_1B_G-00",1.18257221838286,171.1182,144.7,"aiforia"
"320","PiriformCortex","Iba1_RO1_1B_G-00",1.78475,368.3724,206.4,"aiforia"
