"","BrainRegion","Image","AP","Areaum","Circumferenceµm","method"
"1","PiriformCortex","Iba1_RO1_1B_F-04",1.10690700314895,710.8,642.1497,"MATLAB"
"2","PiriformCortex","Iba1_RO1_1B_F-04",0.414403223285202,179.21,432.4532,"MATLAB"
"3","PiriformCortex","Iba1_RO1_1B_F-04",1.37368648332529,404.95,294.7907,"MATLAB"
"4","PiriformCortex","Iba1_RO1_1B_F-04",0.849404069976626,360.02,423.8501,"MATLAB"
"5","PiriformCortex","Iba1_RO1_1B_F-04",1.28481903372822,363.81,283.1605,"MATLAB"
"6","PiriformCortex","Iba1_RO1_1B_F-04",1.0443477853933,412.85,395.3185,"MATLAB"
"7","PiriformCortex","Iba1_RO1_1B_F-04",0.76326074106205,538.44,705.447,"MATLAB"
"8","PiriformCortex","Iba1_RO1_1B_F-04",1.22037554762299,652.81,534.9255,"MATLAB"
"9","PiriformCortex","Iba1_RO1_1B_F-04",0.970453646245471,298.26,307.3408,"MATLAB"
"10","PiriformCortex","Iba1_RO1_1B_F-04",0.817498458016828,247.85,303.181,"MATLAB"
"11","PiriformCortex","Iba1_RO1_1B_F-04",0.856439898824717,625.32,730.1388,"MATLAB"
"12","PiriformCortex","Iba1_RO1_1B_F-04",0.986940139766849,433.82,439.5606,"MATLAB"
"13","PiriformCortex","Iba1_RO1_1B_F-04",0.886196829970888,348.37,393.1068,"MATLAB"
"14","PiriformCortex","Iba1_RO1_1B_F-04",1.02055569732054,402.34,394.2362,"MATLAB"
"15","PiriformCortex","Iba1_RO1_1B_F-04",1.01305170965797,247.16,243.9757,"MATLAB"
"16","PiriformCortex","Iba1_RO1_1B_F-04",0.761643791748412,352,462.1583,"MATLAB"
"17","PiriformCortex","Iba1_RO1_1B_F-04",0.438690817063991,140.34,319.9064,"MATLAB"
"18","PiriformCortex","Iba1_RO1_1B_F-04",0.863229207279372,350.71,406.2768,"MATLAB"
"19","PiriformCortex","Iba1_RO1_1B_F-04",0.798178472481223,297.69,372.9617,"MATLAB"
"20","PiriformCortex","Iba1_RO1_1B_F-04",1.01742061764829,191.44,188.1621,"MATLAB"
"21","PiriformCortex","Iba1_RO1_1B_F-04",0.862978356344978,155.27,179.9234,"MATLAB"
"22","PiriformCortex","Iba1_RO1_1B_F-04",0.818880703624386,226.02,276.0109,"MATLAB"
"23","PiriformCortex","Iba1_RO1_1B_F-04",0.981526682144446,230.62,234.9605,"MATLAB"
"24","PiriformCortex","Iba1_RO1_1B_F-04",0.723540770859842,201.47,278.4501,"MATLAB"
"25","PiriformCortex","Iba1_RO1_1B_F-04",0.703753556314173,149.48,212.4039,"MATLAB"
"26","PiriformCortex","Iba1_RO1_1B_F-04",0.775054819896335,170.33,219.7651,"MATLAB"
"27","PiriformCortex","Iba1_RO1_1B_F-04",0.919558916284846,178.74,194.3758,"MATLAB"
"28","PiriformCortex","Iba1_RO1_1B_F-04",1.02413269131141,147.67,144.1903,"MATLAB"
"29","PiriformCortex","Iba1_RO1_1B_F-04",0.661992898120911,153.84,232.3892,"MATLAB"
"30","PiriformCortex","Iba1_RO1_1B_F-04",0.935991188107214,206.15,220.2478,"MATLAB"
"31","PiriformCortex","Iba1_RO1_1B_F-04",1.03253885718792,278.9,270.1109,"MATLAB"
"32","PiriformCortex","Iba1_RO1_1B_F-04",0.754868001032622,183.34,242.8769,"MATLAB"
"33","PiriformCortex","Iba1_RO1_1B_F-04",0.980633899553481,215.95,220.2147,"MATLAB"
"34","PiriformCortex","Iba1_RO1_1B_F-04",0.886114604686986,289.01,326.1542,"MATLAB"
"35","PiriformCortex","Iba1_RO1_1B_F-04",0.865014224904513,212.5,245.6607,"MATLAB"
"36","PiriformCortex","Iba1_RO1_1B_F-04",0.827633301867429,168.95,204.1363,"MATLAB"
"37","PiriformCortex","Iba1_RO1_1B_F-04",0.444052615238715,120.43,271.2066,"MATLAB"
"38","PiriformCortex","Iba1_RO1_1B_F-04",1.38607752508578,307.32,221.7192,"MATLAB"
"39","PiriformCortex","Iba1_RO1_1B_F-04",1.07978414548778,126.64,117.2827,"MATLAB"
"40","PiriformCortex","Iba1_RO1_1B_F-04",0.853911063111018,279.26,327.0364,"MATLAB"
"41","PiriformCortex","Iba1_RO1_1B_F-04",0.713789813431762,265.36,371.7621,"MATLAB"
"42","PiriformCortex","Iba1_RO1_1B_F-04",0.724594264797878,194.71,268.7159,"MATLAB"
"43","PiriformCortex","Iba1_RO1_1B_F-04",0.764112455621723,198.59,259.8963,"MATLAB"
"44","PiriformCortex","Iba1_RO1_1B_F-04",0.764010909139448,234.67,307.1553,"MATLAB"
"45","PiriformCortex","Iba1_RO1_1B_F-04",0.774410002007284,135.03,174.365,"MATLAB"
"46","PiriformCortex","Iba1_RO1_1B_F-04",0.770410408000468,272.64,353.8893,"MATLAB"
"47","PiriformCortex","Iba1_RO1_1B_F-04",0.329951941637712,99.14,300.468,"MATLAB"
"48","PiriformCortex","Iba1_RO1_1B_F-04",0.614659124332643,165.51,269.2712,"MATLAB"
"49","PiriformCortex","Iba1_RO1_1B_F-04",0.944644101947667,153.4,162.3892,"MATLAB"
"50","PiriformCortex","Iba1_RO1_1B_F-04",0.939289383833983,245.09,260.9313,"MATLAB"
"51","PiriformCortex","Iba1_RO1_1B_F-04",0.819306038745698,199.4,243.3767,"MATLAB"
"52","PiriformCortex","Iba1_RO1_1B_F-04",0.900613777804246,193.57,214.9312,"MATLAB"
"53","PiriformCortex","Iba1_RO1_1B_F-04",0.761517335573668,139.5,183.1869,"MATLAB"
"54","PiriformCortex","Iba1_RO1_1B_F-04",0.861420070297613,117.76,136.7045,"MATLAB"
"55","PiriformCortex","Iba1_RO1_1B_F-04",0.835933272417848,272.81,326.3538,"MATLAB"
"56","PiriformCortex","Iba1_RO1_1B_F-04",1.04808087734018,133.29,127.1753,"MATLAB"
"57","PiriformCortex","Iba1_RO1_1B_F-04",1.02750709190746,173.97,169.3127,"MATLAB"
