"","BrainRegion","Image","AP","Areaum","Circumferenceµm","method"
"1","PiriformCortex","Iba1_RO1_1B_A-01",1.43531034482759,199.7952,139.2,"aiforia"
"2","PiriformCortex","Iba1_RO1_1B_A-01",1.04973687119956,189.8974,180.9,"aiforia"
"3","PiriformCortex","Iba1_RO1_1B_A-01",1.34733333333333,195.6328,145.2,"aiforia"
"4","PiriformCortex","Iba1_RO1_1B_A-01",1.58723261931605,422.3626,266.1,"aiforia"
"5","PiriformCortex","Iba1_RO1_1B_A-01",1.18870544369873,159.4054,134.1,"aiforia"
"6","PiriformCortex","Iba1_RO1_1B_A-01",1.25008312655087,201.5134,161.2,"aiforia"
"7","PiriformCortex","Iba1_RO1_1B_A-01",1.26533829365079,255.0922,201.6,"aiforia"
"8","PiriformCortex","Iba1_RO1_1B_A-01",1.13898103266596,216.1786,189.8,"aiforia"
"9","PiriformCortex","Iba1_RO1_1B_A-01",1.19363859864782,194.205,162.7,"aiforia"
"10","PiriformCortex","Iba1_RO1_1B_A-01",1.44210408921933,193.963,134.5,"aiforia"
"11","PiriformCortex","Iba1_RO1_1B_A-01",1.20745743534483,448.2082,371.2,"aiforia"
"12","PiriformCortex","Iba1_RO1_1B_A-01",1.33229066666667,199.8436,150,"aiforia"
"13","PiriformCortex","Iba1_RO1_1B_A-01",1.38230884808013,165.6006,119.8,"aiforia"
"14","PiriformCortex","Iba1_RO1_1B_A-01",1.11457185479861,224.1404,201.1,"aiforia"
"15","PiriformCortex","Iba1_RO1_1B_A-01",1.14306169772257,276.0494,241.5,"aiforia"
"16","PiriformCortex","Iba1_RO1_1B_A-01",1.43162865671642,239.7978,167.5,"aiforia"
"17","PiriformCortex","Iba1_RO1_1B_A-01",1.20291213389121,201.2472,167.3,"aiforia"
"18","PiriformCortex","Iba1_RO1_1B_A-01",1.42165396825397,268.6926,189,"aiforia"
"19","PiriformCortex","Iba1_RO1_1B_A-01",1.19770235934664,197.9802,165.3,"aiforia"
"20","PiriformCortex","Iba1_RO1_1B_A-01",1.39569491525424,90.5806,64.9,"aiforia"
"21","PiriformCortex","Iba1_RO1_1B_A-01",1.27797352941176,260.7066,204,"aiforia"
"22","PiriformCortex","Iba1_RO1_1B_A-01",1.17148937813828,303.2986,258.9,"aiforia"
"23","PiriformCortex","Iba1_RO1_1B_A-01",1.53658355205599,351.263,228.6,"aiforia"
"24","PiriformCortex","Iba1_RO1_1B_A-01",1.30659602649007,217.0256,166.1,"aiforia"
"25","PiriformCortex","Iba1_RO1_1B_A-01",1.35578607467205,134.3584,99.1,"aiforia"
"26","PiriformCortex","Iba1_RO1_1B_A-01",1.1237382910261,314.3096,279.7,"aiforia"
"27","PiriformCortex","Iba1_RO1_1B_A-01",1.34283953033268,137.2382,102.2,"aiforia"
"28","PiriformCortex","Iba1_RO1_1B_A-01",1.09931705298013,265.595,241.6,"aiforia"
"29","PiriformCortex","Iba1_RO1_1B_A-01",1.10556547619048,185.735,168,"aiforia"
"30","PiriformCortex","Iba1_RO1_1B_A-01",1.18905639307649,212.96,179.1,"aiforia"
"31","PiriformCortex","Iba1_RO1_1B_A-01",1.18804115996258,127.0016,106.9,"aiforia"
"32","PiriformCortex","Iba1_RO1_1B_A-01",1.12757317722193,211.871,187.9,"aiforia"
"33","PiriformCortex","Iba1_RO1_1B_A-01",1.4738018018018,229.0288,155.4,"aiforia"
"34","PiriformCortex","Iba1_RO1_1B_A-01",1.72268814539447,417.0628,242.1,"aiforia"
"35","PiriformCortex","Iba1_RO1_1B_A-01",1.2902474012474,248.2436,192.4,"aiforia"
"36","PiriformCortex","Iba1_RO1_1B_A-01",1.39953355866731,289.8434,207.1,"aiforia"
"37","PiriformCortex","Iba1_RO1_1B_A-01",1.17665233881163,186.1464,158.2,"aiforia"
"38","PiriformCortex","Iba1_RO1_1B_A-01",1.32826553672316,188.0824,141.6,"aiforia"
"39","PiriformCortex","Iba1_RO1_1B_A-01",1.26118367346939,203.9334,161.7,"aiforia"
"40","PiriformCortex","Iba1_RO1_1B_A-01",1.16588786407767,480.3458,412,"aiforia"
"41","PiriformCortex","Iba1_RO1_1B_A-01",1.70523367427223,216.7352,127.1,"aiforia"
"42","PiriformCortex","Iba1_RO1_1B_A-01",1.18356302521008,169.0128,142.8,"aiforia"
"43","PiriformCortex","Iba1_RO1_1B_A-01",1.27059758064516,315.1082,248,"aiforia"
"44","PiriformCortex","Iba1_RO1_1B_A-01",1.10113554343265,262.4006,238.3,"aiforia"
"45","PiriformCortex","Iba1_RO1_1B_A-01",1.32664121037464,184.1378,138.8,"aiforia"
"46","PiriformCortex","Iba1_RO1_1B_A-01",1.56535852809548,314.7936,201.1,"aiforia"
"47","PiriformCortex","Iba1_RO1_1B_A-01",1.26558583754835,425.3634,336.1,"aiforia"
"48","PiriformCortex","Iba1_RO1_1B_A-01",1.24319966230477,294.514,236.9,"aiforia"
"49","PiriformCortex","Iba1_RO1_1B_A-01",1.37850737704918,336.3558,244,"aiforia"
"50","PiriformCortex","Iba1_RO1_1B_A-01",1.50088538681948,209.5236,139.6,"aiforia"
"51","PiriformCortex","Iba1_RO1_1B_A-01",1.88058442559753,243.9118,129.7,"aiforia"
"52","PiriformCortex","Iba1_RO1_1B_A-01",1.26422304832714,374.0836,295.9,"aiforia"
"53","PiriformCortex","Iba1_RO1_1B_A-01",1.74565965123271,580.6064,332.6,"aiforia"
"54","PiriformCortex","Iba1_RO1_1B_A-01",1.01720570749108,256.641,252.3,"aiforia"
"55","PiriformCortex","Iba1_RO1_1B_A-01",1.37097321428571,214.9686,156.8,"aiforia"
"56","PiriformCortex","Iba1_RO1_1B_A-01",1.22900844594595,291.0292,236.8,"aiforia"
"57","PiriformCortex","Iba1_RO1_1B_A-01",1.12373655103067,223.5112,198.9,"aiforia"
"58","PiriformCortex","Iba1_RO1_1B_A-01",1.46006149903908,227.9156,156.1,"aiforia"
"59","PiriformCortex","Iba1_RO1_1B_A-01",1.67361223312175,290.037,173.3,"aiforia"
"60","PiriformCortex","Iba1_RO1_1B_A-01",1.24377096370463,198.7546,159.8,"aiforia"
"61","PiriformCortex","Iba1_RO1_1B_A-01",0.999298969072165,213.2504,213.4,"aiforia"
"62","PiriformCortex","Iba1_RO1_1B_A-01",1.20715413691726,287.4234,238.1,"aiforia"
"63","PiriformCortex","Iba1_RO1_1B_A-01",1.12294331395349,154.517,137.6,"aiforia"
"64","PiriformCortex","Iba1_RO1_1B_A-01",1.61840961098398,282.898,174.8,"aiforia"
"65","PiriformCortex","Iba1_RO1_1B_A-01",1.68217910447761,371.9298,221.1,"aiforia"
"66","PiriformCortex","Iba1_RO1_1B_A-01",1.06407918634217,292.941,275.3,"aiforia"
"67","PiriformCortex","Iba1_RO1_1B_A-01",1.72250626566416,206.184,119.7,"aiforia"
"68","PiriformCortex","Iba1_RO1_1B_A-01",1.48911344537815,354.409,238,"aiforia"
"69","PiriformCortex","Iba1_RO1_1B_A-01",1.05772727272727,281.567,266.2,"aiforia"
"70","PiriformCortex","Iba1_RO1_1B_A-01",1.79036526946108,298.991,167,"aiforia"
"71","PiriformCortex","Iba1_RO1_1B_A-01",1.41354686716792,282.0026,199.5,"aiforia"
"72","PiriformCortex","Iba1_RO1_1B_A-01",1.16427850707851,452.3222,388.5,"aiforia"
"73","PiriformCortex","Iba1_RO1_1B_A-01",1.46376452715534,385.4092,263.3,"aiforia"
"74","PiriformCortex","Iba1_RO1_1B_A-01",1.21046990291262,187.0176,154.5,"aiforia"
"75","PiriformCortex","Iba1_RO1_1B_A-01",1.27367368855845,308.3564,242.1,"aiforia"
"76","PiriformCortex","Iba1_RO1_1B_A-01",1.16019280795715,303.2744,261.4,"aiforia"
"77","PiriformCortex","Iba1_RO1_1B_A-01",1.39068755595345,155.3398,111.7,"aiforia"
"78","PiriformCortex","Iba1_RO1_1B_A-01",1.04020850808868,173.6108,166.9,"aiforia"
"79","PiriformCortex","Iba1_RO1_1B_A-01",1.09089831493318,187.7436,172.1,"aiforia"
"80","PiriformCortex","Iba1_RO1_1B_A-01",1.10492105263158,176.3454,159.6,"aiforia"
"81","PiriformCortex","Iba1_RO1_1B_A-01",1.20091425672248,236.7002,197.1,"aiforia"
"82","PiriformCortex","Iba1_RO1_1B_A-01",1.20188543485854,344.0998,286.3,"aiforia"
"83","PiriformCortex","Iba1_RO1_1B_A-01",1.3362406159769,277.6708,207.8,"aiforia"
"84","PiriformCortex","Iba1_RO1_1B_A-01",1.31435294117647,270.3624,205.7,"aiforia"
"85","PiriformCortex","Iba1_RO1_1B_A-01",1.66106473761648,677.3822,407.8,"aiforia"
"86","PiriformCortex","Iba1_RO1_1B_A-01",2.02242186894145,521.5826,257.9,"aiforia"
"87","PiriformCortex","Iba1_RO1_1B_A-01",1.40555008393956,251.1718,178.7,"aiforia"
"88","PiriformCortex","Iba1_RO1_1B_A-01",1.1248631402183,267.9424,238.2,"aiforia"
"89","PiriformCortex","Iba1_RO1_1B_A-01",1.33370965250965,172.7154,129.5,"aiforia"
"90","PiriformCortex","Iba1_RO1_1B_A-01",1.00467006487488,216.8078,215.8,"aiforia"
"91","PiriformCortex","Iba1_RO1_1B_A-01",0.924834269662921,197.5446,213.6,"aiforia"
"92","PiriformCortex","Iba1_RO1_1B_A-01",1.2298904109589,332.1934,270.1,"aiforia"
"93","PiriformCortex","Iba1_RO1_1B_A-01",1.26116228287841,254.1242,201.5,"aiforia"
"94","PiriformCortex","Iba1_RO1_1B_A-01",1.51087916894478,276.3398,182.9,"aiforia"
"95","PiriformCortex","Iba1_RO1_1B_A-01",1.69933466933868,508.7808,299.4,"aiforia"
"96","PiriformCortex","Iba1_RO1_1B_A-01",1.4095062878435,302.621,214.7,"aiforia"
"97","PiriformCortex","Iba1_RO1_1B_A-01",1.09416003833253,228.3512,208.7,"aiforia"
"98","PiriformCortex","Iba1_RO1_1B_A-01",1.40436123795028,276.7996,197.1,"aiforia"
"99","PiriformCortex","Iba1_RO1_1B_A-01",1.2738010087116,277.816,218.1,"aiforia"
"100","PiriformCortex","Iba1_RO1_1B_A-01",1.2050857400722,267.047,221.6,"aiforia"
"101","PiriformCortex","Iba1_RO1_1B_A-01",1.31511022189887,361.5238,274.9,"aiforia"
"102","PiriformCortex","Iba1_RO1_1B_A-01",1.07752871467639,236.4098,219.4,"aiforia"
"103","PiriformCortex","Iba1_RO1_1B_A-01",1.14976968796434,154.759,134.6,"aiforia"
"104","PiriformCortex","Iba1_RO1_1B_A-01",1.5234585810543,384.3686,252.3,"aiforia"
"105","PiriformCortex","Iba1_RO1_1B_A-01",1.08855447260126,502.5856,461.7,"aiforia"
"106","PiriformCortex","Iba1_RO1_1B_A-01",1.36975063291139,216.4206,158,"aiforia"
"107","PiriformCortex","Iba1_RO1_1B_A-01",1.28561398397669,176.5148,137.3,"aiforia"
"108","PiriformCortex","Iba1_RO1_1B_A-01",1.40906778242678,336.7672,239,"aiforia"
"109","PiriformCortex","Iba1_RO1_1B_A-01",1.354958,135.4958,100,"aiforia"
"110","PiriformCortex","Iba1_RO1_1B_A-01",2.18603795966785,184.283,84.3,"aiforia"
"111","PiriformCortex","Iba1_RO1_1B_A-01",1.14008888888889,210.3464,184.5,"aiforia"
"112","PiriformCortex","Iba1_RO1_1B_A-01",1.39759490986214,131.7932,94.3,"aiforia"
"113","PiriformCortex","Iba1_RO1_1B_A-01",0.933777777777778,64.7108,69.3,"aiforia"
"114","PiriformCortex","Iba1_RO1_1B_A-01",1.76949652509653,229.1498,129.5,"aiforia"
"115","PiriformCortex","Iba1_RO1_1B_A-01",1.30122650733297,239.5558,184.1,"aiforia"
"116","PiriformCortex","Iba1_RO1_1B_A-01",1.19085443037975,188.155,158,"aiforia"
"117","PiriformCortex","Iba1_RO1_1B_A-01",1.33947403525488,281.1556,209.9,"aiforia"
"118","PiriformCortex","Iba1_RO1_1B_A-01",1.30542530431575,353.9008,271.1,"aiforia"
"119","PiriformCortex","Iba1_RO1_1B_A-01",1.13078358208955,333.355,294.8,"aiforia"
"120","PiriformCortex","Iba1_RO1_1B_A-01",0.906703947368421,192.9466,212.8,"aiforia"
"121","PiriformCortex","Iba1_RO1_1B_A-01",1.17766024915062,207.9748,176.6,"aiforia"
"122","PiriformCortex","Iba1_RO1_1B_A-01",1.66196690796277,321.4244,193.4,"aiforia"
"123","PiriformCortex","Iba1_RO1_1B_A-01",1.19785399239544,157.5178,131.5,"aiforia"
"124","PiriformCortex","Iba1_RO1_1B_A-01",1.15178918918919,298.3134,259,"aiforia"
"125","PiriformCortex","Iba1_RO1_1B_A-01",1.33553240740741,634.645,475.2,"aiforia"
"126","PiriformCortex","Iba1_RO1_1B_A-01",1.13524320241692,150.3062,132.4,"aiforia"
"127","PiriformCortex","Iba1_RO1_1B_A-01",1.31469948186528,101.4948,77.2,"aiforia"
"128","PiriformCortex","Iba1_RO1_1B_A-01",1.18933167495854,286.8668,241.2,"aiforia"
"129","PiriformCortex","Iba1_RO1_1B_A-01",1.39699625723035,410.5772,293.9,"aiforia"
"130","PiriformCortex","Iba1_RO1_1B_A-01",1.72103470715835,317.3588,184.4,"aiforia"
"131","PiriformCortex","Iba1_RO1_1B_A-01",1.42972384937238,170.852,119.5,"aiforia"
"132","PiriformCortex","Iba1_RO1_1B_A-01",1.18934024036469,286.9878,241.3,"aiforia"
"133","PiriformCortex","Iba1_RO1_1B_A-01",1.20910935856993,229.9726,190.2,"aiforia"
"134","PiriformCortex","Iba1_RO1_1B_A-01",1.57923711340206,291.0534,184.3,"aiforia"
"135","PiriformCortex","Iba1_RO1_1B_A-01",1.49506224627876,220.9702,147.8,"aiforia"
"136","PiriformCortex","Iba1_RO1_1B_A-01",1.45176413255361,148.951,102.6,"aiforia"
"137","PiriformCortex","Iba1_RO1_1B_A-01",1.41177479892761,263.296,186.5,"aiforia"
"138","PiriformCortex","Iba1_RO1_1B_A-01",1.29652906976744,223.003,172,"aiforia"
"139","PiriformCortex","Iba1_RO1_1B_A-01",1.17328342674139,293.0862,249.8,"aiforia"
"140","PiriformCortex","Iba1_RO1_1B_A-01",1.2712731629393,159.1634,125.2,"aiforia"
"141","PiriformCortex","Iba1_RO1_1B_A-01",1.2631953125,355.7158,281.6,"aiforia"
"142","PiriformCortex","Iba1_RO1_1B_A-01",1.8711061452514,234.4496,125.3,"aiforia"
"143","PiriformCortex","Iba1_RO1_1B_A-01",1.09047093023256,412.6342,378.4,"aiforia"
"144","PiriformCortex","Iba1_RO1_1B_A-01",1.45675372862859,400.4616,274.9,"aiforia"
"145","PiriformCortex","Iba1_RO1_1B_A-01",1.34512201591512,304.2666,226.2,"aiforia"
"146","PiriformCortex","Iba1_RO1_1B_A-01",1.26049606299213,160.083,127,"aiforia"
"147","PiriformCortex","Iba1_RO1_1B_A-01",1.21897303370787,216.9772,178,"aiforia"
"148","PiriformCortex","Iba1_RO1_1B_A-01",1.38565947046843,340.1794,245.5,"aiforia"
"149","PiriformCortex","Iba1_RO1_1B_A-01",1.492540436457,232.5378,155.8,"aiforia"
"150","PiriformCortex","Iba1_RO1_1B_A-01",1.40859728506787,342.43,243.1,"aiforia"
"151","PiriformCortex","Iba1_RO1_1B_A-01",1.28650544249882,271.8386,211.3,"aiforia"
"152","PiriformCortex","Iba1_RO1_1B_A-01",1.34018287107589,439.714,328.1,"aiforia"
"153","PiriformCortex","Iba1_RO1_1B_A-01",1.16480234505863,278.1548,238.8,"aiforia"
"154","PiriformCortex","Iba1_RO1_1B_A-01",1.28755078683834,539.9988,419.4,"aiforia"
"155","PiriformCortex","Iba1_RO1_1B_A-01",0.983426294820717,222.156,225.9,"aiforia"
"156","PiriformCortex","Iba1_RO1_1B_A-01",1.39043764070239,308.8162,222.1,"aiforia"
"157","PiriformCortex","Iba1_RO1_1B_A-01",1.22833567774936,384.2234,312.8,"aiforia"
"158","PiriformCortex","Iba1_RO1_1B_A-01",1.56047483380817,164.318,105.3,"aiforia"
"159","PiriformCortex","Iba1_RO1_1B_A-01",1.84901427988576,453.1934,245.1,"aiforia"
"160","PiriformCortex","Iba1_RO1_1B_A-01",1.27817269293038,236.8454,185.3,"aiforia"
"161","PiriformCortex","Iba1_RO1_1B_A-01",1.09883034647551,183.9442,167.4,"aiforia"
"162","PiriformCortex","Iba1_RO1_1B_A-01",1.30941984732824,188.6874,144.1,"aiforia"
"163","PiriformCortex","Iba1_RO1_1B_A-01",1.39448667540411,319.198,228.9,"aiforia"
"164","PiriformCortex","Iba1_RO1_1B_A-01",1.32018833600856,246.7432,186.9,"aiforia"
"165","PiriformCortex","Iba1_RO1_1B_A-01",1.09989512711864,207.6602,188.8,"aiforia"
"166","PiriformCortex","Iba1_RO1_1B_A-01",1.57989576229907,324.3526,205.3,"aiforia"
"167","PiriformCortex","Iba1_RO1_1B_A-01",1.20444623884403,283.4062,235.3,"aiforia"
"168","PiriformCortex","Iba1_RO1_1B_A-01",1.21101841136244,230.2146,190.1,"aiforia"
"169","PiriformCortex","Iba1_RO1_1B_A-01",1.14024548470328,309.3486,271.3,"aiforia"
"170","PiriformCortex","Iba1_RO1_1B_A-01",1.29063273033235,306.7834,237.7,"aiforia"
"171","PiriformCortex","Iba1_RO1_1B_A-01",1.07585767790262,229.8032,213.6,"aiforia"
"172","PiriformCortex","Iba1_RO1_1B_A-01",1.45677893582008,265.5708,182.3,"aiforia"
"173","PiriformCortex","Iba1_RO1_1B_A-01",1.089,218.2356,200.4,"aiforia"
"174","PiriformCortex","Iba1_RO1_1B_A-01",1.18037117396358,304.6538,258.1,"aiforia"
"175","PiriformCortex","Iba1_RO1_1B_A-01",1.58649128919861,364.2584,229.6,"aiforia"
"176","PiriformCortex","Iba1_RO1_1B_A-01",1.13942325277596,348.8914,306.2,"aiforia"
"177","PiriformCortex","Iba1_RO1_1B_A-01",1.41523560767591,265.4982,187.6,"aiforia"
"178","PiriformCortex","Iba1_RO1_1B_A-01",1.33765376782077,262.7152,196.4,"aiforia"
"179","PiriformCortex","Iba1_RO1_1B_A-01",1.39091558168837,331.177,238.1,"aiforia"
"180","PiriformCortex","Iba1_RO1_1B_A-01",1.31332947462155,294.9738,224.6,"aiforia"
"181","PiriformCortex","Iba1_RO1_1B_A-01",1.50574422956956,241.3708,160.3,"aiforia"
"182","PiriformCortex","Iba1_RO1_1B_A-01",1.1950810626703,350.8758,293.6,"aiforia"
"183","PiriformCortex","Iba1_RO1_1B_A-01",1.16047843137255,325.5142,280.5,"aiforia"
"184","PiriformCortex","Iba1_RO1_1B_A-01",1.27658594550297,623.1016,488.1,"aiforia"
"185","PiriformCortex","Iba1_RO1_1B_A-01",1.8179933396765,382.1422,210.2,"aiforia"
"186","PiriformCortex","Iba1_RO1_1B_A-01",1.15909482401656,279.9214,241.5,"aiforia"
"187","PiriformCortex","Iba1_RO1_1B_A-01",1.52124772497472,300.9028,197.8,"aiforia"
"188","PiriformCortex","Iba1_RO1_1B_A-01",1.44306919528447,281.5428,195.1,"aiforia"
"189","PiriformCortex","Iba1_RO1_1B_A-01",1.10300043994721,250.712,227.3,"aiforia"
"190","PiriformCortex","Iba1_RO1_1B_A-01",1.39949177718833,263.8042,188.5,"aiforia"
"191","PiriformCortex","Iba1_RO1_1B_A-01",1.32812431444241,290.5936,218.8,"aiforia"
"192","PiriformCortex","Iba1_RO1_1B_A-01",1.22401052631579,232.562,190,"aiforia"
"193","PiriformCortex","Iba1_RO1_1B_A-01",1.26705071703393,362.2498,285.9,"aiforia"
"194","PiriformCortex","Iba1_RO1_1B_A-01",1.19567517573067,323.191,270.3,"aiforia"
"195","PiriformCortex","Iba1_RO1_1B_A-01",1.1946186440678,338.316,283.2,"aiforia"
"196","PiriformCortex","Iba1_RO1_1B_A-01",1.19148369926813,358.16,300.6,"aiforia"
"197","PiriformCortex","Iba1_RO1_1B_A-01",1.22344034177601,400.9214,327.7,"aiforia"
"198","PiriformCortex","Iba1_RO1_1B_A-01",1.03825333333333,342.6236,330,"aiforia"
"199","PiriformCortex","Iba1_RO1_1B_A-01",1.37476853707415,274.4038,199.6,"aiforia"
"200","PiriformCortex","Iba1_RO1_1B_A-01",1.45856203779786,177.507,121.7,"aiforia"
"201","PiriformCortex","Iba1_RO1_1B_A-01",1.43041132478633,267.773,187.2,"aiforia"
"202","PiriformCortex","Iba1_RO1_1B_A-01",1.18179777206512,137.9158,116.7,"aiforia"
"203","PiriformCortex","Iba1_RO1_1B_A-01",1.40154666666667,231.2552,165,"aiforia"
"204","PiriformCortex","Iba1_RO1_1B_A-01",1.25387283236994,238.612,190.3,"aiforia"
"205","PiriformCortex","Iba1_RO1_1B_A-01",1.39203288314739,237.0632,170.3,"aiforia"
"206","PiriformCortex","Iba1_RO1_1B_A-01",1.1130783919598,221.5026,199,"aiforia"
"207","PiriformCortex","Iba1_RO1_1B_A-01",1.44248004561003,506.022,350.8,"aiforia"
"208","PiriformCortex","Iba1_RO1_1B_A-01",1.5986013363029,143.5544,89.8,"aiforia"
"209","PiriformCortex","Iba1_RO1_1B_A-01",1.05254088050314,184.0894,174.9,"aiforia"
"210","PiriformCortex","Iba1_RO1_1B_A-01",1.38626086956522,385.7964,278.3,"aiforia"
"211","PiriformCortex","Iba1_RO1_1B_A-01",1.95401895306859,433.0106,221.6,"aiforia"
"212","PiriformCortex","Iba1_RO1_1B_A-01",1.51285002225189,339.9374,224.7,"aiforia"
"213","PiriformCortex","Iba1_RO1_1B_A-01",1.19598455598456,309.76,259,"aiforia"
"214","PiriformCortex","Iba1_RO1_1B_A-01",1.60882857142857,371.6394,231,"aiforia"
"215","PiriformCortex","Iba1_RO1_1B_A-01",1.45453719420869,291.3438,200.3,"aiforia"
"216","PiriformCortex","Iba1_RO1_1B_A-01",1.40296890672016,559.504,398.8,"aiforia"
"217","PiriformCortex","Iba1_RO1_1B_A-01",1.55613256180957,295.8208,190.1,"aiforia"
"218","PiriformCortex","Iba1_RO1_1B_A-01",1.3339124726477,243.8392,182.8,"aiforia"
"219","PiriformCortex","Iba1_RO1_1B_A-01",1.4199943721421,403.7044,284.3,"aiforia"
"220","PiriformCortex","Iba1_RO1_1B_A-01",1.2852309829802,370.018,287.9,"aiforia"
"221","PiriformCortex","Iba1_RO1_1B_A-01",1.47169900615239,310.97,211.3,"aiforia"
"222","PiriformCortex","Iba1_RO1_1B_A-01",1.10185347985348,180.4836,163.8,"aiforia"
"223","PiriformCortex","Iba1_RO1_1B_A-01",1.42864598719842,290.158,203.1,"aiforia"
"224","PiriformCortex","Iba1_RO1_1B_A-01",1.29133944954128,309.6632,239.8,"aiforia"
"225","PiriformCortex","Iba1_RO1_1B_A-01",1.3811676300578,262.8362,190.3,"aiforia"
"226","PiriformCortex","Iba1_RO1_1B_A-01",1.32568843683084,247.6386,186.8,"aiforia"
"227","PiriformCortex","Iba1_RO1_1B_A-01",1.36937975109317,407.1166,297.3,"aiforia"
"228","PiriformCortex","Iba1_RO1_1B_A-01",1.40804162724693,297.66,211.4,"aiforia"
"229","PiriformCortex","Iba1_RO1_1B_A-01",1.30853373134328,438.3588,335,"aiforia"
"230","PiriformCortex","Iba1_RO1_1B_A-01",1.81700165425972,439.351,241.8,"aiforia"
"231","PiriformCortex","Iba1_RO1_1B_A-01",1.20187877211238,462.0022,384.4,"aiforia"
"232","PiriformCortex","Iba1_RO1_1B_A-01",1.54588628762542,415.998,269.1,"aiforia"
"233","PiriformCortex","Iba1_RO1_1B_A-01",1.48243778677463,549.2432,370.5,"aiforia"
"234","PiriformCortex","Iba1_RO1_1B_A-01",1.54830811421197,959.7962,619.9,"aiforia"
"235","PiriformCortex","Iba1_RO1_1B_A-01",1.38295744680851,142.9978,103.4,"aiforia"
"236","PiriformCortex","Iba1_RO1_1B_A-01",1.23251162790698,206.6922,167.7,"aiforia"
"237","PiriformCortex","Iba1_RO1_1B_A-01",1.2367685806612,497.552,402.3,"aiforia"
"238","PiriformCortex","Iba1_RO1_1B_A-01",1.60204,176.2244,110,"aiforia"
"239","PiriformCortex","Iba1_RO1_1B_A-01",1.20221257922964,246.5738,205.1,"aiforia"
"240","PiriformCortex","Iba1_RO1_1B_A-01",1.24212690236479,530.5124,427.1,"aiforia"
"241","PiriformCortex","Iba1_RO1_1B_A-01",1.25192125984252,349.7868,279.4,"aiforia"
"242","PiriformCortex","Iba1_RO1_1B_A-01",1.12817474566128,188.518,167.1,"aiforia"
"243","PiriformCortex","Iba1_RO1_1B_A-01",1.36260252852297,441.892,324.3,"aiforia"
"244","PiriformCortex","Iba1_RO1_1B_A-01",1.47848374306106,186.4368,126.1,"aiforia"
"245","PiriformCortex","Iba1_RO1_1B_A-01",1.26048984034833,347.391,275.6,"aiforia"
"246","PiriformCortex","Iba1_RO1_1B_A-01",1.27450212765957,329.4588,258.5,"aiforia"
"247","PiriformCortex","Iba1_RO1_1B_A-01",1.32499290780142,149.4592,112.8,"aiforia"
"248","PiriformCortex","Iba1_RO1_1B_A-01",1.39594568690096,262.1586,187.8,"aiforia"
"249","PiriformCortex","Iba1_RO1_1B_A-01",1.52499337748344,253.3014,166.1,"aiforia"
"250","PiriformCortex","Iba1_RO1_1B_A-01",1.48708108108108,302.621,203.5,"aiforia"
"251","PiriformCortex","Iba1_RO1_1B_A-01",1.21082033898305,285.7536,236,"aiforia"
"252","PiriformCortex","Iba1_RO1_1B_A-01",1.41228919577579,347.7056,246.2,"aiforia"
"253","PiriformCortex","Iba1_RO1_1B_A-01",1.29724925816024,437.173,337,"aiforia"
"254","PiriformCortex","Iba1_RO1_1B_A-01",1.27072390821614,343.3496,270.2,"aiforia"
"255","PiriformCortex","Iba1_RO1_1B_A-01",1.29269921259843,246.2592,190.5,"aiforia"
"256","PiriformCortex","Iba1_RO1_1B_A-01",1.15769270833333,177.8216,153.6,"aiforia"
"257","PiriformCortex","Iba1_RO1_1B_A-01",1.10036243822076,200.376,182.1,"aiforia"
"258","PiriformCortex","Iba1_RO1_1B_A-01",1.1369001015916,335.7266,295.3,"aiforia"
"259","PiriformCortex","Iba1_RO1_1B_A-01",1.26165217391304,255.3584,202.4,"aiforia"
"260","PiriformCortex","Iba1_RO1_1B_A-01",1.26416965620329,338.2918,267.6,"aiforia"
"261","PiriformCortex","Iba1_RO1_1B_A-01",1.39266464032421,412.368,296.1,"aiforia"
"262","PiriformCortex","Iba1_RO1_1B_A-01",1.16169871794872,398.695,343.2,"aiforia"
"263","PiriformCortex","Iba1_RO1_1B_A-01",1.12359677419355,153.2586,136.4,"aiforia"
"264","PiriformCortex","Iba1_RO1_1B_A-01",1.22773189009159,294.9012,240.2,"aiforia"
"265","PiriformCortex","Iba1_RO1_1B_A-01",1.22075024679171,247.324,202.6,"aiforia"
"266","PiriformCortex","Iba1_RO1_1B_A-01",1.07441671404207,377.9798,351.8,"aiforia"
"267","PiriformCortex","Iba1_RO1_1B_A-01",1.67189492537313,280.0424,167.5,"aiforia"
"268","PiriformCortex","Iba1_RO1_1B_A-01",1.29896440972222,299.2814,230.4,"aiforia"
"269","PiriformCortex","Iba1_RO1_1B_A-01",1.26905408805031,201.7796,159,"aiforia"
"270","PiriformCortex","Iba1_RO1_1B_A-01",1.285007960199,258.2866,201,"aiforia"
"271","PiriformCortex","Iba1_RO1_1B_A-01",1.23345442875481,192.1722,155.8,"aiforia"
"272","PiriformCortex","Iba1_RO1_1B_A-01",1.39896842105263,438.5766,313.5,"aiforia"
"273","PiriformCortex","Iba1_RO1_1B_A-01",1.45679791304348,418.8294,287.5,"aiforia"
"274","PiriformCortex","Iba1_RO1_1B_A-01",1.30642911877395,272.7824,208.8,"aiforia"
"275","PiriformCortex","Iba1_RO1_1B_A-01",1.25402538461538,326.0466,260,"aiforia"
"276","PiriformCortex","Iba1_RO1_1B_A-01",0.971460850911691,271.7176,279.7,"aiforia"
"277","PiriformCortex","Iba1_RO1_1B_A-01",1.49499072718399,306.3236,204.9,"aiforia"
"278","PiriformCortex","Iba1_RO1_1B_A-01",1.36548640952627,527.4874,386.3,"aiforia"
"279","PiriformCortex","Iba1_RO1_1B_A-01",1.40597349237906,424.3228,301.8,"aiforia"
"280","PiriformCortex","Iba1_RO1_1B_A-01",1.34062684168229,500.456,373.3,"aiforia"
"281","PiriformCortex","Iba1_RO1_1B_A-01",0.914015384615385,83.1754,91,"aiforia"
"282","PiriformCortex","Iba1_RO1_1B_A-01",1.30712004069176,770.9394,589.8,"aiforia"
"283","PiriformCortex","Iba1_RO1_1B_A-01",1.07157252690928,418.1276,390.2,"aiforia"
"284","PiriformCortex","Iba1_RO1_1B_A-01",1.45906487488415,314.8662,215.8,"aiforia"
"285","PiriformCortex","Iba1_RO1_1B_A-01",1.09898315334773,254.4146,231.5,"aiforia"
"286","PiriformCortex","Iba1_RO1_1B_A-01",1.14005916775033,350.6822,307.6,"aiforia"
"287","PiriformCortex","Iba1_RO1_1B_A-01",1.5622218487395,185.9044,119,"aiforia"
"288","PiriformCortex","Iba1_RO1_1B_A-01",1.694825,149.1446,88,"aiforia"
"289","PiriformCortex","Iba1_RO1_1B_A-01",1.9244617314931,153.3796,79.7,"aiforia"
"290","PiriformCortex","Iba1_RO1_1B_A-01",1.60517910447761,236.6034,147.4,"aiforia"
"291","PiriformCortex","Iba1_RO1_1B_A-01",1.23850504235579,307.0254,247.9,"aiforia"
"292","PiriformCortex","Iba1_RO1_1B_A-01",1.38738063986874,338.2434,243.8,"aiforia"
"293","PiriformCortex","Iba1_RO1_1B_A-01",1.43968485591662,234.8126,163.1,"aiforia"
"294","PiriformCortex","Iba1_RO1_1B_A-01",1.33496037898363,309.9778,232.2,"aiforia"
"295","PiriformCortex","Iba1_RO1_1B_A-01",1.38531555555556,280.5264,202.5,"aiforia"
"296","PiriformCortex","Iba1_RO1_1B_A-01",1.19167879456082,324.2558,272.1,"aiforia"
"297","PiriformCortex","Iba1_RO1_1B_A-01",1.45950506329114,230.6018,158,"aiforia"
"298","PiriformCortex","Iba1_RO1_1B_A-01",1.18867478091529,244.1538,205.4,"aiforia"
"299","PiriformCortex","Iba1_RO1_1B_A-01",1.50386746268657,251.8978,167.5,"aiforia"
"300","PiriformCortex","Iba1_RO1_1B_A-01",1.9637771556551,350.7306,178.6,"aiforia"
"301","PiriformCortex","Iba1_RO1_1B_A-01",1.37885160818713,377.2538,273.6,"aiforia"
"302","PiriformCortex","Iba1_RO1_1B_A-01",1.47364345738295,245.509,166.6,"aiforia"
"303","PiriformCortex","Iba1_RO1_1B_A-01",1.57918784810127,311.8896,197.5,"aiforia"
"304","PiriformCortex","Iba1_RO1_1B_A-01",1.28046072954321,389.6442,304.3,"aiforia"
"305","PiriformCortex","Iba1_RO1_1B_A-01",1.52766858789625,318.0606,208.2,"aiforia"
"306","PiriformCortex","Iba1_RO1_1B_A-01",1.43263217461601,354.4332,247.4,"aiforia"
"307","PiriformCortex","Iba1_RO1_1B_A-01",1.3586067961165,223.8984,164.8,"aiforia"
"308","PiriformCortex","Iba1_RO1_1B_A-01",1.58741968911917,367.6464,231.6,"aiforia"
"309","PiriformCortex","Iba1_RO1_1B_A-01",1.31089576883385,254.0516,193.8,"aiforia"
"310","PiriformCortex","Iba1_RO1_1B_A-01",1.26848574850299,529.5928,417.5,"aiforia"
"311","PiriformCortex","Iba1_RO1_1B_A-01",1.4235064516129,264.7722,186,"aiforia"
"312","PiriformCortex","Iba1_RO1_1B_A-01",1.28085525591635,232.7314,181.7,"aiforia"
"313","PiriformCortex","Iba1_RO1_1B_A-01",1.10986206896552,263.9252,237.8,"aiforia"
"314","PiriformCortex","Iba1_RO1_1B_A-01",1.2911309352518,358.9344,278,"aiforia"
"315","PiriformCortex","Iba1_RO1_1B_A-01",1.00838346799254,324.4978,321.8,"aiforia"
"316","PiriformCortex","Iba1_RO1_1B_A-01",1.27029398410897,223.8258,176.2,"aiforia"
"317","PiriformCortex","Iba1_RO1_1B_A-01",1.3832264957265,258.94,187.2,"aiforia"
"318","PiriformCortex","Iba1_RO1_1B_A-01",1.37934919524143,197.109,142.9,"aiforia"
"319","PiriformCortex","Iba1_RO1_1B_A-01",1.51087235260446,263.9494,174.7,"aiforia"
"320","PiriformCortex","Iba1_RO1_1B_A-01",1.25806968390805,350.2466,278.4,"aiforia"
"321","PiriformCortex","Iba1_RO1_1B_A-01",1.30310166112957,196.1168,150.5,"aiforia"
"322","PiriformCortex","Iba1_RO1_1B_A-01",1.23742320085929,230.4082,186.2,"aiforia"
"323","PiriformCortex","Iba1_RO1_1B_A-01",1.58405689655172,183.7506,116,"aiforia"
"324","PiriformCortex","Iba1_RO1_1B_A-01",2.56847985347985,280.478,109.2,"aiforia"
"325","PiriformCortex","Iba1_RO1_1B_A-01",1.22730287984111,247.1788,201.4,"aiforia"
"326","PiriformCortex","Iba1_RO1_1B_A-01",1.22804940617577,258.5044,210.5,"aiforia"
"327","PiriformCortex","Iba1_RO1_1B_A-01",1.35352380952381,218.8648,161.7,"aiforia"
"328","PiriformCortex","Iba1_RO1_1B_A-01",1.55123444160273,181.9598,117.3,"aiforia"
"329","PiriformCortex","Iba1_RO1_1B_A-01",1.62225125628141,161.414,99.5,"aiforia"
"330","PiriformCortex","Iba1_RO1_1B_A-01",2.00920341207349,306.2026,152.4,"aiforia"
"331","PiriformCortex","Iba1_RO1_1B_A-01",1.27143396226415,222.3738,174.9,"aiforia"
"332","PiriformCortex","Iba1_RO1_1B_A-01",1.40717942122186,218.8164,155.5,"aiforia"
"333","PiriformCortex","Iba1_RO1_1B_A-01",1.23894236311239,85.9826,69.4,"aiforia"
"334","PiriformCortex","Iba1_RO1_1B_A-01",1.10003648424544,265.3288,241.2,"aiforia"
"335","PiriformCortex","Iba1_RO1_1B_A-01",2.44990291262136,277.574,113.3,"aiforia"
"336","PiriformCortex","Iba1_RO1_1B_A-01",1.51081162790698,129.9298,86,"aiforia"
"337","PiriformCortex","Iba1_RO1_1B_A-01",1.6372673992674,268.1844,163.8,"aiforia"
"338","PiriformCortex","Iba1_RO1_1B_A-01",1.69304911591356,258.5286,152.7,"aiforia"
"339","PiriformCortex","Iba1_RO1_1B_A-01",1.31472514619883,269.7816,205.2,"aiforia"
"340","PiriformCortex","Iba1_RO1_1B_A-01",1.33077298311445,70.9302,53.3,"aiforia"
"341","PiriformCortex","Iba1_RO1_1B_A-01",1.85604093567251,190.4298,102.6,"aiforia"
"342","PiriformCortex","Iba1_RO1_1B_A-01",1.3511334431631,246.0414,182.1,"aiforia"
"343","PiriformCortex","Iba1_RO1_1B_A-01",1.09069033760186,187.3806,171.8,"aiforia"
"344","PiriformCortex","Iba1_RO1_1B_A-01",1.30605538461538,254.6808,195,"aiforia"
"345","PiriformCortex","Iba1_RO1_1B_A-01",1.22801443220661,323.3362,263.3,"aiforia"
"346","PiriformCortex","Iba1_RO1_1B_A-01",1.2149318341532,172.8848,142.3,"aiforia"
"347","PiriformCortex","Iba1_RO1_1B_A-01",1.50737392186707,297.1034,197.1,"aiforia"
"348","PiriformCortex","Iba1_RO1_1B_A-01",1.25001195219123,251.0024,200.8,"aiforia"
"349","PiriformCortex","Iba1_RO1_1B_A-01",1.02118181818182,271.8386,266.2,"aiforia"
"350","PiriformCortex","Iba1_RO1_1B_A-01",1.38300425531915,97.5018,70.5,"aiforia"
"351","PiriformCortex","Iba1_RO1_1B_A-01",1.3226508753862,256.8588,194.2,"aiforia"
"352","PiriformCortex","Iba1_RO1_1B_A-01",1.13078204081633,138.5208,122.5,"aiforia"
"353","PiriformCortex","Iba1_RO1_1B_A-01",1.30660041237113,316.8506,242.5,"aiforia"
"354","PiriformCortex","Iba1_RO1_1B_A-01",1.3742098828324,269.7574,196.3,"aiforia"
"355","PiriformCortex","Iba1_RO1_1B_A-01",1.23614557443571,487.4122,394.3,"aiforia"
"356","PiriformCortex","Iba1_RO1_1B_A-01",1.51118687136051,285.4632,188.9,"aiforia"
"357","PiriformCortex","Iba1_RO1_1B_A-01",1.58754877060254,587.5518,370.1,"aiforia"
"358","PiriformCortex","Iba1_RO1_1B_A-01",1.39225625,311.8654,224,"aiforia"
"359","PiriformCortex","Iba1_RO1_1B_A-01",1.65637089871612,232.2232,140.2,"aiforia"
"360","PiriformCortex","Iba1_RO1_1B_A-01",2.14752724594993,291.6342,135.8,"aiforia"
"361","PiriformCortex","Iba1_RO1_1B_A-01",2.26391327913279,250.6152,110.7,"aiforia"
"362","PiriformCortex","Iba1_RO1_1B_A-01",1.13369798327595,230.4808,203.3,"aiforia"
"363","PiriformCortex","Iba1_RO1_1B_A-01",1.9640959752322,126.8806,64.6,"aiforia"
"364","PiriformCortex","Iba1_RO1_1B_A-01",1.18654343220339,224.0194,188.8,"aiforia"
"365","PiriformCortex","Iba1_RO1_1B_A-01",1.03941210045662,182.105,175.2,"aiforia"
"366","PiriformCortex","Iba1_RO1_1B_A-01",1.80917647058824,304.4844,168.3,"aiforia"
"367","PiriformCortex","Iba1_RO1_1B_A-01",1.19081773399015,265.9096,223.3,"aiforia"
"368","PiriformCortex","Iba1_RO1_1B_A-01",1.29079804560261,79.255,61.4,"aiforia"
"369","PiriformCortex","Iba1_RO1_1B_A-01",1.22399824715162,279.3164,228.2,"aiforia"
"370","PiriformCortex","Iba1_RO1_1B_A-01",1.21190898058252,199.7226,164.8,"aiforia"
"371","PiriformCortex","Iba1_RO1_1B_A-01",1.35979433091628,412.5616,303.4,"aiforia"
"372","PiriformCortex","Iba1_RO1_1B_A-01",1.52070953678474,279.0502,183.5,"aiforia"
"373","PiriformCortex","Iba1_RO1_1B_A-01",1.40368864468864,306.5656,218.4,"aiforia"
"374","PiriformCortex","Iba1_RO1_1B_A-01",1.31973108265425,226.7298,171.8,"aiforia"
"375","PiriformCortex","Iba1_RO1_1B_A-01",1.21609571788413,96.558,79.4,"aiforia"
"376","PiriformCortex","Iba1_RO1_1B_A-01",1.47657888398234,367.8158,249.1,"aiforia"
"377","PiriformCortex","Iba1_RO1_1B_A-01",1.19457749803305,303.6616,254.2,"aiforia"
"378","PiriformCortex","Iba1_RO1_1B_A-01",1.48169551934827,291.005,196.4,"aiforia"
"379","PiriformCortex","Iba1_RO1_1B_A-01",1.4928536174986,266.1758,178.3,"aiforia"
"380","PiriformCortex","Iba1_RO1_1B_A-01",1.30000661625709,275.0814,211.6,"aiforia"
"381","PiriformCortex","Iba1_RO1_1B_A-01",1.98143005720229,381.029,192.3,"aiforia"
"382","PiriformCortex","Iba1_RO1_1B_A-01",1.21601790450928,366.751,301.6,"aiforia"
"383","PiriformCortex","Iba1_RO1_1B_A-01",1.29612663755459,296.813,229,"aiforia"
"384","PiriformCortex","Iba1_RO1_1B_A-01",1.66256583629893,186.8724,112.4,"aiforia"
"385","PiriformCortex","Iba1_RO1_1B_A-01",1.15627252884316,370.8166,320.7,"aiforia"
"386","PiriformCortex","Iba1_RO1_1B_A-01",2.67008591885442,223.7532,83.8,"aiforia"
"387","PiriformCortex","Iba1_RO1_1B_A-01",2.66568527918782,315.084,118.2,"aiforia"
"388","PiriformCortex","Iba1_RO1_1B_A-01",1.10187041198502,294.1994,267,"aiforia"
"389","PiriformCortex","Iba1_RO1_1B_A-01",1.2937922506183,156.937,121.3,"aiforia"
"390","PiriformCortex","Iba1_RO1_1B_A-01",2.16781532663317,345.1162,159.2,"aiforia"
"391","PiriformCortex","Iba1_RO1_1B_A-01",1.13043835616438,214.5572,189.8,"aiforia"
"392","PiriformCortex","Iba1_RO1_1B_A-01",1.29436602972399,304.8232,235.5,"aiforia"
"393","PiriformCortex","Iba1_RO1_1B_A-01",1.04809951325041,193.7936,184.9,"aiforia"
"394","PiriformCortex","Iba1_RO1_1B_A-01",1.67475,353.7072,211.2,"aiforia"
"395","PiriformCortex","Iba1_RO1_1B_A-01",1.2844031372549,327.5228,255,"aiforia"
"396","PiriformCortex","Iba1_RO1_1B_A-01",1.59789280958722,480.007,300.4,"aiforia"
"397","PiriformCortex","Iba1_RO1_1B_A-01",1.44892893401015,399.6146,275.8,"aiforia"
"398","PiriformCortex","Iba1_RO1_1B_A-01",1.23932189287571,238.3216,192.3,"aiforia"
"399","PiriformCortex","Iba1_RO1_1B_A-01",1.21078507704785,298.5796,246.6,"aiforia"
"400","PiriformCortex","Iba1_RO1_1B_A-01",1.42680056477233,404.2126,283.3,"aiforia"
"401","PiriformCortex","Iba1_RO1_1B_A-01",1.44558877026493,365.5894,252.9,"aiforia"
"402","PiriformCortex","Iba1_RO1_1B_A-01",1.35816898148148,117.3458,86.4,"aiforia"
"403","PiriformCortex","Iba1_RO1_1B_A-01",1.87996193497224,237.0632,126.1,"aiforia"
"404","PiriformCortex","Iba1_RO1_1B_A-01",1.33485905349794,259.4966,194.4,"aiforia"
"405","PiriformCortex","Iba1_RO1_1B_A-01",1.15259023836549,203.0864,176.2,"aiforia"
"406","PiriformCortex","Iba1_RO1_1B_A-01",1.16153773584906,270.8706,233.2,"aiforia"
"407","PiriformCortex","Iba1_RO1_1B_A-01",1.49269299363057,117.1764,78.5,"aiforia"
"408","PiriformCortex","Iba1_RO1_1B_A-01",1.23821739130435,187.9614,151.8,"aiforia"
"409","PiriformCortex","Iba1_RO1_1B_A-01",1.10364512338425,93.9202,85.1,"aiforia"
"410","PiriformCortex","Iba1_RO1_1B_A-01",1.57476881429345,290.8598,184.7,"aiforia"
"411","PiriformCortex","Iba1_RO1_1B_A-01",1.1336480620155,146.2406,129,"aiforia"
"412","PiriformCortex","Iba1_RO1_1B_A-01",1.17431206225681,301.7982,257,"aiforia"
"413","PiriformCortex","Iba1_RO1_1B_A-01",0.949401380966677,316.2456,333.1,"aiforia"
"414","PiriformCortex","Iba1_RO1_1B_A-01",1.33506361122086,337.9046,253.1,"aiforia"
"415","PiriformCortex","Iba1_RO1_1B_A-01",1.42439787798408,268.499,188.5,"aiforia"
"416","PiriformCortex","Iba1_RO1_1B_A-01",1.38360654396728,338.2918,244.5,"aiforia"
"417","PiriformCortex","Iba1_RO1_1B_A-01",1.85725396825397,327.6196,176.4,"aiforia"
"418","PiriformCortex","Iba1_RO1_1B_A-01",1.46914518002323,379.4802,258.3,"aiforia"
"419","PiriformCortex","Iba1_RO1_1B_A-01",1.26312648981161,328.5392,260.1,"aiforia"
"420","PiriformCortex","Iba1_RO1_1B_A-01",1.23347846663512,260.634,211.3,"aiforia"
"421","PiriformCortex","Iba1_RO1_1B_A-01",1.08201560062403,277.4288,256.4,"aiforia"
"422","PiriformCortex","Iba1_RO1_1B_A-01",1.32196486090776,270.8706,204.9,"aiforia"
"423","PiriformCortex","Iba1_RO1_1B_A-01",1.24748917268184,224.6728,180.1,"aiforia"
"424","PiriformCortex","Iba1_RO1_1B_A-01",1.22333333333333,177.628,145.2,"aiforia"
"425","PiriformCortex","Iba1_RO1_1B_A-01",1.17537976470588,249.7682,212.5,"aiforia"
"426","PiriformCortex","Iba1_RO1_1B_A-01",1.13330888252149,197.7624,174.5,"aiforia"
"427","PiriformCortex","Iba1_RO1_1B_A-01",1.1676954887218,372.7284,319.2,"aiforia"
"428","PiriformCortex","Iba1_RO1_1B_A-01",1.22411047786059,279.2196,228.1,"aiforia"
"429","PiriformCortex","Iba1_RO1_1B_A-01",1.33519076415613,242.8712,181.9,"aiforia"
"430","PiriformCortex","Iba1_RO1_1B_A-01",1.43398576902025,261.9892,182.7,"aiforia"
"431","PiriformCortex","Iba1_RO1_1B_A-01",1.27258620689655,184.525,145,"aiforia"
"432","PiriformCortex","Iba1_RO1_1B_A-01",1.58389990900819,174.0706,109.9,"aiforia"
"433","PiriformCortex","Iba1_RO1_1B_A-01",1.14126482479784,338.7274,296.8,"aiforia"
"434","PiriformCortex","Iba1_RO1_1B_A-01",1.18440833654959,306.8802,259.1,"aiforia"
"435","PiriformCortex","Iba1_RO1_1B_A-01",1.20572402187631,286.6006,237.7,"aiforia"
"436","PiriformCortex","Iba1_RO1_1B_A-01",1.30890730337079,279.5826,213.6,"aiforia"
"437","PiriformCortex","Iba1_RO1_1B_A-01",1.0219170984456,216.953,212.3,"aiforia"
"438","PiriformCortex","Iba1_RO1_1B_A-01",2.43394576271186,359.007,147.5,"aiforia"
"439","PiriformCortex","Iba1_RO1_1B_A-01",1.76152434456929,282.1962,160.2,"aiforia"
"440","PiriformCortex","Iba1_RO1_1B_A-01",1.13910351966874,220.0748,193.2,"aiforia"
"441","PiriformCortex","Iba1_RO1_1B_A-01",2.8127170984456,271.4272,96.5,"aiforia"
"442","PiriformCortex","Iba1_RO1_1B_A-01",1.22690395480226,238.8782,194.7,"aiforia"
"443","PiriformCortex","Iba1_RO1_1B_A-01",1.49694471282877,278.8808,186.3,"aiforia"
"444","PiriformCortex","Iba1_RO1_1B_A-01",1.26920272904483,260.4404,205.2,"aiforia"
"445","PiriformCortex","Iba1_RO1_1B_A-01",1.54294465894466,239.7736,155.4,"aiforia"
"446","PiriformCortex","Iba1_RO1_1B_A-01",1.2888390625,329.9428,256,"aiforia"
"447","PiriformCortex","Iba1_RO1_1B_A-01",1.34010891617726,251.0024,187.3,"aiforia"
"448","PiriformCortex","Iba1_RO1_1B_A-01",1.54564436917866,182.5406,118.1,"aiforia"
"449","PiriformCortex","Iba1_RO1_1B_A-01",1.2261872909699,73.326,59.8,"aiforia"
"450","PiriformCortex","Iba1_RO1_1B_A-01",1.44235749861649,260.634,180.7,"aiforia"
"451","PiriformCortex","Iba1_RO1_1B_A-01",2.36607052186178,335.5088,141.8,"aiforia"
"452","PiriformCortex","Iba1_RO1_1B_A-01",1.31845009784736,336.864,255.5,"aiforia"
"453","PiriformCortex","Iba1_RO1_1B_A-01",1.15746687948923,145.0306,125.3,"aiforia"
"454","PiriformCortex","Iba1_RO1_1B_A-01",1.26495665024631,256.7862,203,"aiforia"
"455","PiriformCortex","Iba1_RO1_1B_A-01",1.19093654266958,163.2774,137.1,"aiforia"
"456","PiriformCortex","Iba1_RO1_1B_A-01",1.60478507462687,107.5206,67,"aiforia"
"457","PiriformCortex","Iba1_RO1_1B_A-01",0.9906875,114.1272,115.2,"aiforia"
"458","PiriformCortex","Iba1_RO1_1B_A-01",1.67983875162549,258.3592,153.8,"aiforia"
"459","PiriformCortex","Iba1_RO1_1B_A-01",1.45318685630211,296.3048,203.9,"aiforia"
"460","PiriformCortex","Iba1_RO1_1B_A-01",1.52553780718336,322.8038,211.6,"aiforia"
"461","PiriformCortex","Iba1_RO1_1B_A-01",1.35946412352407,299.354,220.2,"aiforia"
"462","PiriformCortex","Iba1_RO1_1B_A-01",1.30573018292683,171.3118,131.2,"aiforia"
"463","PiriformCortex","Iba1_RO1_1B_A-01",1.30659556494192,247.4692,189.4,"aiforia"
"464","PiriformCortex","Iba1_RO1_1B_A-01",1.30638891372374,292.2392,223.7,"aiforia"
"465","PiriformCortex","Iba1_RO1_1B_A-01",1.16134725848564,266.8776,229.8,"aiforia"
"466","PiriformCortex","Iba1_RO1_1B_A-01",1.32147141316073,612.502,463.5,"aiforia"
"467","PiriformCortex","Iba1_RO1_1B_A-01",1.29646511627907,245.2912,189.2,"aiforia"
"468","PiriformCortex","Iba1_RO1_1B_A-01",1.43857009009009,399.2032,277.5,"aiforia"
"469","PiriformCortex","Iba1_RO1_1B_A-01",1.29061469072165,200.3034,155.2,"aiforia"
"470","PiriformCortex","Iba1_RO1_1B_A-01",1.11129581673307,223.1482,200.8,"aiforia"
"471","PiriformCortex","Iba1_RO1_1B_A-01",1.35142521367521,252.9868,187.2,"aiforia"
"472","PiriformCortex","Iba1_RO1_1B_A-01",1.22228636622932,214.2668,175.3,"aiforia"
"473","PiriformCortex","Iba1_RO1_1B_A-01",1.23562932790224,364.0164,294.6,"aiforia"
"474","PiriformCortex","Iba1_RO1_1B_A-01",1.2792141972761,309.9536,242.3,"aiforia"
"475","PiriformCortex","Iba1_RO1_1B_A-01",1.48119278466742,131.3818,88.7,"aiforia"
"476","PiriformCortex","Iba1_RO1_1B_A-01",1.1315652173913,286.286,253,"aiforia"
"477","PiriformCortex","Iba1_RO1_1B_A-01",1.25791243703991,324.6672,258.1,"aiforia"
"478","PiriformCortex","Iba1_RO1_1B_A-01",1.39886396181384,410.2868,293.3,"aiforia"
"479","PiriformCortex","Iba1_RO1_1B_A-01",1.53344230769231,175.4258,114.4,"aiforia"
"480","PiriformCortex","Iba1_RO1_1B_A-01",1.49401147776184,208.2652,139.4,"aiforia"
"481","PiriformCortex","Iba1_RO1_1B_A-01",1.12806747744213,287.5444,254.9,"aiforia"
"482","PiriformCortex","Iba1_RO1_1B_A-01",1.46468055555556,232.0054,158.4,"aiforia"
"483","PiriformCortex","Iba1_RO1_1B_A-01",1.25167479674797,338.7032,270.6,"aiforia"
"484","PiriformCortex","Iba1_RO1_1B_A-01",1.27702513089005,243.9118,191,"aiforia"
"485","PiriformCortex","Iba1_RO1_1B_A-01",1.29378982300885,350.8758,271.2,"aiforia"
"486","PiriformCortex","Iba1_RO1_1B_A-01",0.722424349881797,122.2342,169.2,"aiforia"
"487","PiriformCortex","Iba1_RO1_1B_A-01",1.52125253807107,239.7494,157.6,"aiforia"
