"","BrainRegion","Image","AP","Areaum","Circumferenceµm","method"
"1","PiriformCortex","Iba1_RO1_1B_G-00",0.894945244950002,228.57,255.4011,"MATLAB"
"2","PiriformCortex","Iba1_RO1_1B_G-00",0.713168833419151,377.01,528.6406,"MATLAB"
"3","PiriformCortex","Iba1_RO1_1B_G-00",0.727605142504301,370.83,509.6583,"MATLAB"
"4","PiriformCortex","Iba1_RO1_1B_G-00",0.78272660345335,261.44,334.0119,"MATLAB"
"5","PiriformCortex","Iba1_RO1_1B_G-00",0.950428862419575,447,470.314,"MATLAB"
"6","PiriformCortex","Iba1_RO1_1B_G-00",1.13669963245216,202.6,178.2353,"MATLAB"
"7","PiriformCortex","Iba1_RO1_1B_G-00",0.982174759370978,142.39,144.9742,"MATLAB"
"8","PiriformCortex","Iba1_RO1_1B_G-00",1.21092441975941,168.88,139.4637,"MATLAB"
"9","PiriformCortex","Iba1_RO1_1B_G-00",1.21944596864977,215.57,176.777,"MATLAB"
"10","PiriformCortex","Iba1_RO1_1B_G-00",1.51622442435705,186.07,122.7193,"MATLAB"
"11","PiriformCortex","Iba1_RO1_1B_G-00",0.859667038399754,292.62,340.3876,"MATLAB"
"12","PiriformCortex","Iba1_RO1_1B_G-00",0.870924355620002,663.08,761.352,"MATLAB"
"13","PiriformCortex","Iba1_RO1_1B_G-00",0.896137607605199,677.13,755.6094,"MATLAB"
"14","PiriformCortex","Iba1_RO1_1B_G-00",0.948630433426937,101.92,107.4391,"MATLAB"
"15","PiriformCortex","Iba1_RO1_1B_G-00",0.867472630478411,144.37,166.426,"MATLAB"
"16","PiriformCortex","Iba1_RO1_1B_G-00",0.414548183300995,143.19,345.4122,"MATLAB"
"17","PiriformCortex","Iba1_RO1_1B_G-00",0.856307923792593,314.83,367.6598,"MATLAB"
"18","PiriformCortex","Iba1_RO1_1B_G-00",0.891942267294522,409.82,459.4692,"MATLAB"
"19","PiriformCortex","Iba1_RO1_1B_G-00",0.843635599831963,168.69,199.956,"MATLAB"
"20","PiriformCortex","Iba1_RO1_1B_G-00",1.00939000878629,224.71,222.6196,"MATLAB"
"21","PiriformCortex","Iba1_RO1_1B_G-00",0.460785117356956,115.8,251.3102,"MATLAB"
"22","PiriformCortex","Iba1_RO1_1B_G-00",0.954792988993428,481.31,504.0988,"MATLAB"
"23","PiriformCortex","Iba1_RO1_1B_G-00",0.934899608762139,338.94,362.5416,"MATLAB"
"24","PiriformCortex","Iba1_RO1_1B_G-00",0.882269796061139,357.66,405.3862,"MATLAB"
"25","PiriformCortex","Iba1_RO1_1B_G-00",0.507899883745798,137.27,270.2698,"MATLAB"
"26","PiriformCortex","Iba1_RO1_1B_G-00",0.645751935692664,167.31,259.0933,"MATLAB"
"27","PiriformCortex","Iba1_RO1_1B_G-00",0.930451043256845,248.19,266.7416,"MATLAB"
"28","PiriformCortex","Iba1_RO1_1B_G-00",1.32452440800414,307.68,232.2947,"MATLAB"
"29","PiriformCortex","Iba1_RO1_1B_G-00",0.801187154561126,225.41,281.345,"MATLAB"
"30","PiriformCortex","Iba1_RO1_1B_G-00",0.916961590069576,441.94,481.9613,"MATLAB"
"31","PiriformCortex","Iba1_RO1_1B_G-00",0.403427611401424,164.2,407.0123,"MATLAB"
"32","PiriformCortex","Iba1_RO1_1B_G-00",0.904817248717315,171.82,189.8947,"MATLAB"
"33","PiriformCortex","Iba1_RO1_1B_G-00",0.890119434776027,405.11,455.1187,"MATLAB"
"34","PiriformCortex","Iba1_RO1_1B_G-00",0.874602037330325,205.32,234.7582,"MATLAB"
"35","PiriformCortex","Iba1_RO1_1B_G-00",0.392451266817893,222.8,567.7138,"MATLAB"
"36","PiriformCortex","Iba1_RO1_1B_G-00",0.921899014712355,485.32,526.4351,"MATLAB"
"37","PiriformCortex","Iba1_RO1_1B_G-00",0.841994243150008,268.24,318.577,"MATLAB"
"38","PiriformCortex","Iba1_RO1_1B_G-00",0.827013633389469,316.11,382.2307,"MATLAB"
"39","PiriformCortex","Iba1_RO1_1B_G-00",0.652572685892678,342.73,525.1982,"MATLAB"
"40","PiriformCortex","Iba1_RO1_1B_G-00",0.916244908416156,371.94,405.9395,"MATLAB"
"41","PiriformCortex","Iba1_RO1_1B_G-00",0.386454222128499,166.4,430.5814,"MATLAB"
"42","PiriformCortex","Iba1_RO1_1B_G-00",0.42255906952597,146.18,345.9398,"MATLAB"
"43","PiriformCortex","Iba1_RO1_1B_G-00",1.08496128390254,433.72,399.7562,"MATLAB"
"44","PiriformCortex","Iba1_RO1_1B_G-00",0.464720549831827,315.16,678.171,"MATLAB"
"45","PiriformCortex","Iba1_RO1_1B_G-00",0.987085534713663,256.5,259.8559,"MATLAB"
"46","PiriformCortex","Iba1_RO1_1B_G-00",0.943718699327427,232.74,246.6201,"MATLAB"
"47","PiriformCortex","Iba1_RO1_1B_G-00",0.929513570337544,308.41,331.7972,"MATLAB"
"48","PiriformCortex","Iba1_RO1_1B_G-00",0.400455760398764,185.15,462.3482,"MATLAB"
"49","PiriformCortex","Iba1_RO1_1B_G-00",0.962513384149959,420.16,436.5238,"MATLAB"
"50","PiriformCortex","Iba1_RO1_1B_G-00",0.879170727544655,234.9,267.1836,"MATLAB"
"51","PiriformCortex","Iba1_RO1_1B_G-00",1.13241449817381,329.86,291.2891,"MATLAB"
"52","PiriformCortex","Iba1_RO1_1B_G-00",1.16350195499254,204.67,175.9086,"MATLAB"
"53","PiriformCortex","Iba1_RO1_1B_G-00",0.89076758404238,265.14,297.6534,"MATLAB"
"54","PiriformCortex","Iba1_RO1_1B_G-00",1.09513845207596,321.92,293.9537,"MATLAB"
"55","PiriformCortex","Iba1_RO1_1B_G-00",0.402083323000796,227,564.5596,"MATLAB"
"56","PiriformCortex","Iba1_RO1_1B_G-00",1.0946764753422,411.77,376.1568,"MATLAB"
"57","PiriformCortex","Iba1_RO1_1B_G-00",0.872026177326152,268.87,308.3279,"MATLAB"
"58","PiriformCortex","Iba1_RO1_1B_G-00",0.759449243131487,286.92,377.8001,"MATLAB"
"59","PiriformCortex","Iba1_RO1_1B_G-00",0.863909604503521,480.48,556.1693,"MATLAB"
"60","PiriformCortex","Iba1_RO1_1B_G-00",0.862354368425535,152.9,177.3053,"MATLAB"
