"","BrainRegion","Image","AP","Areaum","Circumferenceµm","method"
"1","PiriformCortex","Iba1_RO1_1B_F-04",1.1518482962963,388.7488,337.5,"aiforia"
"2","PiriformCortex","Iba1_RO1_1B_F-04",1.11767213114754,224.9874,201.3,"aiforia"
"3","PiriformCortex","Iba1_RO1_1B_F-04",1.12571156462585,248.2194,220.5,"aiforia"
"4","PiriformCortex","Iba1_RO1_1B_F-04",1.20404392275653,317.988,264.1,"aiforia"
"5","PiriformCortex","Iba1_RO1_1B_F-04",1.46797171479081,249.1148,169.7,"aiforia"
"6","PiriformCortex","Iba1_RO1_1B_F-04",1.39231809401159,216.227,155.3,"aiforia"
"7","PiriformCortex","Iba1_RO1_1B_F-04",1.03016513761468,202.1184,196.2,"aiforia"
"8","PiriformCortex","Iba1_RO1_1B_F-04",1.36156401384083,236.0952,173.4,"aiforia"
"9","PiriformCortex","Iba1_RO1_1B_F-04",1.0672480195003,175.1354,164.1,"aiforia"
"10","PiriformCortex","Iba1_RO1_1B_F-04",1.58691385199241,418.1518,263.5,"aiforia"
"11","PiriformCortex","Iba1_RO1_1B_F-04",1.03754838709677,141.5216,136.4,"aiforia"
"12","PiriformCortex","Iba1_RO1_1B_F-04",1.09181060154854,183.315,167.9,"aiforia"
"13","PiriformCortex","Iba1_RO1_1B_F-04",1.08713846153846,141.328,130,"aiforia"
"14","PiriformCortex","Iba1_RO1_1B_F-04",1.26086976389947,165.5522,131.3,"aiforia"
"15","PiriformCortex","Iba1_RO1_1B_F-04",1.48581659388646,272.2016,183.2,"aiforia"
"16","PiriformCortex","Iba1_RO1_1B_F-04",1.21708490171476,291.005,239.1,"aiforia"
"17","PiriformCortex","Iba1_RO1_1B_F-04",1.78827859569649,315.81,176.6,"aiforia"
"18","PiriformCortex","Iba1_RO1_1B_F-04",1.40150919117647,152.4842,108.8,"aiforia"
"19","PiriformCortex","Iba1_RO1_1B_F-04",1.1242452912834,256.6652,228.3,"aiforia"
"20","PiriformCortex","Iba1_RO1_1B_F-04",1.47781959262852,304.7264,206.2,"aiforia"
"21","PiriformCortex","Iba1_RO1_1B_F-04",1.40640897755611,620.367,441.1,"aiforia"
"22","PiriformCortex","Iba1_RO1_1B_F-04",1.24233620689655,144.111,116,"aiforia"
"23","PiriformCortex","Iba1_RO1_1B_F-04",1.16784036838066,304.3392,260.6,"aiforia"
"24","PiriformCortex","Iba1_RO1_1B_F-04",1.11185044359949,175.45,157.8,"aiforia"
"25","PiriformCortex","Iba1_RO1_1B_F-04",1.0740406885759,137.2624,127.8,"aiforia"
"26","PiriformCortex","Iba1_RO1_1B_F-04",1.17155729166667,134.9634,115.2,"aiforia"
"27","PiriformCortex","Iba1_RO1_1B_F-04",1.2245857385399,144.2562,117.8,"aiforia"
"28","PiriformCortex","Iba1_RO1_1B_F-04",1.55324489795918,334.8796,215.6,"aiforia"
"29","PiriformCortex","Iba1_RO1_1B_F-04",0.994326982175784,323.554,325.4,"aiforia"
"30","PiriformCortex","Iba1_RO1_1B_F-04",1.23032061068702,241.758,196.5,"aiforia"
"31","PiriformCortex","Iba1_RO1_1B_F-04",1.24695511337344,269.467,216.1,"aiforia"
"32","PiriformCortex","Iba1_RO1_1B_F-04",1.23176537504444,346.4956,281.3,"aiforia"
"33","PiriformCortex","Iba1_RO1_1B_F-04",1.018336,267.3132,262.5,"aiforia"
"34","PiriformCortex","Iba1_RO1_1B_F-04",1.17042507122507,205.4096,175.5,"aiforia"
"35","PiriformCortex","Iba1_RO1_1B_F-04",1.64483743136787,689.0224,418.9,"aiforia"
"36","PiriformCortex","Iba1_RO1_1B_F-04",0.910099883855982,156.7192,172.2,"aiforia"
"37","PiriformCortex","Iba1_RO1_1B_F-04",1.05465364583333,161.9948,153.6,"aiforia"
"38","PiriformCortex","Iba1_RO1_1B_F-04",1.32306976744186,125.1624,94.6,"aiforia"
"39","PiriformCortex","Iba1_RO1_1B_F-04",1.50916002795248,215.9608,143.1,"aiforia"
"40","PiriformCortex","Iba1_RO1_1B_F-04",1.2804,77.4642,60.5,"aiforia"
"41","PiriformCortex","Iba1_RO1_1B_F-04",1.32445238095238,122.3794,92.4,"aiforia"
"42","PiriformCortex","Iba1_RO1_1B_F-04",1.74512065878983,487.4122,279.3,"aiforia"
"43","PiriformCortex","Iba1_RO1_1B_F-04",1.27119942196532,175.934,138.4,"aiforia"
"44","PiriformCortex","Iba1_RO1_1B_F-04",1.12068500948767,236.2404,210.8,"aiforia"
"45","PiriformCortex","Iba1_RO1_1B_F-04",1.17844640883978,213.2988,181,"aiforia"
"46","PiriformCortex","Iba1_RO1_1B_F-04",1.19485051268214,221.4058,185.3,"aiforia"
"47","PiriformCortex","Iba1_RO1_1B_F-04",1.2710931372549,155.5818,122.4,"aiforia"
"48","PiriformCortex","Iba1_RO1_1B_F-04",1.19131879787861,404.3336,339.4,"aiforia"
"49","PiriformCortex","Iba1_RO1_1B_F-04",1.17940441736481,309.7116,262.6,"aiforia"
"50","PiriformCortex","Iba1_RO1_1B_F-04",1.50769949352842,535.8364,355.4,"aiforia"
"51","PiriformCortex","Iba1_RO1_1B_F-04",1.02550275229358,223.5596,218,"aiforia"
"52","PiriformCortex","Iba1_RO1_1B_F-04",0.957204460966543,205.9904,215.2,"aiforia"
"53","PiriformCortex","Iba1_RO1_1B_F-04",1.30633757961783,287.133,219.8,"aiforia"
"54","PiriformCortex","Iba1_RO1_1B_F-04",1.21729153094463,298.9668,245.6,"aiforia"
"55","PiriformCortex","Iba1_RO1_1B_F-04",1.18393068893528,283.5514,239.5,"aiforia"
"56","PiriformCortex","Iba1_RO1_1B_F-04",1.18208376193975,160.8816,136.1,"aiforia"
"57","PiriformCortex","Iba1_RO1_1B_F-04",1.15673974895398,138.2304,119.5,"aiforia"
"58","PiriformCortex","Iba1_RO1_1B_F-04",1.35924647122693,125.1866,92.1,"aiforia"
"59","PiriformCortex","Iba1_RO1_1B_F-04",1.22252155915833,354.409,289.9,"aiforia"
"60","PiriformCortex","Iba1_RO1_1B_F-04",1.32452198852772,138.545,104.6,"aiforia"
"61","PiriformCortex","Iba1_RO1_1B_F-04",1.13788665447898,186.7272,164.1,"aiforia"
"62","PiriformCortex","Iba1_RO1_1B_F-04",1.18922888283379,174.5788,146.8,"aiforia"
"63","PiriformCortex","Iba1_RO1_1B_F-04",1.03973078214166,309.7358,297.9,"aiforia"
"64","PiriformCortex","Iba1_RO1_1B_F-04",1.09004059167527,316.8748,290.7,"aiforia"
"65","PiriformCortex","Iba1_RO1_1B_F-04",1.1428639276291,303.2018,265.3,"aiforia"
"66","PiriformCortex","Iba1_RO1_1B_F-04",1.59165135251181,370.6956,232.9,"aiforia"
"67","PiriformCortex","Iba1_RO1_1B_F-04",1.36889416846652,316.899,231.5,"aiforia"
"68","PiriformCortex","Iba1_RO1_1B_F-04",1.70761174713788,343.0592,200.9,"aiforia"
"69","PiriformCortex","Iba1_RO1_1B_F-04",1.08286478873239,307.5336,284,"aiforia"
"70","PiriformCortex","Iba1_RO1_1B_F-04",1.31963607257204,247.2998,187.4,"aiforia"
"71","PiriformCortex","Iba1_RO1_1B_F-04",1.43466043613707,138.1578,96.3,"aiforia"
"72","PiriformCortex","Iba1_RO1_1B_F-04",1.22421357742182,160.4944,131.1,"aiforia"
"73","PiriformCortex","Iba1_RO1_1B_F-04",1.15004341317365,307.2916,267.2,"aiforia"
"74","PiriformCortex","Iba1_RO1_1B_F-04",1.38322557726465,467.2536,337.8,"aiforia"
"75","PiriformCortex","Iba1_RO1_1B_F-04",1.1197988595127,216.0092,192.9,"aiforia"
"76","PiriformCortex","Iba1_RO1_1B_F-04",1.16626952526799,152.3148,130.6,"aiforia"
"77","PiriformCortex","Iba1_RO1_1B_F-04",1.09709686476369,234.4496,213.7,"aiforia"
"78","PiriformCortex","Iba1_RO1_1B_F-04",1.16127281506519,240.4996,207.1,"aiforia"
"79","PiriformCortex","Iba1_RO1_1B_F-04",1.074524970964,185.0332,172.2,"aiforia"
"80","PiriformCortex","Iba1_RO1_1B_F-04",1.08642114236999,127.4372,117.3,"aiforia"
"81","PiriformCortex","Iba1_RO1_1B_F-04",1.22296937573616,207.6602,169.8,"aiforia"
"82","PiriformCortex","Iba1_RO1_1B_F-04",1.53676588021779,169.3516,110.2,"aiforia"
"83","PiriformCortex","Iba1_RO1_1B_F-04",1.12859148112294,233.167,206.6,"aiforia"
"84","PiriformCortex","Iba1_RO1_1B_F-04",1.2284380952381,219.2762,178.5,"aiforia"
"85","PiriformCortex","Iba1_RO1_1B_F-04",1.70129794933655,282.0752,165.8,"aiforia"
"86","PiriformCortex","Iba1_RO1_1B_F-04",1.242351094196,261.1422,210.2,"aiforia"
"87","PiriformCortex","Iba1_RO1_1B_F-04",1.20477362128808,312.3978,259.3,"aiforia"
"88","PiriformCortex","Iba1_RO1_1B_F-04",1.22367067307692,203.6188,166.4,"aiforia"
"89","PiriformCortex","Iba1_RO1_1B_F-04",1.51165036319613,312.1558,206.5,"aiforia"
"90","PiriformCortex","Iba1_RO1_1B_F-04",1.28829008498584,227.3832,176.5,"aiforia"
"91","PiriformCortex","Iba1_RO1_1B_F-04",1.415947858473,228.1092,161.1,"aiforia"
"92","PiriformCortex","Iba1_RO1_1B_F-04",1.02330713547053,197.9076,193.4,"aiforia"
"93","PiriformCortex","Iba1_RO1_1B_F-04",1.19247518307567,293.1104,245.8,"aiforia"
"94","PiriformCortex","Iba1_RO1_1B_F-04",1.13235438792622,202.5782,178.9,"aiforia"
"95","PiriformCortex","Iba1_RO1_1B_F-04",1.36824648283624,243.1374,177.7,"aiforia"
"96","PiriformCortex","Iba1_RO1_1B_F-04",1.09882111899133,278.8808,253.8,"aiforia"
"97","PiriformCortex","Iba1_RO1_1B_F-04",1.25308110300081,309.0098,246.6,"aiforia"
"98","PiriformCortex","Iba1_RO1_1B_F-04",1.47399034240562,335.775,227.8,"aiforia"
"99","PiriformCortex","Iba1_RO1_1B_F-04",1.13732584269663,222.6884,195.8,"aiforia"
"100","PiriformCortex","Iba1_RO1_1B_F-04",1.15249122807018,144.5224,125.4,"aiforia"
"101","PiriformCortex","Iba1_RO1_1B_F-04",1.12908898144642,298.1924,264.1,"aiforia"
"102","PiriformCortex","Iba1_RO1_1B_F-04",1.23357219774841,252.0188,204.3,"aiforia"
"103","PiriformCortex","Iba1_RO1_1B_F-04",1.39565239852399,378.2218,271,"aiforia"
"104","PiriformCortex","Iba1_RO1_1B_F-04",1.21410347826087,279.2438,230,"aiforia"
"105","PiriformCortex","Iba1_RO1_1B_F-04",1.51053865336658,363.4356,240.6,"aiforia"
"106","PiriformCortex","Iba1_RO1_1B_F-04",1.49233333333333,74.3182,49.8,"aiforia"
"107","PiriformCortex","Iba1_RO1_1B_F-04",1.12103856041131,174.4336,155.6,"aiforia"
"108","PiriformCortex","Iba1_RO1_1B_F-04",1.57857047935453,332.6048,210.7,"aiforia"
"109","PiriformCortex","Iba1_RO1_1B_F-04",1.28109875930521,516.2828,403,"aiforia"
"110","PiriformCortex","Iba1_RO1_1B_F-04",1.42506896551724,181.8388,127.6,"aiforia"
"111","PiriformCortex","Iba1_RO1_1B_F-04",1.3477010365521,247.0336,183.3,"aiforia"
"112","PiriformCortex","Iba1_RO1_1B_F-04",1.01433500131683,385.143,379.7,"aiforia"
"113","PiriformCortex","Iba1_RO1_1B_F-04",1.24436363636364,331.2496,266.2,"aiforia"
"114","PiriformCortex","Iba1_RO1_1B_F-04",1.02601298139334,237.1116,231.1,"aiforia"
"115","PiriformCortex","Iba1_RO1_1B_F-04",1.37434236075626,268.9588,195.7,"aiforia"
"116","PiriformCortex","Iba1_RO1_1B_F-04",1.15251179039301,131.9626,114.5,"aiforia"
"117","PiriformCortex","Iba1_RO1_1B_F-04",1.02778260869565,208.0232,202.4,"aiforia"
"118","PiriformCortex","Iba1_RO1_1B_F-04",1.37038057742782,208.846,152.4,"aiforia"
"119","PiriformCortex","Iba1_RO1_1B_F-04",1.32152073732719,172.062,130.2,"aiforia"
"120","PiriformCortex","Iba1_RO1_1B_F-04",1.60894220430108,239.4106,148.8,"aiforia"
"121","PiriformCortex","Iba1_RO1_1B_F-04",1.3853302891933,273.0486,197.1,"aiforia"
"122","PiriformCortex","Iba1_RO1_1B_F-04",1.20143945578231,353.2232,294,"aiforia"
"123","PiriformCortex","Iba1_RO1_1B_F-04",1.22466316793893,256.6894,209.6,"aiforia"
"124","PiriformCortex","Iba1_RO1_1B_F-04",1.41815968925335,328.5876,231.7,"aiforia"
"125","PiriformCortex","Iba1_RO1_1B_F-04",1.20972311212815,211.4596,174.8,"aiforia"
"126","PiriformCortex","Iba1_RO1_1B_F-04",1.41546600124766,226.8992,160.3,"aiforia"
"127","PiriformCortex","Iba1_RO1_1B_F-04",0.980513170731707,100.5026,102.5,"aiforia"
"128","PiriformCortex","Iba1_RO1_1B_F-04",1.29244978375781,268.9588,208.1,"aiforia"
"129","PiriformCortex","Iba1_RO1_1B_F-04",1.56461968408262,386.3046,246.9,"aiforia"
"130","PiriformCortex","Iba1_RO1_1B_F-04",1.40224873096447,276.243,197,"aiforia"
"131","PiriformCortex","Iba1_RO1_1B_F-04",1.11283708248125,326.5064,293.4,"aiforia"
"132","PiriformCortex","Iba1_RO1_1B_F-04",1.36783962264151,318.9802,233.2,"aiforia"
"133","PiriformCortex","Iba1_RO1_1B_F-04",1.42900046360686,308.2354,215.7,"aiforia"
"134","PiriformCortex","Iba1_RO1_1B_F-04",1.06206848446417,167.4882,157.7,"aiforia"
"135","PiriformCortex","Iba1_RO1_1B_F-04",1.21984514435696,185.9044,152.4,"aiforia"
"136","PiriformCortex","Iba1_RO1_1B_F-04",1.27947148288973,403.8012,315.6,"aiforia"
"137","PiriformCortex","Iba1_RO1_1B_F-04",1.01922333333333,122.3068,120,"aiforia"
"138","PiriformCortex","Iba1_RO1_1B_F-04",1.13472803566745,432.6718,381.3,"aiforia"
"139","PiriformCortex","Iba1_RO1_1B_F-04",1.19825507900677,318.4962,265.8,"aiforia"
"140","PiriformCortex","Iba1_RO1_1B_F-04",1.28217161716172,427.3478,333.3,"aiforia"
"141","PiriformCortex","Iba1_RO1_1B_F-04",1.16618414096916,264.7238,227,"aiforia"
"142","PiriformCortex","Iba1_RO1_1B_F-04",1.33781936416185,370.3084,276.8,"aiforia"
"143","PiriformCortex","Iba1_RO1_1B_F-04",1.20150396375991,212.1856,176.6,"aiforia"
"144","PiriformCortex","Iba1_RO1_1B_F-04",1.40332382310984,196.746,140.2,"aiforia"
"145","PiriformCortex","Iba1_RO1_1B_F-04",0.975290768380321,352.8602,361.8,"aiforia"
"146","PiriformCortex","Iba1_RO1_1B_F-04",1.22128205128205,209.572,171.6,"aiforia"
"147","PiriformCortex","Iba1_RO1_1B_F-04",1.32169230769231,111.683,84.5,"aiforia"
"148","PiriformCortex","Iba1_RO1_1B_F-04",1.11900506072874,221.1154,197.6,"aiforia"
"149","PiriformCortex","Iba1_RO1_1B_F-04",1.40396390977444,186.7272,133,"aiforia"
"150","PiriformCortex","Iba1_RO1_1B_F-04",1.65682,364.5004,220,"aiforia"
"151","PiriformCortex","Iba1_RO1_1B_F-04",1.34895952023988,269.9268,200.1,"aiforia"
"152","PiriformCortex","Iba1_RO1_1B_F-04",1.2852650802435,232.2474,180.7,"aiforia"
"153","PiriformCortex","Iba1_RO1_1B_F-04",1.39892331288344,273.6294,195.6,"aiforia"
"154","PiriformCortex","Iba1_RO1_1B_F-04",1.27199690721649,246.7674,194,"aiforia"
"155","PiriformCortex","Iba1_RO1_1B_F-04",1.67109779179811,423.7904,253.6,"aiforia"
"156","PiriformCortex","Iba1_RO1_1B_F-04",1.11379814624099,324.4494,291.3,"aiforia"
"157","PiriformCortex","Iba1_RO1_1B_F-04",1.24272761904762,260.9728,210,"aiforia"
"158","PiriformCortex","Iba1_RO1_1B_F-04",1.34525679758308,311.696,231.7,"aiforia"
"159","PiriformCortex","Iba1_RO1_1B_F-04",1.24162298682284,339.2114,273.2,"aiforia"
"160","PiriformCortex","Iba1_RO1_1B_F-04",1.15890671031097,495.6644,427.7,"aiforia"
"161","PiriformCortex","Iba1_RO1_1B_F-04",1.05724342473419,377.8588,357.4,"aiforia"
"162","PiriformCortex","Iba1_RO1_1B_F-04",1.19595535714286,267.894,224,"aiforia"
"163","PiriformCortex","Iba1_RO1_1B_F-04",1.10455455904335,147.7894,133.8,"aiforia"
"164","PiriformCortex","Iba1_RO1_1B_F-04",1.29218867924528,493.0992,381.6,"aiforia"
"165","PiriformCortex","Iba1_RO1_1B_F-04",1.15533771929825,316.1004,273.6,"aiforia"
"166","PiriformCortex","Iba1_RO1_1B_F-04",1.0835301369863,158.1954,146,"aiforia"
"167","PiriformCortex","Iba1_RO1_1B_F-04",1.38876678876679,227.48,163.8,"aiforia"
"168","PiriformCortex","Iba1_RO1_1B_F-04",1.44489811738649,260.9486,180.6,"aiforia"
"169","PiriformCortex","Iba1_RO1_1B_F-04",1.1629928057554,290.9808,250.2,"aiforia"
"170","PiriformCortex","Iba1_RO1_1B_F-04",1.19387993421053,145.1758,121.6,"aiforia"
"171","PiriformCortex","Iba1_RO1_1B_F-04",1.16623576691226,348.238,298.6,"aiforia"
"172","PiriformCortex","Iba1_RO1_1B_F-04",1.12037953964194,219.0342,195.5,"aiforia"
"173","PiriformCortex","Iba1_RO1_1B_F-04",1.13889482470785,272.8792,239.6,"aiforia"
"174","PiriformCortex","Iba1_RO1_1B_F-04",1.16592971246006,218.9616,187.8,"aiforia"
"175","PiriformCortex","Iba1_RO1_1B_F-04",1.69200658978583,205.4096,121.4,"aiforia"
"176","PiriformCortex","Iba1_RO1_1B_F-04",1.144,252.9384,221.1,"aiforia"
"177","PiriformCortex","Iba1_RO1_1B_F-04",1.31075342883267,430.0582,328.1,"aiforia"
"178","PiriformCortex","Iba1_RO1_1B_F-04",1.21787792472024,239.4348,196.6,"aiforia"
"179","PiriformCortex","Iba1_RO1_1B_F-04",1.1287926720286,252.6238,223.8,"aiforia"
"180","PiriformCortex","Iba1_RO1_1B_F-04",1.49658961474037,178.6928,119.4,"aiforia"
"181","PiriformCortex","Iba1_RO1_1B_F-04",1.19872151898734,416.6756,347.6,"aiforia"
"182","PiriformCortex","Iba1_RO1_1B_F-04",1.76120947867299,185.8076,105.5,"aiforia"
"183","PiriformCortex","Iba1_RO1_1B_F-04",1.88480769230769,254.826,135.2,"aiforia"
"184","PiriformCortex","Iba1_RO1_1B_F-04",1.23812590799031,204.5384,165.2,"aiforia"
"185","PiriformCortex","Iba1_RO1_1B_F-04",1.05956247567147,272.2016,256.9,"aiforia"
"186","PiriformCortex","Iba1_RO1_1B_F-04",1.37101029748284,239.6526,174.8,"aiforia"
"187","PiriformCortex","Iba1_RO1_1B_F-04",1.25251018329939,245.993,196.4,"aiforia"
"188","PiriformCortex","Iba1_RO1_1B_F-04",1.12437192474674,310.7764,276.4,"aiforia"
"189","PiriformCortex","Iba1_RO1_1B_F-04",1.13413057530705,350.9,309.4,"aiforia"
"190","PiriformCortex","Iba1_RO1_1B_F-04",1.12922298221614,412.731,365.5,"aiforia"
"191","PiriformCortex","Iba1_RO1_1B_F-04",0.705585889570552,92.0084,130.4,"aiforia"
"192","PiriformCortex","Iba1_RO1_1B_F-04",1.39491956521739,256.6652,184,"aiforia"
"193","PiriformCortex","Iba1_RO1_1B_F-04",1.366960867266,516.9846,378.2,"aiforia"
"194","PiriformCortex","Iba1_RO1_1B_F-04",1.48835960591133,362.5644,243.6,"aiforia"
"195","PiriformCortex","Iba1_RO1_1B_F-04",1.72570942982456,314.7694,182.4,"aiforia"
"196","PiriformCortex","Iba1_RO1_1B_F-04",1.23908611212898,338.1466,272.9,"aiforia"
"197","PiriformCortex","Iba1_RO1_1B_F-04",1.19383831282953,271.7176,227.6,"aiforia"
"198","PiriformCortex","Iba1_RO1_1B_F-04",1.1636018957346,270.072,232.1,"aiforia"
"199","PiriformCortex","Iba1_RO1_1B_F-04",1.15151247401247,221.551,192.4,"aiforia"
"200","PiriformCortex","Iba1_RO1_1B_F-04",2.2590070323488,160.6154,71.1,"aiforia"
"201","PiriformCortex","Iba1_RO1_1B_F-04",1.1845446685879,164.4148,138.8,"aiforia"
"202","PiriformCortex","Iba1_RO1_1B_F-04",0.951518272425249,229.1256,240.8,"aiforia"
"203","PiriformCortex","Iba1_RO1_1B_F-04",1.66628491620112,298.265,179,"aiforia"
"204","PiriformCortex","Iba1_RO1_1B_F-04",1.40630805789587,650.98,462.9,"aiforia"
"205","PiriformCortex","Iba1_RO1_1B_F-04",1.20609830908376,306.7108,254.3,"aiforia"
"206","PiriformCortex","Iba1_RO1_1B_F-04",0.961979627815867,491.0906,510.5,"aiforia"
"207","PiriformCortex","Iba1_RO1_1B_F-04",1.89876923076923,350.5128,184.6,"aiforia"
"208","PiriformCortex","Iba1_RO1_1B_F-04",1.7709419525066,134.2374,75.8,"aiforia"
"209","PiriformCortex","Iba1_RO1_1B_F-04",1.59412130177515,107.7626,67.6,"aiforia"
"210","PiriformCortex","Iba1_RO1_1B_F-04",1.19087715665977,345.1162,289.8,"aiforia"
"211","PiriformCortex","Iba1_RO1_1B_F-04",0.987731101511879,182.9278,185.2,"aiforia"
"212","PiriformCortex","Iba1_RO1_1B_F-04",1.4549802955665,118.1444,81.2,"aiforia"
"213","PiriformCortex","Iba1_RO1_1B_F-04",1.43265778594396,311.8896,217.7,"aiforia"
"214","PiriformCortex","Iba1_RO1_1B_F-04",1.08575435294118,230.7228,212.5,"aiforia"
"215","PiriformCortex","Iba1_RO1_1B_F-04",1.13032777374909,155.8722,137.9,"aiforia"
"216","PiriformCortex","Iba1_RO1_1B_F-04",1.2758594548552,299.5718,234.8,"aiforia"
"217","PiriformCortex","Iba1_RO1_1B_F-04",1.06173519736842,129.107,121.6,"aiforia"
"218","PiriformCortex","Iba1_RO1_1B_F-04",1.28267731629393,281.0346,219.1,"aiforia"
"219","PiriformCortex","Iba1_RO1_1B_F-04",1.22372419420645,299.9348,245.1,"aiforia"
"220","PiriformCortex","Iba1_RO1_1B_F-04",1.51811603375527,287.8348,189.6,"aiforia"
"221","PiriformCortex","Iba1_RO1_1B_F-04",1.12497555205047,285.2938,253.6,"aiforia"
"222","PiriformCortex","Iba1_RO1_1B_F-04",1.0319286033021,231.2552,224.1,"aiforia"
"223","PiriformCortex","Iba1_RO1_1B_F-04",1.48283071553229,169.9324,114.6,"aiforia"
"224","PiriformCortex","Iba1_RO1_1B_F-04",1.36981652421652,240.4028,175.5,"aiforia"
"225","PiriformCortex","Iba1_RO1_1B_F-04",1.11708928571429,187.671,168,"aiforia"
"226","PiriformCortex","Iba1_RO1_1B_F-04",1.66910108303249,184.9364,110.8,"aiforia"
"227","PiriformCortex","Iba1_RO1_1B_F-04",1.66299527983817,246.6222,148.3,"aiforia"
"228","PiriformCortex","Iba1_RO1_1B_F-04",1.04997106382979,370.1148,352.5,"aiforia"
"229","PiriformCortex","Iba1_RO1_1B_F-04",1.44874489795918,312.3494,215.6,"aiforia"
"230","PiriformCortex","Iba1_RO1_1B_F-04",1.38610602409639,230.0936,166,"aiforia"
"231","PiriformCortex","Iba1_RO1_1B_F-04",1.15505647461495,202.4814,175.3,"aiforia"
"232","PiriformCortex","Iba1_RO1_1B_F-04",1.1068038147139,162.4788,146.8,"aiforia"
"233","PiriformCortex","Iba1_RO1_1B_F-04",1.28235631293571,331.1044,258.2,"aiforia"
"234","PiriformCortex","Iba1_RO1_1B_F-04",1.58176501766784,179.0558,113.2,"aiforia"
"235","PiriformCortex","Iba1_RO1_1B_F-04",1.27351340996169,265.9096,208.8,"aiforia"
"236","PiriformCortex","Iba1_RO1_1B_F-04",0.966300263388938,110.0616,113.9,"aiforia"
"237","PiriformCortex","Iba1_RO1_1B_F-04",1.09108421052632,228.0366,209,"aiforia"
"238","PiriformCortex","Iba1_RO1_1B_F-04",1.60347838023336,233.6268,145.7,"aiforia"
"239","PiriformCortex","Iba1_RO1_1B_F-04",1.24853346855984,369.3162,295.8,"aiforia"
"240","PiriformCortex","Iba1_RO1_1B_F-04",1.3257911576498,455.807,343.8,"aiforia"
"241","PiriformCortex","Iba1_RO1_1B_F-04",1.45124058577406,138.7386,95.6,"aiforia"
"242","PiriformCortex","Iba1_RO1_1B_F-04",1.18459947780679,226.8508,191.5,"aiforia"
"243","PiriformCortex","Iba1_RO1_1B_F-04",1.13225339366516,175.1596,154.7,"aiforia"
"244","PiriformCortex","Iba1_RO1_1B_F-04",1.39865591397849,338.195,241.8,"aiforia"
"245","PiriformCortex","Iba1_RO1_1B_F-04",1.21334948096886,280.5264,231.2,"aiforia"
"246","PiriformCortex","Iba1_RO1_1B_F-04",1.56915656679432,696.5486,443.9,"aiforia"
"247","PiriformCortex","Iba1_RO1_1B_F-04",1.47426993865031,312.3978,211.9,"aiforia"
"248","PiriformCortex","Iba1_RO1_1B_F-04",0.968578947368421,202.433,209,"aiforia"
"249","PiriformCortex","Iba1_RO1_1B_F-04",1.46088862559242,123.299,84.4,"aiforia"
"250","PiriformCortex","Iba1_RO1_1B_F-04",1.2257654723127,225.786,184.2,"aiforia"
"251","PiriformCortex","Iba1_RO1_1B_F-04",1.01918332690081,264.0704,259.1,"aiforia"
"252","PiriformCortex","Iba1_RO1_1B_F-04",1.05418306154655,200.4002,190.1,"aiforia"
"253","PiriformCortex","Iba1_RO1_1B_F-04",1.4295719406042,279.1954,195.3,"aiforia"
"254","PiriformCortex","Iba1_RO1_1B_F-04",1.1371495766698,120.879,106.3,"aiforia"
"255","PiriformCortex","Iba1_RO1_1B_F-04",1.12440260798696,137.9642,122.7,"aiforia"
"256","PiriformCortex","Iba1_RO1_1B_F-04",1.29655350897645,556.0918,428.9,"aiforia"
"257","PiriformCortex","Iba1_RO1_1B_F-04",1.17984844258484,253.7854,215.1,"aiforia"
"258","PiriformCortex","Iba1_RO1_1B_F-04",1.31880932556203,316.778,240.2,"aiforia"
"259","PiriformCortex","Iba1_RO1_1B_F-04",1.25273005093379,147.5716,117.8,"aiforia"
"260","PiriformCortex","Iba1_RO1_1B_F-04",1.57097368421053,131.3334,83.6,"aiforia"
"261","PiriformCortex","Iba1_RO1_1B_F-04",1.36829678123295,250.8088,183.3,"aiforia"
"262","PiriformCortex","Iba1_RO1_1B_F-04",1.15763810435615,241.8306,208.9,"aiforia"
"263","PiriformCortex","Iba1_RO1_1B_F-04",1.17546271604938,238.0312,202.5,"aiforia"
"264","PiriformCortex","Iba1_RO1_1B_F-04",1.29017379497624,190.0426,147.3,"aiforia"
"265","PiriformCortex","Iba1_RO1_1B_F-04",1.2833978021978,175.1838,136.5,"aiforia"
"266","PiriformCortex","Iba1_RO1_1B_F-04",1.24155313038484,432.3088,348.2,"aiforia"
"267","PiriformCortex","Iba1_RO1_1B_F-04",1.50151331719128,124.025,82.6,"aiforia"
"268","PiriformCortex","Iba1_RO1_1B_F-04",1.23590705394191,148.9268,120.5,"aiforia"
"269","PiriformCortex","Iba1_RO1_1B_F-04",1.16178403041825,152.7746,131.5,"aiforia"
"270","PiriformCortex","Iba1_RO1_1B_F-04",1.0324355016538,187.2838,181.4,"aiforia"
"271","PiriformCortex","Iba1_RO1_1B_F-04",1.25345994832041,194.0356,154.8,"aiforia"
"272","PiriformCortex","Iba1_RO1_1B_F-04",1.40849613402062,218.5986,155.2,"aiforia"
"273","PiriformCortex","Iba1_RO1_1B_F-04",1.29864269662921,231.1584,178,"aiforia"
"274","PiriformCortex","Iba1_RO1_1B_F-04",1.4720388677651,348.4316,236.7,"aiforia"
"275","PiriformCortex","Iba1_RO1_1B_F-04",1.21767673716012,161.2204,132.4,"aiforia"
"276","PiriformCortex","Iba1_RO1_1B_F-04",1.18134105193516,357.1194,302.3,"aiforia"
"277","PiriformCortex","Iba1_RO1_1B_F-04",1.36146352941176,520.7598,382.5,"aiforia"
"278","PiriformCortex","Iba1_RO1_1B_F-04",1.11832007233273,371.0586,331.8,"aiforia"
"279","PiriformCortex","Iba1_RO1_1B_F-04",1.04330410183876,147.5232,141.4,"aiforia"
"280","PiriformCortex","Iba1_RO1_1B_F-04",1.46398499249625,292.6506,199.9,"aiforia"
"281","PiriformCortex","Iba1_RO1_1B_F-04",1.21310920770878,339.9132,280.2,"aiforia"
"282","PiriformCortex","Iba1_RO1_1B_F-04",1.77869099032018,238.8782,134.3,"aiforia"
"283","PiriformCortex","Iba1_RO1_1B_F-04",1.16712641594925,257.5848,220.7,"aiforia"
"284","PiriformCortex","Iba1_RO1_1B_F-04",1.10283698296837,181.3064,164.4,"aiforia"
"285","PiriformCortex","Iba1_RO1_1B_F-04",1.54857399425287,431.123,278.4,"aiforia"
"286","PiriformCortex","Iba1_RO1_1B_F-04",2.48279300291545,255.4794,102.9,"aiforia"
"287","PiriformCortex","Iba1_RO1_1B_F-04",1.34559412890874,210.8546,156.7,"aiforia"
"288","PiriformCortex","Iba1_RO1_1B_F-04",0.992655682582381,295.2158,297.4,"aiforia"
"289","PiriformCortex","Iba1_RO1_1B_F-04",1.05000831600832,202.0216,192.4,"aiforia"
"290","PiriformCortex","Iba1_RO1_1B_F-04",1.41441831238779,157.5662,111.4,"aiforia"
"291","PiriformCortex","Iba1_RO1_1B_F-04",1.3196457523598,237.6682,180.1,"aiforia"
"292","PiriformCortex","Iba1_RO1_1B_F-04",1.36230706319703,366.4606,269,"aiforia"
"293","PiriformCortex","Iba1_RO1_1B_F-04",1.07745799115603,170.5616,158.3,"aiforia"
"294","PiriformCortex","Iba1_RO1_1B_F-04",1.09183446121812,209.7414,192.1,"aiforia"
"295","PiriformCortex","Iba1_RO1_1B_F-04",1.37367149758454,199.045,144.9,"aiforia"
"296","PiriformCortex","Iba1_RO1_1B_F-04",1.07287008040626,253.5192,236.3,"aiforia"
"297","PiriformCortex","Iba1_RO1_1B_F-04",1.18225626204239,245.4364,207.6,"aiforia"
"298","PiriformCortex","Iba1_RO1_1B_F-04",1.83764562569214,165.9394,90.3,"aiforia"
"299","PiriformCortex","Iba1_RO1_1B_F-04",1.00168041237113,174.8934,174.6,"aiforia"
"300","PiriformCortex","Iba1_RO1_1B_F-04",1.2027880794702,363.242,302,"aiforia"
"301","PiriformCortex","Iba1_RO1_1B_F-04",1.16314854717597,356.2724,306.3,"aiforia"
"302","PiriformCortex","Iba1_RO1_1B_F-04",1.16917503656753,239.7978,205.1,"aiforia"
"303","PiriformCortex","Iba1_RO1_1B_F-04",1.40575392670157,53.6998,38.2,"aiforia"
"304","PiriformCortex","Iba1_RO1_1B_F-04",1.41387283777466,302.4274,213.9,"aiforia"
"305","PiriformCortex","Iba1_RO1_1B_F-04",1.42389677419355,507.6192,356.5,"aiforia"
"306","PiriformCortex","Iba1_RO1_1B_F-04",1.29080479452055,301.532,233.6,"aiforia"
"307","PiriformCortex","Iba1_RO1_1B_F-04",1.05317948717949,225.907,214.5,"aiforia"
"308","PiriformCortex","Iba1_RO1_1B_F-04",1.36407612456747,197.109,144.5,"aiforia"
"309","PiriformCortex","Iba1_RO1_1B_F-04",1.75662103505843,105.2216,59.9,"aiforia"
"310","PiriformCortex","Iba1_RO1_1B_F-04",1.43826751592357,248.3888,172.7,"aiforia"
"311","PiriformCortex","Iba1_RO1_1B_F-04",1.28744560185185,222.4706,172.8,"aiforia"
"312","PiriformCortex","Iba1_RO1_1B_F-04",1.7221617357002,261.9408,152.1,"aiforia"
"313","PiriformCortex","Iba1_RO1_1B_F-04",1.57978041002278,346.7618,219.5,"aiforia"
"314","PiriformCortex","Iba1_RO1_1B_F-04",1.19339841688654,180.9192,151.6,"aiforia"
"315","PiriformCortex","Iba1_RO1_1B_F-04",1.24859630856602,263.8284,211.3,"aiforia"
"316","PiriformCortex","Iba1_RO1_1B_F-04",1.06532013574661,188.3486,176.8,"aiforia"
"317","PiriformCortex","Iba1_RO1_1B_F-04",1.51743808995003,546.5812,360.2,"aiforia"
"318","PiriformCortex","Iba1_RO1_1B_F-04",1.09947707979626,194.2776,176.7,"aiforia"
"319","PiriformCortex","Iba1_RO1_1B_F-04",1.54778437047757,213.9038,138.2,"aiforia"
"320","PiriformCortex","Iba1_RO1_1B_F-04",2.32316224648986,297.8294,128.2,"aiforia"
"321","PiriformCortex","Iba1_RO1_1B_F-04",1.99859733333333,224.8422,112.5,"aiforia"
"322","PiriformCortex","Iba1_RO1_1B_F-04",1.47821495327103,347.9718,235.4,"aiforia"
"323","PiriformCortex","Iba1_RO1_1B_F-04",1.16231222008957,181.6694,156.3,"aiforia"
"324","PiriformCortex","Iba1_RO1_1B_F-04",1.18140293203021,265.9338,225.1,"aiforia"
"325","PiriformCortex","Iba1_RO1_1B_F-04",1.32920143516146,259.3272,195.1,"aiforia"
"326","PiriformCortex","Iba1_RO1_1B_F-04",1.12328618576143,238.249,212.1,"aiforia"
"327","PiriformCortex","Iba1_RO1_1B_F-04",1.2852045616536,180.3142,140.3,"aiforia"
"328","PiriformCortex","Iba1_RO1_1B_F-04",1.4527419519673,284.3016,195.7,"aiforia"
"329","PiriformCortex","Iba1_RO1_1B_F-04",1.51411942347289,220.6072,145.7,"aiforia"
"330","PiriformCortex","Iba1_RO1_1B_F-04",1.22054675118859,154.033,126.2,"aiforia"
"331","PiriformCortex","Iba1_RO1_1B_F-04",1.3432801082544,99.2684,73.9,"aiforia"
"332","PiriformCortex","Iba1_RO1_1B_F-04",1.10711876075731,128.6472,116.2,"aiforia"
"333","PiriformCortex","Iba1_RO1_1B_F-04",1.26322032520325,310.7522,246,"aiforia"
"334","PiriformCortex","Iba1_RO1_1B_F-04",1.40666490765172,213.2504,151.6,"aiforia"
"335","PiriformCortex","Iba1_RO1_1B_F-04",1.0824438247012,271.6934,251,"aiforia"
"336","PiriformCortex","Iba1_RO1_1B_F-04",1.29623337515684,206.6196,159.4,"aiforia"
"337","PiriformCortex","Iba1_RO1_1B_F-04",1.32740309155767,223.2692,168.2,"aiforia"
"338","PiriformCortex","Iba1_RO1_1B_F-04",1.25368133704735,225.0358,179.5,"aiforia"
"339","PiriformCortex","Iba1_RO1_1B_F-04",1.29668232530828,220.825,170.3,"aiforia"
"340","PiriformCortex","Iba1_RO1_1B_F-04",1.01405416963649,142.2718,140.3,"aiforia"
"341","PiriformCortex","Iba1_RO1_1B_F-04",1.18629896907216,161.0994,135.8,"aiforia"
"342","PiriformCortex","Iba1_RO1_1B_F-04",1.40020719602978,225.7134,161.2,"aiforia"
"343","PiriformCortex","Iba1_RO1_1B_F-04",1.18813253012048,177.507,149.4,"aiforia"
"344","PiriformCortex","Iba1_RO1_1B_F-04",1.21365743073048,96.3644,79.4,"aiforia"
"345","PiriformCortex","Iba1_RO1_1B_F-04",1.18644425956739,285.2212,240.4,"aiforia"
"346","PiriformCortex","Iba1_RO1_1B_F-04",2.15794475138122,351.5292,162.9,"aiforia"
"347","PiriformCortex","Iba1_RO1_1B_F-04",1.08231081081081,176.2002,162.8,"aiforia"
"348","PiriformCortex","Iba1_RO1_1B_F-04",1.21811173184358,196.2378,161.1,"aiforia"
"349","PiriformCortex","Iba1_RO1_1B_F-04",0.969328343313373,194.2534,200.4,"aiforia"
"350","PiriformCortex","Iba1_RO1_1B_F-04",1.47651982378855,201.102,136.2,"aiforia"
"351","PiriformCortex","Iba1_RO1_1B_F-04",0.98750966316952,178.838,181.1,"aiforia"
