"","BrainRegion","Image","AP","Areaum","Circumferenceµm","method"
"1","OlfactoryBulb","Iba1_RO1_1B_M-04",1.14719864750634,135.7136,118.3,"aiforia"
"2","OlfactoryBulb","Iba1_RO1_1B_M-04",1.32071534512265,231.5214,175.3,"aiforia"
"3","OlfactoryBulb","Iba1_RO1_1B_M-04",1.31867292225201,98.373,74.6,"aiforia"
"4","OlfactoryBulb","Iba1_RO1_1B_M-04",1.03172518382353,224.5034,217.6,"aiforia"
"5","OlfactoryBulb","Iba1_RO1_1B_M-04",1.17361750986724,327.0872,278.7,"aiforia"
"6","OlfactoryBulb","Iba1_RO1_1B_M-04",1.43511627906977,197.472,137.6,"aiforia"
"7","OlfactoryBulb","Iba1_RO1_1B_M-04",1.48837423312883,48.521,32.6,"aiforia"
"8","OlfactoryBulb","Iba1_RO1_1B_M-04",1.15265067290813,196.988,170.9,"aiforia"
"9","OlfactoryBulb","Iba1_RO1_1B_M-04",1.7335457348407,168.674,97.3,"aiforia"
"10","OlfactoryBulb","Iba1_RO1_1B_M-04",1.35339568345324,206.9342,152.9,"aiforia"
"11","OlfactoryBulb","Iba1_RO1_1B_M-04",1.3845659967409,254.8986,184.1,"aiforia"
"12","OlfactoryBulb","Iba1_RO1_1B_M-04",0.96859802306425,117.5878,121.4,"aiforia"
"13","OlfactoryBulb","Iba1_RO1_1B_M-04",0.962357512953368,111.441,115.8,"aiforia"
"14","OlfactoryBulb","Iba1_RO1_1B_M-04",1.19456140350877,149.798,125.4,"aiforia"
"15","OlfactoryBulb","Iba1_RO1_1B_M-04",1.36954308093995,209.814,153.2,"aiforia"
"16","OlfactoryBulb","Iba1_RO1_1B_M-04",1.12806859382656,230.2388,204.1,"aiforia"
"17","OlfactoryBulb","Iba1_RO1_1B_M-04",1.11692307692308,196.02,175.5,"aiforia"
"18","OlfactoryBulb","Iba1_RO1_1B_M-04",1.51365700185071,245.3638,162.1,"aiforia"
"19","OlfactoryBulb","Iba1_RO1_1B_M-04",1.2120455136541,186.4126,153.8,"aiforia"
"20","OlfactoryBulb","Iba1_RO1_1B_M-04",1.37773395565928,354.2154,257.1,"aiforia"
"21","OlfactoryBulb","Iba1_RO1_1B_M-04",1.36651535836177,240.2334,175.8,"aiforia"
"22","OlfactoryBulb","Iba1_RO1_1B_M-04",1.13565517241379,108.6822,95.7,"aiforia"
"23","OlfactoryBulb","Iba1_RO1_1B_M-04",1.26854531126872,160.9784,126.9,"aiforia"
"24","OlfactoryBulb","Iba1_RO1_1B_M-04",1.66368466522678,77.0286,46.3,"aiforia"
"25","OlfactoryBulb","Iba1_RO1_1B_M-04",1.14243381535039,308.1144,269.7,"aiforia"
"26","OlfactoryBulb","Iba1_RO1_1B_M-04",1.2834360410831,137.456,107.1,"aiforia"
"27","OlfactoryBulb","Iba1_RO1_1B_M-04",1.05030456852792,165.528,157.6,"aiforia"
"28","OlfactoryBulb","Iba1_RO1_1B_M-04",1.09889379699248,233.8446,212.8,"aiforia"
"29","OlfactoryBulb","Iba1_RO1_1B_M-04",1.3208512636994,590.5526,447.1,"aiforia"
"30","OlfactoryBulb","Iba1_RO1_1B_M-04",1.53777981651376,184.3798,119.9,"aiforia"
"31","OlfactoryBulb","Iba1_RO1_1B_M-04",1.21755342136855,101.4222,83.3,"aiforia"
"32","OlfactoryBulb","Iba1_RO1_1B_M-04",1.33840623781676,343.3012,256.5,"aiforia"
"33","OlfactoryBulb","Iba1_RO1_1B_M-04",1.22926304691618,233.1912,189.7,"aiforia"
"34","OlfactoryBulb","Iba1_RO1_1B_M-04",0.851502771179731,107.5448,126.3,"aiforia"
"35","OlfactoryBulb","Iba1_RO1_1B_M-04",1.21100082712986,146.41,120.9,"aiforia"
"36","OlfactoryBulb","Iba1_RO1_1B_M-04",1.06226396440929,214.896,202.3,"aiforia"
"37","OlfactoryBulb","Iba1_RO1_1B_M-04",1.21429303547963,184.8154,152.2,"aiforia"
"38","OlfactoryBulb","Iba1_RO1_1B_M-04",1.2227096498719,286.3586,234.2,"aiforia"
"39","OlfactoryBulb","Iba1_RO1_1B_M-04",1.09758500669344,245.9688,224.1,"aiforia"
"40","OlfactoryBulb","Iba1_RO1_1B_M-04",1.2621540166205,227.8188,180.5,"aiforia"
"41","OlfactoryBulb","Iba1_RO1_1B_M-04",1.27711077618689,169.4726,132.7,"aiforia"
"42","OlfactoryBulb","Iba1_RO1_1B_M-04",1.06790204310104,381.5614,357.3,"aiforia"
"43","OlfactoryBulb","Iba1_RO1_1B_M-04",1.227015625,157.058,128,"aiforia"
"44","OlfactoryBulb","Iba1_RO1_1B_M-04",1.23585163204748,124.9446,101.1,"aiforia"
"45","OlfactoryBulb","Iba1_RO1_1B_M-04",1.30123076923077,409.3672,314.6,"aiforia"
"46","OlfactoryBulb","Iba1_RO1_1B_M-04",1.26230642954856,184.5492,146.2,"aiforia"
"47","OlfactoryBulb","Iba1_RO1_1B_M-04",1.29244406779661,76.2542,59,"aiforia"
"48","OlfactoryBulb","Iba1_RO1_1B_M-04",1.3567956043956,185.2026,136.5,"aiforia"
"49","OlfactoryBulb","Iba1_RO1_1B_M-04",1.35681253107907,272.855,201.1,"aiforia"
"50","OlfactoryBulb","Iba1_RO1_1B_M-04",1.16464070612669,224.3098,192.6,"aiforia"
"51","OlfactoryBulb","Iba1_RO1_1B_M-04",1.15358282208589,94.017,81.5,"aiforia"
"52","OlfactoryBulb","Iba1_RO1_1B_M-04",1.42235287221571,242.6534,170.6,"aiforia"
"53","OlfactoryBulb","Iba1_RO1_1B_M-04",1.09254104211278,153.065,140.1,"aiforia"
"54","OlfactoryBulb","Iba1_RO1_1B_M-04",1.12174117647059,333.718,297.5,"aiforia"
"55","OlfactoryBulb","Iba1_RO1_1B_M-04",1.09705099562895,225.8828,205.9,"aiforia"
"56","OlfactoryBulb","Iba1_RO1_1B_M-04",1.29462576687117,147.7168,114.1,"aiforia"
"57","OlfactoryBulb","Iba1_RO1_1B_M-04",1.10021273166801,136.5364,124.1,"aiforia"
"58","OlfactoryBulb","Iba1_RO1_1B_M-04",1.13211494252874,315.1808,278.4,"aiforia"
"59","OlfactoryBulb","Iba1_RO1_1B_M-04",0.984257197696737,153.8394,156.3,"aiforia"
"60","OlfactoryBulb","Iba1_RO1_1B_M-04",1.01381291759465,91.0404,89.8,"aiforia"
"61","OlfactoryBulb","Iba1_RO1_1B_M-04",1.61382259287339,212.8632,131.9,"aiforia"
"62","OlfactoryBulb","Iba1_RO1_1B_M-04",1.09890774360874,296.5952,269.9,"aiforia"
"63","OlfactoryBulb","Iba1_RO1_1B_M-04",1.18909674234946,481.822,405.2,"aiforia"
"64","OlfactoryBulb","Iba1_RO1_1B_M-04",1.3502817551963,175.4016,129.9,"aiforia"
"65","OlfactoryBulb","Iba1_RO1_1B_M-04",0.991718407960199,199.3354,201,"aiforia"
"66","OlfactoryBulb","Iba1_RO1_1B_M-04",1.22961365021328,201.7796,164.1,"aiforia"
"67","OlfactoryBulb","Iba1_RO1_1B_M-04",0.967007615700059,165.0682,170.7,"aiforia"
"68","OlfactoryBulb","Iba1_RO1_1B_M-04",1.40362593783494,261.9166,186.6,"aiforia"
"69","OlfactoryBulb","Iba1_RO1_1B_M-04",1.17016183035714,209.693,179.2,"aiforia"
"70","OlfactoryBulb","Iba1_RO1_1B_M-04",1.15677322404372,169.3516,146.4,"aiforia"
"71","OlfactoryBulb","Iba1_RO1_1B_M-04",1.20702927289896,255.6488,211.8,"aiforia"
"72","OlfactoryBulb","Iba1_RO1_1B_M-04",1.06553180396246,204.369,191.8,"aiforia"
"73","OlfactoryBulb","Iba1_RO1_1B_M-04",1.10237326273991,166.5686,151.1,"aiforia"
"74","OlfactoryBulb","Iba1_RO1_1B_M-04",1.04150782422294,485.8634,466.5,"aiforia"
"75","OlfactoryBulb","Iba1_RO1_1B_M-04",1.43783930131004,329.2652,229,"aiforia"
"76","OlfactoryBulb","Iba1_RO1_1B_M-04",1.14445024077047,285.197,249.2,"aiforia"
"77","OlfactoryBulb","Iba1_RO1_1B_M-04",1.44647976453274,196.5766,135.9,"aiforia"
"78","OlfactoryBulb","Iba1_RO1_1B_M-04",1.39105185185185,169.0128,121.5,"aiforia"
"79","OlfactoryBulb","Iba1_RO1_1B_M-04",1.08024174279691,307.4368,284.6,"aiforia"
"80","OlfactoryBulb","Iba1_RO1_1B_M-04",1.10579495268139,210.3222,190.2,"aiforia"
"81","OlfactoryBulb","Iba1_RO1_1B_M-04",1.0733655438984,388.773,362.2,"aiforia"
"82","OlfactoryBulb","Iba1_RO1_1B_M-04",1.19518921953958,212.8632,178.1,"aiforia"
"83","OlfactoryBulb","Iba1_RO1_1B_M-04",1.1938021978022,119.4996,100.1,"aiforia"
"84","OlfactoryBulb","Iba1_RO1_1B_M-04",1.66949967341607,255.6004,153.1,"aiforia"
"85","OlfactoryBulb","Iba1_RO1_1B_M-04",1.03366579360922,197.3268,190.9,"aiforia"
"86","OlfactoryBulb","Iba1_RO1_1B_M-04",1.4042,169.9082,121,"aiforia"
"87","OlfactoryBulb","Iba1_RO1_1B_M-04",1.09940327533265,214.8234,195.4,"aiforia"
"88","OlfactoryBulb","Iba1_RO1_1B_M-04",1.35982647058824,184.9364,136,"aiforia"
"89","OlfactoryBulb","Iba1_RO1_1B_M-04",1.28339530516432,273.3632,213,"aiforia"
"90","OlfactoryBulb","Iba1_RO1_1B_M-04",1.26726984126984,175.6436,138.6,"aiforia"
"91","OlfactoryBulb","Iba1_RO1_1B_M-04",1.41340712945591,226.0038,159.9,"aiforia"
"92","OlfactoryBulb","Iba1_RO1_1B_M-04",0.766398703403566,47.2868,61.7,"aiforia"
"93","OlfactoryBulb","Iba1_RO1_1B_M-04",1.05433271719039,285.197,270.5,"aiforia"
"94","OlfactoryBulb","Iba1_RO1_1B_M-04",1.51165210222589,183.3634,121.3,"aiforia"
"95","OlfactoryBulb","Iba1_RO1_1B_M-04",1.33523592085236,175.45,131.4,"aiforia"
"96","OlfactoryBulb","Iba1_RO1_1B_M-04",1.31762548764629,202.6508,153.8,"aiforia"
"97","OlfactoryBulb","Iba1_RO1_1B_M-04",1.12842696629213,251.075,222.5,"aiforia"
"98","OlfactoryBulb","Iba1_RO1_1B_M-04",1.11944889420203,187.2838,167.3,"aiforia"
"99","OlfactoryBulb","Iba1_RO1_1B_M-04",1.16711665182547,262.1344,224.6,"aiforia"
"100","OlfactoryBulb","Iba1_RO1_1B_M-04",1.20212426035503,203.159,169,"aiforia"
"101","OlfactoryBulb","Iba1_RO1_1B_M-04",1.13484652278177,378.5848,333.6,"aiforia"
"102","OlfactoryBulb","Iba1_RO1_1B_M-04",1.15730466605672,252.9868,218.6,"aiforia"
"103","OlfactoryBulb","Iba1_RO1_1B_M-04",1.5110243902439,105.3184,69.7,"aiforia"
"104","OlfactoryBulb","Iba1_RO1_1B_M-04",1.3884978425027,514.855,370.8,"aiforia"
"105","OlfactoryBulb","Iba1_RO1_1B_M-04",1.38446861404599,222.761,160.9,"aiforia"
"106","OlfactoryBulb","Iba1_RO1_1B_M-04",1.24472372561359,197.7866,158.9,"aiforia"
"107","OlfactoryBulb","Iba1_RO1_1B_M-04",1.55636534839925,247.929,159.3,"aiforia"
"108","OlfactoryBulb","Iba1_RO1_1B_M-04",1.09740029542097,148.588,135.4,"aiforia"
"109","OlfactoryBulb","Iba1_RO1_1B_M-04",1.48426666666667,200.376,135,"aiforia"
"110","OlfactoryBulb","Iba1_RO1_1B_M-04",1.19832144355854,285.56,238.3,"aiforia"
"111","OlfactoryBulb","Iba1_RO1_1B_M-04",1.28920249574589,227.2864,176.3,"aiforia"
"112","OlfactoryBulb","Iba1_RO1_1B_M-04",1.07148148148148,63.646,59.4,"aiforia"
"113","OlfactoryBulb","Iba1_RO1_1B_M-04",1.78420361247947,108.658,60.9,"aiforia"
"114","OlfactoryBulb","Iba1_RO1_1B_M-04",1.1287210626186,178.4508,158.1,"aiforia"
"115","OlfactoryBulb","Iba1_RO1_1B_M-04",1.0439884009942,126.0094,120.7,"aiforia"
"116","OlfactoryBulb","Iba1_RO1_1B_M-04",1.24477645985401,272.855,219.2,"aiforia"
"117","OlfactoryBulb","Iba1_RO1_1B_M-04",1.48458345021038,105.8508,71.3,"aiforia"
"118","OlfactoryBulb","Iba1_RO1_1B_M-04",1.19394022289767,235.6838,197.4,"aiforia"
"119","OlfactoryBulb","Iba1_RO1_1B_M-04",1.1325362259517,276.6786,244.3,"aiforia"
"120","OlfactoryBulb","Iba1_RO1_1B_M-04",1.13723367697595,132.374,116.4,"aiforia"
"121","OlfactoryBulb","Iba1_RO1_1B_M-04",1.24379888268156,289.432,232.7,"aiforia"
"122","OlfactoryBulb","Iba1_RO1_1B_M-04",1.17570459081836,176.7084,150.3,"aiforia"
"123","OlfactoryBulb","Iba1_RO1_1B_M-04",1.26952562225476,260.1258,204.9,"aiforia"
"124","OlfactoryBulb","Iba1_RO1_1B_M-04",1.51618165304269,166.9316,110.1,"aiforia"
"125","OlfactoryBulb","Iba1_RO1_1B_M-04",1.48059273927393,224.3098,151.5,"aiforia"
"126","OlfactoryBulb","Iba1_RO1_1B_M-04",1.24157103372029,224.6002,180.9,"aiforia"
"127","OlfactoryBulb","Iba1_RO1_1B_M-04",1.38399006951341,418.1034,302.1,"aiforia"
"128","OlfactoryBulb","Iba1_RO1_1B_M-04",1.24380579216354,146.0228,117.4,"aiforia"
"129","OlfactoryBulb","Iba1_RO1_1B_M-04",1.18063822714681,213.1052,180.5,"aiforia"
"130","OlfactoryBulb","Iba1_RO1_1B_M-04",1.26755300859599,176.9504,139.6,"aiforia"
"131","OlfactoryBulb","Iba1_RO1_1B_M-04",1.28160418027433,196.2136,153.1,"aiforia"
"132","OlfactoryBulb","Iba1_RO1_1B_M-04",1.42482984658298,204.3206,143.4,"aiforia"
"133","OlfactoryBulb","Iba1_RO1_1B_M-04",1.25547651006711,243.1858,193.7,"aiforia"
"134","OlfactoryBulb","Iba1_RO1_1B_M-04",1.2032194796531,180.3626,149.9,"aiforia"
"135","OlfactoryBulb","Iba1_RO1_1B_M-04",1.43058905704307,245.7752,171.8,"aiforia"
"136","OlfactoryBulb","Iba1_RO1_1B_M-04",1.14547832369942,158.5342,138.4,"aiforia"
"137","OlfactoryBulb","Iba1_RO1_1B_M-04",1.13596347031963,199.0208,175.2,"aiforia"
"138","OlfactoryBulb","Iba1_RO1_1B_M-04",1.25029741763134,140.4084,112.3,"aiforia"
"139","OlfactoryBulb","Iba1_RO1_1B_M-04",0.950499634769905,130.1234,136.9,"aiforia"
"140","OlfactoryBulb","Iba1_RO1_1B_M-04",1.0350364321608,164.7778,159.2,"aiforia"
"141","OlfactoryBulb","Iba1_RO1_1B_M-04",1.12636941410129,113.4254,100.7,"aiforia"
"142","OlfactoryBulb","Iba1_RO1_1B_M-04",1.28549491790461,164.4148,127.9,"aiforia"
"143","OlfactoryBulb","Iba1_RO1_1B_M-04",1.37646666666667,136.2702,99,"aiforia"
"144","OlfactoryBulb","Iba1_RO1_1B_M-04",1.23746878547106,218.042,176.2,"aiforia"
"145","OlfactoryBulb","Iba1_RO1_1B_M-04",1.19117589348283,169.9808,142.7,"aiforia"
"146","OlfactoryBulb","Iba1_RO1_1B_M-04",1.1832010029252,283.14,239.3,"aiforia"
"147","OlfactoryBulb","Iba1_RO1_1B_M-04",0.973033277870216,116.9586,120.2,"aiforia"
"148","OlfactoryBulb","Iba1_RO1_1B_M-04",1.15549126213592,119.0156,103,"aiforia"
"149","OlfactoryBulb","Iba1_RO1_1B_M-04",1.4159984089101,177.991,125.7,"aiforia"
"150","OlfactoryBulb","Iba1_RO1_1B_M-04",1.33165092647938,222.7852,167.3,"aiforia"
"151","OlfactoryBulb","Iba1_RO1_1B_M-04",1.81361498439126,174.2884,96.1,"aiforia"
"152","OlfactoryBulb","Iba1_RO1_1B_M-04",1.17329126832377,184.0894,156.9,"aiforia"
"153","OlfactoryBulb","Iba1_RO1_1B_M-04",1.46747544022243,158.3406,107.9,"aiforia"
"154","OlfactoryBulb","Iba1_RO1_1B_M-04",1.33791732629727,152.1212,113.7,"aiforia"
"155","OlfactoryBulb","Iba1_RO1_1B_M-04",1.3078118466899,225.2052,172.2,"aiforia"
"156","OlfactoryBulb","Iba1_RO1_1B_M-04",1.5022925416365,207.4666,138.1,"aiforia"
"157","OlfactoryBulb","Iba1_RO1_1B_M-04",1.05385979971388,147.3296,139.8,"aiforia"
"158","OlfactoryBulb","Iba1_RO1_1B_M-04",1.0976625,193.1886,176,"aiforia"
"159","OlfactoryBulb","Iba1_RO1_1B_M-04",1.57767310344828,228.7626,145,"aiforia"
"160","OlfactoryBulb","Iba1_RO1_1B_M-04",1.11642465753425,179.2978,160.6,"aiforia"
"161","OlfactoryBulb","Iba1_RO1_1B_M-04",1.49728790786948,156.0174,104.2,"aiforia"
"162","OlfactoryBulb","Iba1_RO1_1B_M-04",1.08622749590835,132.737,122.2,"aiforia"
"163","OlfactoryBulb","Iba1_RO1_1B_M-04",0.844555555555556,133.7776,158.4,"aiforia"
"164","OlfactoryBulb","Iba1_RO1_1B_M-04",1.32627824906685,390.8542,294.7,"aiforia"
"165","OlfactoryBulb","Iba1_RO1_1B_M-04",1.33409060240964,276.8238,207.5,"aiforia"
"166","OlfactoryBulb","Iba1_RO1_1B_M-04",1.09975047258979,174.5304,158.7,"aiforia"
"167","OlfactoryBulb","Iba1_RO1_1B_M-04",1.42308370607029,222.7126,156.5,"aiforia"
"168","OlfactoryBulb","Iba1_RO1_1B_M-04",1.28331176470588,218.163,170,"aiforia"
"169","OlfactoryBulb","Iba1_RO1_1B_M-04",1.13721940298507,152.3874,134,"aiforia"
"170","OlfactoryBulb","Iba1_RO1_1B_M-04",1.34174921383648,341.341,254.4,"aiforia"
"171","OlfactoryBulb","Iba1_RO1_1B_M-04",1.17977318007663,153.9604,130.5,"aiforia"
"172","OlfactoryBulb","Iba1_RO1_1B_M-04",1.22714960629921,233.772,190.5,"aiforia"
"173","OlfactoryBulb","Iba1_RO1_1B_M-04",1.34688827516947,536.4656,398.3,"aiforia"
"174","OlfactoryBulb","Iba1_RO1_1B_M-04",1.49823034482759,217.2434,145,"aiforia"
"175","OlfactoryBulb","Iba1_RO1_1B_M-04",1.18573065902579,124.146,104.7,"aiforia"
"176","OlfactoryBulb","Iba1_RO1_1B_M-04",1.1125035971223,154.638,139,"aiforia"
"177","OlfactoryBulb","Iba1_RO1_1B_M-04",1.15674973488865,218.163,188.6,"aiforia"
"178","OlfactoryBulb","Iba1_RO1_1B_M-04",1.19118072289157,108.7548,91.3,"aiforia"
"179","OlfactoryBulb","Iba1_RO1_1B_M-04",0.915747263681592,92.0326,100.5,"aiforia"
"180","OlfactoryBulb","Iba1_RO1_1B_M-04",1.30247154471545,176.2244,135.3,"aiforia"
"181","OlfactoryBulb","Iba1_RO1_1B_M-04",1.09602351212344,149.1688,136.1,"aiforia"
"182","OlfactoryBulb","Iba1_RO1_1B_M-04",1.40873646723647,197.7866,140.4,"aiforia"
"183","OlfactoryBulb","Iba1_RO1_1B_M-04",1.13248721804511,225.9312,199.5,"aiforia"
"184","OlfactoryBulb","Iba1_RO1_1B_M-04",1.09226507936508,137.6254,126,"aiforia"
"185","OlfactoryBulb","Iba1_RO1_1B_M-04",1.36866051059207,251.9704,184.1,"aiforia"
"186","OlfactoryBulb","Iba1_RO1_1B_M-04",1.47037974683544,139.392,94.8,"aiforia"
"187","OlfactoryBulb","Iba1_RO1_1B_M-04",1.19126551503519,186.1948,156.3,"aiforia"
"188","OlfactoryBulb","Iba1_RO1_1B_M-04",1.63248603351955,116.886,71.6,"aiforia"
"189","OlfactoryBulb","Iba1_RO1_1B_M-04",1.369822721598,109.7228,80.1,"aiforia"
"190","OlfactoryBulb","Iba1_RO1_1B_M-04",1.22899732381802,137.7706,112.1,"aiforia"
"191","OlfactoryBulb","Iba1_RO1_1B_M-04",1.10073241781107,264.506,240.3,"aiforia"
"192","OlfactoryBulb","Iba1_RO1_1B_M-04",1.03114344600165,250.1554,242.6,"aiforia"
"193","OlfactoryBulb","Iba1_RO1_1B_M-04",1.34194315245478,207.7328,154.8,"aiforia"
"194","OlfactoryBulb","Iba1_RO1_1B_M-04",1.66649451645065,167.1494,100.3,"aiforia"
"195","OlfactoryBulb","Iba1_RO1_1B_M-04",1.56084019769357,189.486,121.4,"aiforia"
"196","OlfactoryBulb","Iba1_RO1_1B_M-04",1.35551743182603,392.6934,289.7,"aiforia"
"197","OlfactoryBulb","Iba1_RO1_1B_M-04",1.42505462184874,135.6652,95.2,"aiforia"
"198","OlfactoryBulb","Iba1_RO1_1B_M-04",1.05651499634236,144.4256,136.7,"aiforia"
"199","OlfactoryBulb","Iba1_RO1_1B_M-04",1.32819607843137,223.5354,168.3,"aiforia"
"200","OlfactoryBulb","Iba1_RO1_1B_M-04",1.53834342012667,218.5986,142.1,"aiforia"
"201","OlfactoryBulb","Iba1_RO1_1B_M-04",1.00399367088608,158.631,158,"aiforia"
"202","OlfactoryBulb","Iba1_RO1_1B_M-04",0.972856747404844,140.5778,144.5,"aiforia"
"203","OlfactoryBulb","Iba1_RO1_1B_M-04",1.09285797101449,188.518,172.5,"aiforia"
"204","OlfactoryBulb","Iba1_RO1_1B_M-04",0.943880018894662,199.8194,211.7,"aiforia"
"205","OlfactoryBulb","Iba1_RO1_1B_M-04",1.62623214285714,200.3518,123.2,"aiforia"
"206","OlfactoryBulb","Iba1_RO1_1B_M-04",1.42660313630881,236.5308,165.8,"aiforia"
"207","OlfactoryBulb","Iba1_RO1_1B_M-04",1.17083714578354,342.9382,292.9,"aiforia"
"208","OlfactoryBulb","Iba1_RO1_1B_M-04",1.29846885245902,158.4132,122,"aiforia"
"209","OlfactoryBulb","Iba1_RO1_1B_M-04",1.06087800534283,357.4098,336.9,"aiforia"
"210","OlfactoryBulb","Iba1_RO1_1B_M-04",1.23760138248848,107.4238,86.8,"aiforia"
"211","OlfactoryBulb","Iba1_RO1_1B_M-04",1.20563583478767,207.2488,171.9,"aiforia"
"212","OlfactoryBulb","Iba1_RO1_1B_M-04",1.17676394849785,54.8372,46.6,"aiforia"
"213","OlfactoryBulb","Iba1_RO1_1B_M-04",1.01806323024055,148.1282,145.5,"aiforia"
"214","OlfactoryBulb","Iba1_RO1_1B_M-04",1.09049014778325,177.0956,162.4,"aiforia"
"215","OlfactoryBulb","Iba1_RO1_1B_M-04",1.42215799614644,147.62,103.8,"aiforia"
"216","OlfactoryBulb","Iba1_RO1_1B_M-04",1.05306820566632,200.7148,190.6,"aiforia"
"217","OlfactoryBulb","Iba1_RO1_1B_M-04",1.34580227596017,189.2198,140.6,"aiforia"
"218","OlfactoryBulb","Iba1_RO1_1B_M-04",1.07581981981982,131.3576,122.1,"aiforia"
"219","OlfactoryBulb","Iba1_RO1_1B_M-04",1.13140836012862,105.5604,93.3,"aiforia"
"220","OlfactoryBulb","Iba1_RO1_1B_M-04",1.26156013745704,220.2684,174.6,"aiforia"
"221","OlfactoryBulb","Iba1_RO1_1B_M-04",1.14530926829268,117.3942,102.5,"aiforia"
"222","OlfactoryBulb","Iba1_RO1_1B_M-04",1.45236722306525,382.844,263.6,"aiforia"
"223","OlfactoryBulb","Iba1_RO1_1B_M-04",1.35971935315597,260.6582,191.7,"aiforia"
"224","OlfactoryBulb","Iba1_RO1_1B_M-04",1.04138790697674,111.9492,107.5,"aiforia"
"225","OlfactoryBulb","Iba1_RO1_1B_M-04",1.23259308847476,681.2542,552.7,"aiforia"
"226","OlfactoryBulb","Iba1_RO1_1B_M-04",1.07330217566479,266.3936,248.2,"aiforia"
"227","OlfactoryBulb","Iba1_RO1_1B_M-04",1.18704774029281,186.4852,157.1,"aiforia"
"228","OlfactoryBulb","Iba1_RO1_1B_M-04",1.2592,228.5448,181.5,"aiforia"
"229","OlfactoryBulb","Iba1_RO1_1B_M-04",1.08296523929471,214.9686,198.5,"aiforia"
"230","OlfactoryBulb","Iba1_RO1_1B_M-04",1.2968872305141,156.4046,120.6,"aiforia"
"231","OlfactoryBulb","Iba1_RO1_1B_M-04",1.50435368043088,167.585,111.4,"aiforia"
"232","OlfactoryBulb","Iba1_RO1_1B_M-04",1.25141443298969,121.3872,97,"aiforia"
"233","OlfactoryBulb","Iba1_RO1_1B_M-04",1.25551868271058,198.2464,157.9,"aiforia"
"234","OlfactoryBulb","Iba1_RO1_1B_M-04",1.22685037037037,82.8124,67.5,"aiforia"
"235","OlfactoryBulb","Iba1_RO1_1B_M-04",1.27547898164594,215.4284,168.9,"aiforia"
"236","OlfactoryBulb","Iba1_RO1_1B_M-04",1.35281408450704,288.1494,213,"aiforia"
"237","OlfactoryBulb","Iba1_RO1_1B_M-04",1.35789923076923,353.0538,260,"aiforia"
"238","OlfactoryBulb","Iba1_RO1_1B_M-04",0.970733059548255,189.0988,194.8,"aiforia"
"239","OlfactoryBulb","Iba1_RO1_1B_M-04",1.55102270381837,601.1764,387.6,"aiforia"
"240","OlfactoryBulb","Iba1_RO1_1B_M-04",1.13011046885035,175.9582,155.7,"aiforia"
"241","OlfactoryBulb","Iba1_RO1_1B_M-04",1.16841136671177,86.3456,73.9,"aiforia"
"242","OlfactoryBulb","Iba1_RO1_1B_M-04",1.23311070559611,202.7234,164.4,"aiforia"
"243","OlfactoryBulb","Iba1_RO1_1B_M-04",1.69614451261077,248.8244,146.7,"aiforia"
"244","OlfactoryBulb","Iba1_RO1_1B_M-04",1.07555555555556,81.312,75.6,"aiforia"
"245","OlfactoryBulb","Iba1_RO1_1B_M-04",1.1862703180212,268.5716,226.4,"aiforia"
"246","OlfactoryBulb","Iba1_RO1_1B_M-04",1.4426650390625,295.4578,204.8,"aiforia"
"247","OlfactoryBulb","Iba1_RO1_1B_M-04",1.43387158145065,120.5886,84.1,"aiforia"
"248","OlfactoryBulb","Iba1_RO1_1B_M-04",1.13427108057464,181.5968,160.1,"aiforia"
"249","OlfactoryBulb","Iba1_RO1_1B_M-04",1.21915995115995,299.5476,245.7,"aiforia"
"250","OlfactoryBulb","Iba1_RO1_1B_M-04",1.17811156022635,291.4648,247.4,"aiforia"
"251","OlfactoryBulb","Iba1_RO1_1B_M-04",1.14255438066465,302.5484,264.8,"aiforia"
"252","OlfactoryBulb","Iba1_RO1_1B_M-04",1.31389781021898,396.0088,301.4,"aiforia"
"253","OlfactoryBulb","Iba1_RO1_1B_M-04",1.17233774834437,318.6414,271.8,"aiforia"
"254","OlfactoryBulb","Iba1_RO1_1B_M-04",1.21432529043789,271.766,223.8,"aiforia"
"255","OlfactoryBulb","Iba1_RO1_1B_M-04",1.21840351648352,277.1868,227.5,"aiforia"
"256","OlfactoryBulb","Iba1_RO1_1B_M-04",1.18173144104804,216.4932,183.2,"aiforia"
"257","OlfactoryBulb","Iba1_RO1_1B_M-04",1.12577450980392,275.5896,244.8,"aiforia"
"258","OlfactoryBulb","Iba1_RO1_1B_M-04",1.05947269624573,124.1702,117.2,"aiforia"
"259","OlfactoryBulb","Iba1_RO1_1B_M-04",1.42532283464567,144.8128,101.6,"aiforia"
"260","OlfactoryBulb","Iba1_RO1_1B_M-04",1.1799414556962,149.1446,126.4,"aiforia"
"261","OlfactoryBulb","Iba1_RO1_1B_M-04",1.0300863251311,255.3584,247.9,"aiforia"
"262","OlfactoryBulb","Iba1_RO1_1B_M-04",1.00549422718808,269.9752,268.5,"aiforia"
"263","OlfactoryBulb","Iba1_RO1_1B_M-04",1.47503172413793,213.8796,145,"aiforia"
"264","OlfactoryBulb","Iba1_RO1_1B_M-04",1.07823967570307,425.5812,394.7,"aiforia"
"265","OlfactoryBulb","Iba1_RO1_1B_M-04",1.40239463601533,73.205,52.2,"aiforia"
"266","OlfactoryBulb","Iba1_RO1_1B_M-04",1.28739589977221,282.5834,219.5,"aiforia"
"267","OlfactoryBulb","Iba1_RO1_1B_M-04",0.908004909180167,184.9606,203.7,"aiforia"
"268","OlfactoryBulb","Iba1_RO1_1B_M-04",1.17214730447988,308.7436,263.4,"aiforia"
"269","OlfactoryBulb","Iba1_RO1_1B_M-04",1.28458105939005,160.0588,124.6,"aiforia"
"270","OlfactoryBulb","Iba1_RO1_1B_M-04",1.37572031076582,123.9524,90.1,"aiforia"
"271","OlfactoryBulb","Iba1_RO1_1B_M-04",1.12631671283472,243.9602,216.6,"aiforia"
"272","OlfactoryBulb","Iba1_RO1_1B_M-04",1.18815990308904,196.1652,165.1,"aiforia"
"273","OlfactoryBulb","Iba1_RO1_1B_M-04",1.5398553688824,210.8062,136.9,"aiforia"
"274","OlfactoryBulb","Iba1_RO1_1B_M-04",1.4192204561161,205.3612,144.7,"aiforia"
"275","OlfactoryBulb","Iba1_RO1_1B_M-04",1.24133246584255,190.7928,153.7,"aiforia"
"276","OlfactoryBulb","Iba1_RO1_1B_M-04",1.23615622161671,136.1008,110.1,"aiforia"
"277","OlfactoryBulb","Iba1_RO1_1B_M-04",1.07078125,226.149,211.2,"aiforia"
"278","OlfactoryBulb","Iba1_RO1_1B_M-04",1.09856744186047,212.5728,193.5,"aiforia"
"279","OlfactoryBulb","Iba1_RO1_1B_M-04",1.26696756255792,273.4116,215.8,"aiforia"
"280","OlfactoryBulb","Iba1_RO1_1B_M-04",1.26541596638655,180.7014,142.8,"aiforia"
"281","OlfactoryBulb","Iba1_RO1_1B_M-04",1.38481288076588,318.23,229.8,"aiforia"
"282","OlfactoryBulb","Iba1_RO1_1B_M-04",0.991884922301554,236.1678,238.1,"aiforia"
"283","OlfactoryBulb","Iba1_RO1_1B_M-04",1.23688888888889,171.4328,138.6,"aiforia"
"284","OlfactoryBulb","Iba1_RO1_1B_M-04",1.27173469387755,186.945,147,"aiforia"
"285","OlfactoryBulb","Iba1_RO1_1B_M-04",1.36532530120482,124.6542,91.3,"aiforia"
"286","OlfactoryBulb","Iba1_RO1_1B_M-04",1.31496610169492,170.6826,129.8,"aiforia"
"287","OlfactoryBulb","Iba1_RO1_1B_M-04",1.37927621483376,215.7188,156.4,"aiforia"
"288","OlfactoryBulb","Iba1_RO1_1B_M-04",1.27773043146239,334.6376,261.9,"aiforia"
"289","OlfactoryBulb","Iba1_RO1_1B_M-04",1.45107101727447,453.6048,312.6,"aiforia"
"290","OlfactoryBulb","Iba1_RO1_1B_M-04",1.12595265812961,290.158,257.7,"aiforia"
"291","OlfactoryBulb","Iba1_RO1_1B_M-04",1.17246273830156,270.6044,230.8,"aiforia"
"292","OlfactoryBulb","Iba1_RO1_1B_M-04",1.28142361111111,110.715,86.4,"aiforia"
"293","OlfactoryBulb","Iba1_RO1_1B_M-04",1.30326516853933,115.9906,89,"aiforia"
"294","OlfactoryBulb","Iba1_RO1_1B_M-04",1.12088097660224,220.3652,196.6,"aiforia"
"295","OlfactoryBulb","Iba1_RO1_1B_M-04",1.21719490325625,257.9236,211.9,"aiforia"
"296","OlfactoryBulb","Iba1_RO1_1B_M-04",1.19565217391304,181.5,151.8,"aiforia"
"297","OlfactoryBulb","Iba1_RO1_1B_M-04",0.98635393258427,140.4568,142.4,"aiforia"
"298","OlfactoryBulb","Iba1_RO1_1B_M-04",1.4497345814978,263.2718,181.6,"aiforia"
"299","OlfactoryBulb","Iba1_RO1_1B_M-04",1.35544139650873,163.0596,120.3,"aiforia"
"300","OlfactoryBulb","Iba1_RO1_1B_M-04",1.24106103822019,217.558,175.3,"aiforia"
"301","OlfactoryBulb","Iba1_RO1_1B_M-04",1.3857095709571,125.961,90.9,"aiforia"
"302","OlfactoryBulb","Iba1_RO1_1B_M-04",1.21305247225025,240.427,198.2,"aiforia"
"303","OlfactoryBulb","Iba1_RO1_1B_M-04",1.14489117291415,189.365,165.4,"aiforia"
"304","OlfactoryBulb","Iba1_RO1_1B_M-04",1.14794871794872,250.712,218.4,"aiforia"
"305","OlfactoryBulb","Iba1_RO1_1B_M-04",1.05274186851211,152.1212,144.5,"aiforia"
"306","OlfactoryBulb","Iba1_RO1_1B_M-04",1.32149051490515,146.289,110.7,"aiforia"
"307","OlfactoryBulb","Iba1_RO1_1B_M-04",1.17547510094213,349.3512,297.2,"aiforia"
"308","OlfactoryBulb","Iba1_RO1_1B_M-04",1.09538121546961,218.0904,199.1,"aiforia"
"309","OlfactoryBulb","Iba1_RO1_1B_M-04",1.21226168224299,194.568,160.5,"aiforia"
"310","OlfactoryBulb","Iba1_RO1_1B_M-04",1.06645985970382,136.8268,128.3,"aiforia"
"311","OlfactoryBulb","Iba1_RO1_1B_M-04",1.05416376122557,199.5532,189.3,"aiforia"
"312","OlfactoryBulb","Iba1_RO1_1B_M-04",1.31893890675241,246.114,186.6,"aiforia"
"313","OlfactoryBulb","Iba1_RO1_1B_M-04",1.30138707334786,179.201,137.7,"aiforia"
"314","OlfactoryBulb","Iba1_RO1_1B_M-04",1.36673333333333,496.1242,363,"aiforia"
"315","OlfactoryBulb","Iba1_RO1_1B_M-04",1.14639835002946,194.5438,169.7,"aiforia"
"316","OlfactoryBulb","Iba1_RO1_1B_M-04",1.30716168478261,192.4142,147.2,"aiforia"
"317","OlfactoryBulb","Iba1_RO1_1B_M-04",1.60460874704492,271.4998,169.2,"aiforia"
"318","OlfactoryBulb","Iba1_RO1_1B_M-04",1.2883760552571,167.8754,130.3,"aiforia"
"319","OlfactoryBulb","Iba1_RO1_1B_M-04",1.36634752186589,234.3286,171.5,"aiforia"
"320","OlfactoryBulb","Iba1_RO1_1B_M-04",1.16628795811518,133.6566,114.6,"aiforia"
"321","OlfactoryBulb","Iba1_RO1_1B_M-04",1.31252149321267,232.0538,176.8,"aiforia"
"322","OlfactoryBulb","Iba1_RO1_1B_M-04",1.20417692852088,170.1502,141.3,"aiforia"
"323","OlfactoryBulb","Iba1_RO1_1B_M-04",1.28690060240964,170.9004,132.8,"aiforia"
"324","OlfactoryBulb","Iba1_RO1_1B_M-04",1.08859017781541,257.125,236.2,"aiforia"
"325","OlfactoryBulb","Iba1_RO1_1B_M-04",1.34577649769585,233.6268,173.6,"aiforia"
"326","OlfactoryBulb","Iba1_RO1_1B_M-04",1.13153365596128,257.1976,227.3,"aiforia"
"327","OlfactoryBulb","Iba1_RO1_1B_M-04",1.19865197740113,212.1614,177,"aiforia"
"328","OlfactoryBulb","Iba1_RO1_1B_M-04",1.19502101078932,210.4432,176.1,"aiforia"
"329","OlfactoryBulb","Iba1_RO1_1B_M-04",1.15363770794824,249.6472,216.4,"aiforia"
"330","OlfactoryBulb","Iba1_RO1_1B_M-04",1.31278826530612,308.7678,235.2,"aiforia"
"331","OlfactoryBulb","Iba1_RO1_1B_M-04",0.975300956585725,132.5434,135.9,"aiforia"
"332","OlfactoryBulb","Iba1_RO1_1B_M-04",1.4072487804878,317.3346,225.5,"aiforia"
"333","OlfactoryBulb","Iba1_RO1_1B_M-04",1.29575375375375,302.0402,233.1,"aiforia"
"334","OlfactoryBulb","Iba1_RO1_1B_M-04",1.32252415458937,328.515,248.4,"aiforia"
"335","OlfactoryBulb","Iba1_RO1_1B_M-04",1.399288,384.8042,275,"aiforia"
"336","OlfactoryBulb","Iba1_RO1_1B_M-04",1.19053740648379,190.9622,160.4,"aiforia"
"337","OlfactoryBulb","Iba1_RO1_1B_M-04",1.15688571428571,267.2406,231,"aiforia"
"338","OlfactoryBulb","Iba1_RO1_1B_M-04",1.1261002004008,224.7696,199.6,"aiforia"
"339","OlfactoryBulb","Iba1_RO1_1B_M-04",1.47651158798283,172.0136,116.5,"aiforia"
"340","OlfactoryBulb","Iba1_RO1_1B_M-04",1.15745819070905,236.7002,204.5,"aiforia"
"341","OlfactoryBulb","Iba1_RO1_1B_M-04",1.57384173913043,180.9918,115,"aiforia"
"342","OlfactoryBulb","Iba1_RO1_1B_M-04",1.48205500644607,344.8742,232.7,"aiforia"
"343","OlfactoryBulb","Iba1_RO1_1B_M-04",1.12454512416717,185.6624,165.1,"aiforia"
"344","OlfactoryBulb","Iba1_RO1_1B_M-04",1.39312449145647,171.215,122.9,"aiforia"
"345","OlfactoryBulb","Iba1_RO1_1B_M-04",1.27820744081172,113.377,88.7,"aiforia"
"346","OlfactoryBulb","Iba1_RO1_1B_M-04",1.17044230769231,304.315,260,"aiforia"
"347","OlfactoryBulb","Iba1_RO1_1B_M-04",1.50961904761905,177.5312,117.6,"aiforia"
"348","OlfactoryBulb","Iba1_RO1_1B_M-04",1.42786136939983,168.916,118.3,"aiforia"
"349","OlfactoryBulb","Iba1_RO1_1B_M-04",1.0696253776435,70.8092,66.2,"aiforia"
"350","OlfactoryBulb","Iba1_RO1_1B_M-04",1.13723587038433,150.9112,132.7,"aiforia"
"351","OlfactoryBulb","Iba1_RO1_1B_M-04",1.20094280908326,285.5842,237.8,"aiforia"
"352","OlfactoryBulb","Iba1_RO1_1B_M-04",1.2163768115942,276.969,227.7,"aiforia"
"353","OlfactoryBulb","Iba1_RO1_1B_M-04",1.23721580547112,122.1132,98.7,"aiforia"
"354","OlfactoryBulb","Iba1_RO1_1B_M-04",1.16233682207422,244.3232,210.2,"aiforia"
"355","OlfactoryBulb","Iba1_RO1_1B_M-04",1.11979282218597,137.2866,122.6,"aiforia"
"356","OlfactoryBulb","Iba1_RO1_1B_M-04",1.40189242336611,242.3872,172.9,"aiforia"
"357","OlfactoryBulb","Iba1_RO1_1B_M-04",1.12416901408451,263.3928,234.3,"aiforia"
"358","OlfactoryBulb","Iba1_RO1_1B_M-04",1.38952522255193,93.654,67.4,"aiforia"
"359","OlfactoryBulb","Iba1_RO1_1B_M-04",1.37413456321215,253.253,184.3,"aiforia"
"360","OlfactoryBulb","Iba1_RO1_1B_M-04",1.60753959484346,349.1576,217.2,"aiforia"
"361","OlfactoryBulb","Iba1_RO1_1B_M-04",1.17362204724409,163.955,139.7,"aiforia"
"362","OlfactoryBulb","Iba1_RO1_1B_M-04",1.37078082191781,220.1474,160.6,"aiforia"
"363","OlfactoryBulb","Iba1_RO1_1B_M-04",1.10738064516129,188.8084,170.5,"aiforia"
"364","OlfactoryBulb","Iba1_RO1_1B_M-04",1.10063816793893,144.1836,131,"aiforia"
"365","OlfactoryBulb","Iba1_RO1_1B_M-04",0.951833865814697,327.7164,344.3,"aiforia"
"366","OlfactoryBulb","Iba1_RO1_1B_M-04",1.05761932144911,183.92,173.9,"aiforia"
"367","OlfactoryBulb","Iba1_RO1_1B_M-04",0.997617910447761,200.5212,201,"aiforia"
"368","OlfactoryBulb","Iba1_RO1_1B_M-04",1.12371249215317,179.0074,159.3,"aiforia"
"369","OlfactoryBulb","Iba1_RO1_1B_M-04",1.11699351351351,206.6438,185,"aiforia"
"370","OlfactoryBulb","Iba1_RO1_1B_M-04",1.03819847328244,204.006,196.5,"aiforia"
"371","OlfactoryBulb","Iba1_RO1_1B_M-04",1.01912361623616,110.473,108.4,"aiforia"
"372","OlfactoryBulb","Iba1_RO1_1B_M-04",1.16715017211704,542.4914,464.8,"aiforia"
"373","OlfactoryBulb","Iba1_RO1_1B_M-04",1.21472920156337,217.558,179.1,"aiforia"
"374","OlfactoryBulb","Iba1_RO1_1B_M-04",1.40351493848858,159.72,113.8,"aiforia"
"375","OlfactoryBulb","Iba1_RO1_1B_M-04",1.18172952011634,243.7908,206.3,"aiforia"
"376","OlfactoryBulb","Iba1_RO1_1B_M-04",1.25866039004707,187.1628,148.7,"aiforia"
"377","OlfactoryBulb","Iba1_RO1_1B_M-04",0.974962301587302,98.2762,100.8,"aiforia"
"378","OlfactoryBulb","Iba1_RO1_1B_M-04",1.28733756613757,121.6534,94.5,"aiforia"
"379","OlfactoryBulb","Iba1_RO1_1B_M-04",0.937188328912467,176.66,188.5,"aiforia"
"380","OlfactoryBulb","Iba1_RO1_1B_M-04",1.14772186379928,160.1072,139.5,"aiforia"
"381","OlfactoryBulb","Iba1_RO1_1B_M-04",1.51361258684103,370.381,244.7,"aiforia"
"382","OlfactoryBulb","Iba1_RO1_1B_M-04",1.24672050905531,254.705,204.3,"aiforia"
"383","OlfactoryBulb","Iba1_RO1_1B_M-04",1.37210403397028,129.2522,94.2,"aiforia"
"384","OlfactoryBulb","Iba1_RO1_1B_M-04",1.4898125,123.9524,83.2,"aiforia"
"385","OlfactoryBulb","Iba1_RO1_1B_M-04",1.01817683557394,196.9154,193.4,"aiforia"
"386","OlfactoryBulb","Iba1_RO1_1B_M-04",0.917244688142563,267.652,291.8,"aiforia"
"387","OlfactoryBulb","Iba1_RO1_1B_M-04",1.10249099722992,318.3994,288.8,"aiforia"
"388","OlfactoryBulb","Iba1_RO1_1B_M-04",1.19598139534884,282.8496,236.5,"aiforia"
"389","OlfactoryBulb","Iba1_RO1_1B_M-04",1.47609212481426,99.341,67.3,"aiforia"
"390","OlfactoryBulb","Iba1_RO1_1B_M-04",1.41423365300785,162.2126,114.7,"aiforia"
"391","OlfactoryBulb","Iba1_RO1_1B_M-04",1.23721968365554,211.1934,170.7,"aiforia"
"392","OlfactoryBulb","Iba1_RO1_1B_M-04",1.34247155812036,162.8418,121.3,"aiforia"
"393","OlfactoryBulb","Iba1_RO1_1B_M-04",1.110912,152.7504,137.5,"aiforia"
"394","OlfactoryBulb","Iba1_RO1_1B_M-04",1.16987209960385,206.7164,176.7,"aiforia"
"395","OlfactoryBulb","Iba1_RO1_1B_M-04",1.32494134477825,277.8402,209.7,"aiforia"
"396","OlfactoryBulb","Iba1_RO1_1B_M-04",1.56053820598007,187.8888,120.4,"aiforia"
"397","OlfactoryBulb","Iba1_RO1_1B_M-04",1.03322141560799,113.861,110.2,"aiforia"
"398","OlfactoryBulb","Iba1_RO1_1B_M-04",1.06382419354839,131.9142,124,"aiforia"
"399","OlfactoryBulb","Iba1_RO1_1B_M-04",1.18639438596491,169.0612,142.5,"aiforia"
"400","OlfactoryBulb","Iba1_RO1_1B_M-04",1.36427188465499,132.4708,97.1,"aiforia"
"401","OlfactoryBulb","Iba1_RO1_1B_M-04",1.16148356054531,289.674,249.4,"aiforia"
"402","OlfactoryBulb","Iba1_RO1_1B_M-04",1.07824621461488,163.7856,151.9,"aiforia"
"403","OlfactoryBulb","Iba1_RO1_1B_M-04",1.43132776230269,154.154,107.7,"aiforia"
"404","OlfactoryBulb","Iba1_RO1_1B_M-04",1.18534965719882,242.0484,204.2,"aiforia"
"405","OlfactoryBulb","Iba1_RO1_1B_M-04",1.11539804096171,250.5184,224.6,"aiforia"
"406","OlfactoryBulb","Iba1_RO1_1B_M-04",0.965851011346818,195.778,202.7,"aiforia"
"407","OlfactoryBulb","Iba1_RO1_1B_M-04",1.25229483282675,82.401,65.8,"aiforia"
"408","OlfactoryBulb","Iba1_RO1_1B_M-04",1.4721299332119,242.4598,164.7,"aiforia"
"409","OlfactoryBulb","Iba1_RO1_1B_M-04",1.09920289855072,166.859,151.8,"aiforia"
"410","OlfactoryBulb","Iba1_RO1_1B_M-04",1.13655505819158,126.9532,111.7,"aiforia"
"411","OlfactoryBulb","Iba1_RO1_1B_M-04",0.9322808,233.0702,250,"aiforia"
"412","OlfactoryBulb","Iba1_RO1_1B_M-04",1.13806431372549,290.2064,255,"aiforia"
"413","OlfactoryBulb","Iba1_RO1_1B_M-04",1.25002095671982,274.3796,219.5,"aiforia"
"414","OlfactoryBulb","Iba1_RO1_1B_M-04",1.40229856281873,302.4758,215.7,"aiforia"
"415","OlfactoryBulb","Iba1_RO1_1B_M-04",1.4442087804878,296.0628,205,"aiforia"
"416","OlfactoryBulb","Iba1_RO1_1B_M-04",1.12132698844324,164.9472,147.1,"aiforia"
"417","OlfactoryBulb","Iba1_RO1_1B_M-04",1.40233333333333,101.8094,72.6,"aiforia"
"418","OlfactoryBulb","Iba1_RO1_1B_M-04",1.20035163398693,183.6538,153,"aiforia"
"419","OlfactoryBulb","Iba1_RO1_1B_M-04",1.40496770472895,243.6214,173.4,"aiforia"
"420","OlfactoryBulb","Iba1_RO1_1B_M-04",1.089,268.5474,246.6,"aiforia"
"421","OlfactoryBulb","Iba1_RO1_1B_M-04",1.1622796957285,198.6336,170.9,"aiforia"
"422","OlfactoryBulb","Iba1_RO1_1B_M-04",1.31159369724254,233.0702,177.7,"aiforia"
"423","OlfactoryBulb","Iba1_RO1_1B_M-04",1.32062857142857,235.7322,178.5,"aiforia"
"424","OlfactoryBulb","Iba1_RO1_1B_M-04",1.81191679667187,348.4316,192.3,"aiforia"
"425","OlfactoryBulb","Iba1_RO1_1B_M-04",1.166,196.2378,168.3,"aiforia"
"426","OlfactoryBulb","Iba1_RO1_1B_M-04",1.27870555165144,545.8794,426.9,"aiforia"
"427","OlfactoryBulb","Iba1_RO1_1B_M-04",1.05864972375691,191.6156,181,"aiforia"
"428","OlfactoryBulb","Iba1_RO1_1B_M-04",1.53019339622642,194.6406,127.2,"aiforia"
"429","OlfactoryBulb","Iba1_RO1_1B_M-04",1.10035434173669,157.1306,142.8,"aiforia"
"430","OlfactoryBulb","Iba1_RO1_1B_M-04",1.275296,175.3532,137.5,"aiforia"
"431","OlfactoryBulb","Iba1_RO1_1B_M-04",1.36450413749204,214.3636,157.1,"aiforia"
"432","OlfactoryBulb","Iba1_RO1_1B_M-04",1.04313994169096,286.2376,274.4,"aiforia"
"433","OlfactoryBulb","Iba1_RO1_1B_M-04",1.03158614051973,321.5454,311.7,"aiforia"
"434","OlfactoryBulb","Iba1_RO1_1B_M-04",1.16865221162186,134.7456,115.3,"aiforia"
"435","OlfactoryBulb","Iba1_RO1_1B_M-04",1.10610972850679,195.5602,176.8,"aiforia"
"436","OlfactoryBulb","Iba1_RO1_1B_M-04",1.1414872417983,187.8888,164.6,"aiforia"
"437","OlfactoryBulb","Iba1_RO1_1B_M-04",1.36724039408867,277.5498,203,"aiforia"
"438","OlfactoryBulb","Iba1_RO1_1B_M-04",1.26433764772088,224.6728,177.7,"aiforia"
"439","OlfactoryBulb","Iba1_RO1_1B_M-04",1.37133333333333,159.6232,116.4,"aiforia"
"440","OlfactoryBulb","Iba1_RO1_1B_M-04",1.28188707037643,156.6466,122.2,"aiforia"
"441","OlfactoryBulb","Iba1_RO1_1B_M-04",1.25556058282209,327.4502,260.8,"aiforia"
"442","OlfactoryBulb","Iba1_RO1_1B_M-04",1.23622143420016,313.753,253.8,"aiforia"
"443","OlfactoryBulb","Iba1_RO1_1B_M-04",1.20777528089888,236.4824,195.8,"aiforia"
"444","OlfactoryBulb","Iba1_RO1_1B_M-04",1.18267408041061,276.5092,233.8,"aiforia"
"445","OlfactoryBulb","Iba1_RO1_1B_M-04",1.14030547112462,150.0642,131.6,"aiforia"
"446","OlfactoryBulb","Iba1_RO1_1B_M-04",1.21877635997314,181.4758,148.9,"aiforia"
"447","OlfactoryBulb","Iba1_RO1_1B_M-04",1.31914544669832,305.646,231.7,"aiforia"
"448","OlfactoryBulb","Iba1_RO1_1B_M-04",1.35844107142857,304.2908,224,"aiforia"
"449","OlfactoryBulb","Iba1_RO1_1B_M-04",1.38359953569356,238.3942,172.3,"aiforia"
"450","OlfactoryBulb","Iba1_RO1_1B_M-04",1.586,115.1436,72.6,"aiforia"
"451","OlfactoryBulb","Iba1_RO1_1B_M-04",1.25638055937643,274.0166,218.1,"aiforia"
"452","OlfactoryBulb","Iba1_RO1_1B_M-04",1.33936,147.3296,110,"aiforia"
"453","OlfactoryBulb","Iba1_RO1_1B_M-04",1.14728851174935,175.7646,153.2,"aiforia"
"454","OlfactoryBulb","Iba1_RO1_1B_M-04",1.1124496124031,243.9602,219.3,"aiforia"
"455","OlfactoryBulb","Iba1_RO1_1B_M-04",1.09475513799178,186.4368,170.3,"aiforia"
"456","OlfactoryBulb","Iba1_RO1_1B_M-04",1.00294499017682,204.1996,203.6,"aiforia"
"457","OlfactoryBulb","Iba1_RO1_1B_M-04",1.25001653575858,302.379,241.9,"aiforia"
"458","OlfactoryBulb","Iba1_RO1_1B_M-04",1.2075406504065,237.644,196.8,"aiforia"
"459","OlfactoryBulb","Iba1_RO1_1B_M-04",1.39523197219809,160.5912,115.1,"aiforia"
"460","OlfactoryBulb","Iba1_RO1_1B_M-04",1.32681715951687,318.5688,240.1,"aiforia"
"461","OlfactoryBulb","Iba1_RO1_1B_M-04",1.05808085430969,138.7144,131.1,"aiforia"
"462","OlfactoryBulb","Iba1_RO1_1B_M-04",1.64044467425026,158.631,96.7,"aiforia"
"463","OlfactoryBulb","Iba1_RO1_1B_M-04",1.11181714285714,136.1976,122.5,"aiforia"
"464","OlfactoryBulb","Iba1_RO1_1B_M-04",1.19100759493671,235.224,197.5,"aiforia"
"465","OlfactoryBulb","Iba1_RO1_1B_M-04",0.975769899665552,145.8776,149.5,"aiforia"
"466","OlfactoryBulb","Iba1_RO1_1B_M-04",1.27717586206897,148.1524,116,"aiforia"
"467","OlfactoryBulb","Iba1_RO1_1B_M-04",1.82151673944687,125.1382,68.7,"aiforia"
"468","OlfactoryBulb","Iba1_RO1_1B_M-04",1.36974684820978,271.6208,198.3,"aiforia"
"469","OlfactoryBulb","Iba1_RO1_1B_M-04",1.13052618607517,183.4844,162.3,"aiforia"
"470","OlfactoryBulb","Iba1_RO1_1B_M-04",1.18207692307692,165.9636,140.4,"aiforia"
"471","OlfactoryBulb","Iba1_RO1_1B_M-04",1.0970856918239,279.0986,254.4,"aiforia"
"472","OlfactoryBulb","Iba1_RO1_1B_M-04",1.20521094736842,286.2376,237.5,"aiforia"
"473","OlfactoryBulb","Iba1_RO1_1B_M-04",1.14973224568138,239.6042,208.4,"aiforia"
"474","OlfactoryBulb","Iba1_RO1_1B_M-04",1.35931914893617,166.1088,122.2,"aiforia"
"475","OlfactoryBulb","Iba1_RO1_1B_M-04",1.11424460431655,77.44,69.5,"aiforia"
"476","OlfactoryBulb","Iba1_RO1_1B_M-04",1.20011210057622,229.1014,190.9,"aiforia"
"477","OlfactoryBulb","Iba1_RO1_1B_M-04",0.923517146776406,67.3244,72.9,"aiforia"
"478","OlfactoryBulb","Iba1_RO1_1B_M-04",1.46386525573192,415.0058,283.5,"aiforia"
"479","OlfactoryBulb","Iba1_RO1_1B_M-04",1.58553927392739,240.2092,151.5,"aiforia"
"480","OlfactoryBulb","Iba1_RO1_1B_M-04",1.10926699834163,200.6664,180.9,"aiforia"
"481","OlfactoryBulb","Iba1_RO1_1B_M-04",1.12443323782235,196.2136,174.5,"aiforia"
"482","OlfactoryBulb","Iba1_RO1_1B_M-04",1.18926192121631,172.0862,144.7,"aiforia"
"483","OlfactoryBulb","Iba1_RO1_1B_M-04",1.22507788161994,157.3,128.4,"aiforia"
"484","OlfactoryBulb","Iba1_RO1_1B_M-04",1.49288242574257,241.2498,161.6,"aiforia"
"485","OlfactoryBulb","Iba1_RO1_1B_M-04",1.14221910415542,211.6532,185.3,"aiforia"
"486","OlfactoryBulb","Iba1_RO1_1B_M-04",1.2118743545611,281.6396,232.4,"aiforia"
"487","OlfactoryBulb","Iba1_RO1_1B_M-04",1.2252936802974,164.802,134.5,"aiforia"
"488","OlfactoryBulb","Iba1_RO1_1B_M-04",1.2422934662237,224.3582,180.6,"aiforia"
"489","OlfactoryBulb","Iba1_RO1_1B_M-04",1.16916066369891,288.8996,247.1,"aiforia"
"490","OlfactoryBulb","Iba1_RO1_1B_M-04",1.51503185509057,242.5566,160.1,"aiforia"
"491","OlfactoryBulb","Iba1_RO1_1B_M-04",1.28228157894737,389.8136,304,"aiforia"
"492","OlfactoryBulb","Iba1_RO1_1B_M-04",1.41409588092766,817.0646,577.8,"aiforia"
"493","OlfactoryBulb","Iba1_RO1_1B_M-04",1.33205217391304,107.2302,80.5,"aiforia"
"494","OlfactoryBulb","Iba1_RO1_1B_M-04",1.36207650273224,224.334,164.7,"aiforia"
"495","OlfactoryBulb","Iba1_RO1_1B_M-04",1.14312871287129,127.0016,111.1,"aiforia"
"496","OlfactoryBulb","Iba1_RO1_1B_M-04",1.24182796892342,223.7774,180.2,"aiforia"
"497","OlfactoryBulb","Iba1_RO1_1B_M-04",1.1437380952381,259.3998,226.8,"aiforia"
"498","OlfactoryBulb","Iba1_RO1_1B_M-04",1.33022397631968,269.6364,202.7,"aiforia"
"499","OlfactoryBulb","Iba1_RO1_1B_M-04",1.0903908045977,142.296,130.5,"aiforia"
"500","OlfactoryBulb","Iba1_RO1_1B_M-04",1.2103391730904,172.7154,142.7,"aiforia"
"501","OlfactoryBulb","Iba1_RO1_1B_M-04",1.14712823920266,172.6428,150.5,"aiforia"
"502","OlfactoryBulb","Iba1_RO1_1B_M-04",1.09142167011732,158.147,144.9,"aiforia"
"503","OlfactoryBulb","Iba1_RO1_1B_M-04",1.27203164556962,120.5886,94.8,"aiforia"
"504","OlfactoryBulb","Iba1_RO1_1B_M-04",1.15206028985507,198.7304,172.5,"aiforia"
"505","OlfactoryBulb","Iba1_RO1_1B_M-04",1.2565318084346,175.7888,139.9,"aiforia"
"506","OlfactoryBulb","Iba1_RO1_1B_M-04",1.03493617021277,131.3334,126.9,"aiforia"
"507","OlfactoryBulb","Iba1_RO1_1B_M-04",1.2793725676317,269.5638,210.7,"aiforia"
"508","OlfactoryBulb","Iba1_RO1_1B_M-04",1.08563888888889,171.9652,158.4,"aiforia"
"509","OlfactoryBulb","Iba1_RO1_1B_M-04",1.20717086330935,134.2374,111.2,"aiforia"
"510","OlfactoryBulb","Iba1_RO1_1B_M-04",1.08307692307692,247.808,228.8,"aiforia"
"511","OlfactoryBulb","Iba1_RO1_1B_M-04",1.08871827706636,187.0418,171.8,"aiforia"
"512","OlfactoryBulb","Iba1_RO1_1B_M-04",1.1405737704918,125.235,109.8,"aiforia"
"513","OlfactoryBulb","Iba1_RO1_1B_M-04",1.33246963562753,296.208,222.3,"aiforia"
"514","OlfactoryBulb","Iba1_RO1_1B_M-04",1.35183888888889,145.9986,108,"aiforia"
"515","OlfactoryBulb","Iba1_RO1_1B_M-04",1.13934306569343,218.526,191.8,"aiforia"
"516","OlfactoryBulb","Iba1_RO1_1B_M-04",1.20306417445483,193.0918,160.5,"aiforia"
"517","OlfactoryBulb","Iba1_RO1_1B_M-04",1.30051181102362,165.165,127,"aiforia"
"518","OlfactoryBulb","Iba1_RO1_1B_M-04",1.20719030792529,239.1444,198.1,"aiforia"
"519","OlfactoryBulb","Iba1_RO1_1B_M-04",1.15500827689992,153.5006,132.9,"aiforia"
"520","OlfactoryBulb","Iba1_RO1_1B_M-04",1.228392,276.3882,225,"aiforia"
"521","OlfactoryBulb","Iba1_RO1_1B_M-04",1.34595791688585,255.8666,190.1,"aiforia"
"522","OlfactoryBulb","Iba1_RO1_1B_M-04",1.5142198357549,239.701,158.3,"aiforia"
"523","OlfactoryBulb","Iba1_RO1_1B_M-04",1.03421274175199,181.8146,175.8,"aiforia"
"524","OlfactoryBulb","Iba1_RO1_1B_M-04",1.46423399133365,304.1214,207.7,"aiforia"
"525","OlfactoryBulb","Iba1_RO1_1B_M-04",1.27927306967985,135.8588,106.2,"aiforia"
"526","OlfactoryBulb","Iba1_RO1_1B_M-04",1.34403314212874,210.8788,156.9,"aiforia"
"527","OlfactoryBulb","Iba1_RO1_1B_M-04",1.18306836248013,223.245,188.7,"aiforia"
"528","OlfactoryBulb","Iba1_RO1_1B_M-04",1.125375782881,215.622,191.6,"aiforia"
"529","OlfactoryBulb","Iba1_RO1_1B_M-04",1.12412903225806,212.5728,189.1,"aiforia"
"530","OlfactoryBulb","Iba1_RO1_1B_M-04",1.07866014350946,165.3586,153.3,"aiforia"
"531","OlfactoryBulb","Iba1_RO1_1B_M-04",1.19647357723577,117.733,98.4,"aiforia"
"532","OlfactoryBulb","Iba1_RO1_1B_M-04",1.22318524727578,145.926,119.3,"aiforia"
"533","OlfactoryBulb","Iba1_RO1_1B_M-04",1.51380200860832,316.536,209.1,"aiforia"
"534","OlfactoryBulb","Iba1_RO1_1B_M-04",1.37490858725762,446.7078,324.9,"aiforia"
"535","OlfactoryBulb","Iba1_RO1_1B_M-04",1.34617384284177,500.2382,371.6,"aiforia"
"536","OlfactoryBulb","Iba1_RO1_1B_M-04",1.43796882793017,230.6502,160.4,"aiforia"
"537","OlfactoryBulb","Iba1_RO1_1B_M-04",1.07308468468468,238.2248,222,"aiforia"
"538","OlfactoryBulb","Iba1_RO1_1B_M-04",1.5745897810219,215.7188,137,"aiforia"
"539","OlfactoryBulb","Iba1_RO1_1B_M-04",1.47835479452055,215.8398,146,"aiforia"
"540","OlfactoryBulb","Iba1_RO1_1B_M-04",1.39650612244898,376.3584,269.5,"aiforia"
"541","OlfactoryBulb","Iba1_RO1_1B_M-04",1.19499128651973,233.1428,195.1,"aiforia"
"542","OlfactoryBulb","Iba1_RO1_1B_M-04",1.30417124600639,204.1028,156.5,"aiforia"
"543","OlfactoryBulb","Iba1_RO1_1B_M-04",1.12960817717206,132.616,117.4,"aiforia"
"544","OlfactoryBulb","Iba1_RO1_1B_M-04",1.16338095238095,107.4964,92.4,"aiforia"
"545","OlfactoryBulb","Iba1_RO1_1B_M-04",0.939908856405847,109.3114,116.3,"aiforia"
"546","OlfactoryBulb","Iba1_RO1_1B_M-04",1.40894233937397,513.1368,364.2,"aiforia"
"547","OlfactoryBulb","Iba1_RO1_1B_M-04",1.06835257214555,170.2954,159.4,"aiforia"
"548","OlfactoryBulb","Iba1_RO1_1B_M-04",1.12590263010632,201.1988,178.7,"aiforia"
"549","OlfactoryBulb","Iba1_RO1_1B_M-04",1.39594350282486,148.2492,106.2,"aiforia"
"550","OlfactoryBulb","Iba1_RO1_1B_M-04",1.15258463630184,169.5452,147.1,"aiforia"
"551","OlfactoryBulb","Iba1_RO1_1B_M-04",0.894722646310433,70.3252,78.6,"aiforia"
"552","OlfactoryBulb","Iba1_RO1_1B_M-04",1.35552825923135,359.7572,265.4,"aiforia"
"553","OlfactoryBulb","Iba1_RO1_1B_M-04",1.14828653295129,200.376,174.5,"aiforia"
"554","OlfactoryBulb","Iba1_RO1_1B_M-04",1.1044741110418,177.0472,160.3,"aiforia"
"555","OlfactoryBulb","Iba1_RO1_1B_M-04",1.36102847843775,167.2704,122.9,"aiforia"
"556","OlfactoryBulb","Iba1_RO1_1B_M-04",1.34075471698113,156.332,116.6,"aiforia"
"557","OlfactoryBulb","Iba1_RO1_1B_M-04",1.15195656279509,121.9922,105.9,"aiforia"
"558","OlfactoryBulb","Iba1_RO1_1B_M-04",1.24838278688525,304.6054,244,"aiforia"
"559","OlfactoryBulb","Iba1_RO1_1B_M-04",1.22060499087036,200.5454,164.3,"aiforia"
"560","OlfactoryBulb","Iba1_RO1_1B_M-04",1.27625176056338,144.9822,113.6,"aiforia"
"561","OlfactoryBulb","Iba1_RO1_1B_M-04",1.2771116333725,217.3644,170.2,"aiforia"
"562","OlfactoryBulb","Iba1_RO1_1B_M-04",1.57102448979592,153.9604,98,"aiforia"
"563","OlfactoryBulb","Iba1_RO1_1B_M-04",1.15759842519685,294.03,254,"aiforia"
"564","OlfactoryBulb","Iba1_RO1_1B_M-04",1.42662710187933,144.232,101.1,"aiforia"
"565","OlfactoryBulb","Iba1_RO1_1B_M-04",1.27902446183953,261.4326,204.4,"aiforia"
"566","OlfactoryBulb","Iba1_RO1_1B_M-04",1.26354795821462,266.1032,210.6,"aiforia"
"567","OlfactoryBulb","Iba1_RO1_1B_M-04",1.39421148459384,199.0934,142.8,"aiforia"
"568","OlfactoryBulb","Iba1_RO1_1B_M-04",1.48440501319261,225.0358,151.6,"aiforia"
"569","OlfactoryBulb","Iba1_RO1_1B_M-04",1.32317250673854,98.1794,74.2,"aiforia"
"570","OlfactoryBulb","Iba1_RO1_1B_M-04",1.18137788290952,199.771,169.1,"aiforia"
"571","OlfactoryBulb","Iba1_RO1_1B_M-04",1.04197605814451,243.7182,233.9,"aiforia"
"572","OlfactoryBulb","Iba1_RO1_1B_M-04",1.22091098265896,105.6088,86.5,"aiforia"
"573","OlfactoryBulb","Iba1_RO1_1B_M-04",1.33111382878645,141.4974,106.3,"aiforia"
"574","OlfactoryBulb","Iba1_RO1_1B_M-04",1.04410433934666,214.1458,205.1,"aiforia"
"575","OlfactoryBulb","Iba1_RO1_1B_M-04",1.23993428681871,320.771,258.7,"aiforia"
"576","OlfactoryBulb","Iba1_RO1_1B_M-04",1.15559610499577,272.9518,236.2,"aiforia"
"577","OlfactoryBulb","Iba1_RO1_1B_M-04",1.27844444444444,227.8188,178.2,"aiforia"
"578","OlfactoryBulb","Iba1_RO1_1B_M-04",1.13156702328508,179.806,158.9,"aiforia"
"579","OlfactoryBulb","Iba1_RO1_1B_M-04",1.20891358024691,215.4284,178.2,"aiforia"
"580","OlfactoryBulb","Iba1_RO1_1B_M-04",1.52989842141386,222.9062,145.7,"aiforia"
"581","OlfactoryBulb","Iba1_RO1_1B_M-04",1.24155750915751,169.4726,136.5,"aiforia"
"582","OlfactoryBulb","Iba1_RO1_1B_M-04",1.47208246346555,282.051,191.6,"aiforia"
"583","OlfactoryBulb","Iba1_RO1_1B_M-04",1.36560090960773,240.2092,175.9,"aiforia"
"584","OlfactoryBulb","Iba1_RO1_1B_M-04",1.0696155143339,63.4282,59.3,"aiforia"
"585","OlfactoryBulb","Iba1_RO1_1B_M-04",1.30844641192917,280.7926,214.6,"aiforia"
"586","OlfactoryBulb","Iba1_RO1_1B_M-04",1.26971564390666,293.8122,231.4,"aiforia"
"587","OlfactoryBulb","Iba1_RO1_1B_M-04",1.01489338521401,130.4138,128.5,"aiforia"
"588","OlfactoryBulb","Iba1_RO1_1B_M-04",1.61288827586207,116.9344,72.5,"aiforia"
"589","OlfactoryBulb","Iba1_RO1_1B_M-04",1.58418487394958,320.4806,202.3,"aiforia"
"590","OlfactoryBulb","Iba1_RO1_1B_M-04",1.27609351753454,240.1608,188.2,"aiforia"
"591","OlfactoryBulb","Iba1_RO1_1B_M-04",1.52572886297376,209.33,137.2,"aiforia"
"592","OlfactoryBulb","Iba1_RO1_1B_M-04",1.43024719101124,101.8336,71.2,"aiforia"
"593","OlfactoryBulb","Iba1_RO1_1B_M-04",1.8485016286645,283.745,153.5,"aiforia"
"594","OlfactoryBulb","Iba1_RO1_1B_M-04",1.12485791610284,83.127,73.9,"aiforia"
"595","OlfactoryBulb","Iba1_RO1_1B_M-04",1.64255688622755,54.8614,33.4,"aiforia"
"596","OlfactoryBulb","Iba1_RO1_1B_M-04",1.12414789753504,232.5862,206.9,"aiforia"
"597","OlfactoryBulb","Iba1_RO1_1B_M-04",1.27154376996805,198.9966,156.5,"aiforia"
"598","OlfactoryBulb","Iba1_RO1_1B_M-04",1.16648416532475,217.316,186.3,"aiforia"
"599","OlfactoryBulb","Iba1_RO1_1B_M-04",1.15547210300429,161.535,139.8,"aiforia"
"600","OlfactoryBulb","Iba1_RO1_1B_M-04",1.14205158150852,234.6916,205.5,"aiforia"
"601","OlfactoryBulb","Iba1_RO1_1B_M-04",1.16915051797684,191.8576,164.1,"aiforia"
"602","OlfactoryBulb","Iba1_RO1_1B_M-04",1.39804153940134,228.8594,163.7,"aiforia"
"603","OlfactoryBulb","Iba1_RO1_1B_M-04",1.17127299058653,161.7528,138.1,"aiforia"
"604","OlfactoryBulb","Iba1_RO1_1B_M-04",1.10244444444444,119.064,108,"aiforia"
"605","OlfactoryBulb","Iba1_RO1_1B_M-04",1.17876511627907,202.7476,172,"aiforia"
"606","OlfactoryBulb","Iba1_RO1_1B_M-04",1.19071628721541,135.9798,114.2,"aiforia"
"607","OlfactoryBulb","Iba1_RO1_1B_M-04",1.61958353510896,334.444,206.5,"aiforia"
"608","OlfactoryBulb","Iba1_RO1_1B_M-04",1.23595131578947,187.8646,152,"aiforia"
"609","OlfactoryBulb","Iba1_RO1_1B_M-04",1.22160362280234,229.295,187.7,"aiforia"
"610","OlfactoryBulb","Iba1_RO1_1B_M-04",1.2866447592068,227.0928,176.5,"aiforia"
"611","OlfactoryBulb","Iba1_RO1_1B_M-04",1.17833131618759,155.7754,132.2,"aiforia"
"612","OlfactoryBulb","Iba1_RO1_1B_M-04",1.38065514103731,151.734,109.9,"aiforia"
"613","OlfactoryBulb","Iba1_RO1_1B_M-04",1.44017910447761,212.2824,147.4,"aiforia"
"614","OlfactoryBulb","Iba1_RO1_1B_M-04",1.27326987951807,211.3628,166,"aiforia"
"615","OlfactoryBulb","Iba1_RO1_1B_M-04",1.82496470588235,279.2196,153,"aiforia"
"616","OlfactoryBulb","Iba1_RO1_1B_M-04",0.865791290057518,210.7336,243.4,"aiforia"
"617","OlfactoryBulb","Iba1_RO1_1B_M-04",1.21418334206391,231.7876,190.9,"aiforia"
"618","OlfactoryBulb","Iba1_RO1_1B_M-04",1.46173190348525,163.5678,111.9,"aiforia"
"619","OlfactoryBulb","Iba1_RO1_1B_M-04",1.31071676300578,226.754,173,"aiforia"
"620","OlfactoryBulb","Iba1_RO1_1B_M-04",1.09750043365134,253.0836,230.6,"aiforia"
"621","OlfactoryBulb","Iba1_RO1_1B_M-04",1.33860209424084,204.5384,152.8,"aiforia"
"622","OlfactoryBulb","Iba1_RO1_1B_M-04",1.26818449460255,129.228,101.9,"aiforia"
"623","OlfactoryBulb","Iba1_RO1_1B_M-04",1.23300348189415,354.1186,287.2,"aiforia"
"624","OlfactoryBulb","Iba1_RO1_1B_M-04",1.21011851126347,247.1062,204.2,"aiforia"
"625","OlfactoryBulb","Iba1_RO1_1B_M-04",1.29325029655991,218.042,168.6,"aiforia"
"626","OlfactoryBulb","Iba1_RO1_1B_M-04",1.26391496598639,222.9546,176.4,"aiforia"
"627","OlfactoryBulb","Iba1_RO1_1B_M-04",1.03142947368421,195.9716,190,"aiforia"
"628","OlfactoryBulb","Iba1_RO1_1B_M-04",1.24099929228592,175.3532,141.3,"aiforia"
"629","OlfactoryBulb","Iba1_RO1_1B_M-04",1.48393055555556,341.8976,230.4,"aiforia"
"630","OlfactoryBulb","Iba1_RO1_1B_M-04",1.13663931806074,213.3472,187.7,"aiforia"
"631","OlfactoryBulb","Iba1_RO1_1B_M-04",1.52767585743107,227.1654,148.7,"aiforia"
"632","OlfactoryBulb","Iba1_RO1_1B_M-04",1.35678404204491,567.9498,418.6,"aiforia"
"633","OlfactoryBulb","Iba1_RO1_1B_M-04",1.24326547743966,118.4832,95.3,"aiforia"
"634","OlfactoryBulb","Iba1_RO1_1B_M-04",1.2886640806827,166.1088,128.9,"aiforia"
"635","OlfactoryBulb","Iba1_RO1_1B_M-04",1.13775763546798,346.4472,304.5,"aiforia"
"636","OlfactoryBulb","Iba1_RO1_1B_M-04",1.12741699273337,403.3898,357.8,"aiforia"
"637","OlfactoryBulb","Iba1_RO1_1B_M-04",1.22909195402299,235.2482,191.4,"aiforia"
"638","OlfactoryBulb","Iba1_RO1_1B_M-04",1.00497347777363,269.0314,267.7,"aiforia"
"639","OlfactoryBulb","Iba1_RO1_1B_M-04",1.33287511394713,146.2164,109.7,"aiforia"
"640","OlfactoryBulb","Iba1_RO1_1B_M-04",1.06193492995933,235.0062,221.3,"aiforia"
"641","OlfactoryBulb","Iba1_RO1_1B_M-04",1.04467678746327,213.323,204.2,"aiforia"
"642","OlfactoryBulb","Iba1_RO1_1B_M-04",1.48154249857387,259.7144,175.3,"aiforia"
"643","OlfactoryBulb","Iba1_RO1_1B_M-04",1.16407892527288,138.6418,119.1,"aiforia"
"644","OlfactoryBulb","Iba1_RO1_1B_M-04",1.25061072902338,90.9194,72.7,"aiforia"
"645","OlfactoryBulb","Iba1_RO1_1B_M-04",1.15635180722892,143.9658,124.5,"aiforia"
"646","OlfactoryBulb","Iba1_RO1_1B_M-04",1.17320214669052,196.746,167.7,"aiforia"
"647","OlfactoryBulb","Iba1_RO1_1B_M-04",1.29813196229649,302.984,233.4,"aiforia"
"648","OlfactoryBulb","Iba1_RO1_1B_M-04",1.28672906403941,287.3266,223.3,"aiforia"
"649","OlfactoryBulb","Iba1_RO1_1B_M-04",1.21360548271752,203.643,167.8,"aiforia"
"650","OlfactoryBulb","Iba1_RO1_1B_M-04",1.13218374558304,160.204,141.5,"aiforia"
"651","OlfactoryBulb","Iba1_RO1_1B_M-04",1.14809034712316,241.4434,210.3,"aiforia"
"652","OlfactoryBulb","Iba1_RO1_1B_M-04",1.19212679738562,182.3954,153,"aiforia"
"653","OlfactoryBulb","Iba1_RO1_1B_M-04",1.32912066905615,444.9896,334.8,"aiforia"
"654","OlfactoryBulb","Iba1_RO1_1B_M-04",1.22090026323486,417.4258,341.9,"aiforia"
"655","OlfactoryBulb","Iba1_RO1_1B_M-04",1.32369343065693,199.4806,150.7,"aiforia"
"656","OlfactoryBulb","Iba1_RO1_1B_M-04",1.27550910158544,217.2192,170.3,"aiforia"
"657","OlfactoryBulb","Iba1_RO1_1B_M-04",0.956723372781065,129.349,135.2,"aiforia"
"658","OlfactoryBulb","Iba1_RO1_1B_M-04",1.6902326007326,369.1468,218.4,"aiforia"
"659","OlfactoryBulb","Iba1_RO1_1B_M-04",1.15835803200948,195.415,168.7,"aiforia"
"660","OlfactoryBulb","Iba1_RO1_1B_M-04",1.4457015615963,249.9618,172.9,"aiforia"
"661","OlfactoryBulb","Iba1_RO1_1B_M-04",1.2079617151608,157.7598,130.6,"aiforia"
"662","OlfactoryBulb","Iba1_RO1_1B_M-04",1.07043092231152,279.7036,261.3,"aiforia"
"663","OlfactoryBulb","Iba1_RO1_1B_M-04",1.25591440798859,264.1188,210.3,"aiforia"
"664","OlfactoryBulb","Iba1_RO1_1B_M-04",1.29262571428571,180.9676,140,"aiforia"
"665","OlfactoryBulb","Iba1_RO1_1B_M-04",1.16422846441948,186.5094,160.2,"aiforia"
"666","OlfactoryBulb","Iba1_RO1_1B_M-04",1.31101690507152,201.6344,153.8,"aiforia"
"667","OlfactoryBulb","Iba1_RO1_1B_M-04",1.28193470790378,223.8258,174.6,"aiforia"
"668","OlfactoryBulb","Iba1_RO1_1B_M-04",1.60336909448819,325.8046,203.2,"aiforia"
"669","OlfactoryBulb","Iba1_RO1_1B_M-04",1.4659312906221,157.8808,107.7,"aiforia"
"670","OlfactoryBulb","Iba1_RO1_1B_M-04",1.21850401606426,121.363,99.6,"aiforia"
"671","OlfactoryBulb","Iba1_RO1_1B_M-04",1.03427247706422,225.4714,218,"aiforia"
"672","OlfactoryBulb","Iba1_RO1_1B_M-04",1.41978054133138,194.084,136.7,"aiforia"
"673","OlfactoryBulb","Iba1_RO1_1B_M-04",1.4860625574977,161.535,108.7,"aiforia"
"674","OlfactoryBulb","Iba1_RO1_1B_M-04",1.25426455696203,198.1738,158,"aiforia"
"675","OlfactoryBulb","Iba1_RO1_1B_M-04",1.2441318746304,420.7654,338.2,"aiforia"
"676","OlfactoryBulb","Iba1_RO1_1B_M-04",1.28072853333333,240.1366,187.5,"aiforia"
"677","OlfactoryBulb","Iba1_RO1_1B_M-04",1.06429022820363,181.8872,170.9,"aiforia"
"678","OlfactoryBulb","Iba1_RO1_1B_M-04",1.06030927835052,195.415,184.3,"aiforia"
"679","OlfactoryBulb","Iba1_RO1_1B_M-04",1.26807569011576,284.8098,224.6,"aiforia"
"680","OlfactoryBulb","Iba1_RO1_1B_M-04",1.6235035238841,207.3214,127.7,"aiforia"
"681","OlfactoryBulb","Iba1_RO1_1B_M-04",0.887108426270136,286.3586,322.8,"aiforia"
"682","OlfactoryBulb","Iba1_RO1_1B_M-04",1.27072727272727,169.1338,133.1,"aiforia"
"683","OlfactoryBulb","Iba1_RO1_1B_M-04",1.12062418879056,189.9458,169.5,"aiforia"
"684","OlfactoryBulb","Iba1_RO1_1B_M-04",1.40205367412141,219.4214,156.5,"aiforia"
"685","OlfactoryBulb","Iba1_RO1_1B_M-04",1.1935751953125,244.4442,204.8,"aiforia"
"686","OlfactoryBulb","Iba1_RO1_1B_M-04",0.906054607508532,79.6422,87.9,"aiforia"
"687","OlfactoryBulb","Iba1_RO1_1B_M-04",1.06177282530554,295.3852,278.2,"aiforia"
"688","OlfactoryBulb","Iba1_RO1_1B_M-04",1.25362980769231,156.453,124.8,"aiforia"
"689","OlfactoryBulb","Iba1_RO1_1B_M-04",1.24211728395062,40.2446,32.4,"aiforia"
"690","OlfactoryBulb","Iba1_RO1_1B_M-04",0.940026490066225,156.1384,166.1,"aiforia"
"691","OlfactoryBulb","Iba1_RO1_1B_M-04",1.07465497076023,202.1426,188.1,"aiforia"
"692","OlfactoryBulb","Iba1_RO1_1B_M-04",1.22522670509126,255.0922,208.2,"aiforia"
"693","OlfactoryBulb","Iba1_RO1_1B_M-04",1.09364282330649,230.868,211.1,"aiforia"
"694","OlfactoryBulb","Iba1_RO1_1B_M-04",1.69520248447205,272.9276,161,"aiforia"
"695","OlfactoryBulb","Iba1_RO1_1B_M-04",1.21882069370958,207.3214,170.1,"aiforia"
"696","OlfactoryBulb","Iba1_RO1_1B_M-04",1.25163228699552,307.0254,245.3,"aiforia"
"697","OlfactoryBulb","Iba1_RO1_1B_M-04",1.44177085650723,259.2304,179.8,"aiforia"
"698","OlfactoryBulb","Iba1_RO1_1B_M-04",1.17469039145907,231.0616,196.7,"aiforia"
"699","OlfactoryBulb","Iba1_RO1_1B_M-04",1.32002320675105,250.2764,189.6,"aiforia"
"700","OlfactoryBulb","Iba1_RO1_1B_M-04",1.32912195121951,179.8302,135.3,"aiforia"
"701","OlfactoryBulb","Iba1_RO1_1B_M-04",1.2825811965812,165.0682,128.7,"aiforia"
"702","OlfactoryBulb","Iba1_RO1_1B_M-04",1.16719813278008,225.0358,192.8,"aiforia"
"703","OlfactoryBulb","Iba1_RO1_1B_M-04",1.26632585203658,152.339,120.3,"aiforia"
"704","OlfactoryBulb","Iba1_RO1_1B_M-04",1.22507939698492,121.8954,99.5,"aiforia"
"705","OlfactoryBulb","Iba1_RO1_1B_M-04",1.05612649736464,220.4136,208.7,"aiforia"
"706","OlfactoryBulb","Iba1_RO1_1B_M-04",1.67494597701149,291.4406,174,"aiforia"
"707","OlfactoryBulb","Iba1_RO1_1B_M-04",1.4466468344775,189.6554,131.1,"aiforia"
"708","OlfactoryBulb","Iba1_RO1_1B_M-04",1.21,163.229,134.9,"aiforia"
"709","OlfactoryBulb","Iba1_RO1_1B_M-04",1.09426086956522,211.4112,193.2,"aiforia"
"710","OlfactoryBulb","Iba1_RO1_1B_M-04",1.19700581234431,432.4782,361.3,"aiforia"
"711","OlfactoryBulb","Iba1_RO1_1B_M-04",1.26282375626687,327.4502,259.3,"aiforia"
"712","OlfactoryBulb","Iba1_RO1_1B_M-04",1.09609477911647,272.9276,249,"aiforia"
"713","OlfactoryBulb","Iba1_RO1_1B_M-04",1.2178516801854,210.2012,172.6,"aiforia"
"714","OlfactoryBulb","Iba1_RO1_1B_M-04",1.26137430167598,180.6288,143.2,"aiforia"
"715","OlfactoryBulb","Iba1_RO1_1B_M-04",1.28759560067682,152.1938,118.2,"aiforia"
"716","OlfactoryBulb","Iba1_RO1_1B_M-04",1.05706944444444,228.327,216,"aiforia"
"717","OlfactoryBulb","Iba1_RO1_1B_M-04",1.17260641399417,160.8816,137.2,"aiforia"
"718","OlfactoryBulb","Iba1_RO1_1B_M-04",1.27747782002535,201.586,157.8,"aiforia"
"719","OlfactoryBulb","Iba1_RO1_1B_M-04",1.16102733578131,284.5678,245.1,"aiforia"
"720","OlfactoryBulb","Iba1_RO1_1B_M-04",1.36586733238231,191.4946,140.2,"aiforia"
"721","OlfactoryBulb","Iba1_RO1_1B_M-04",1.20819402985075,275.2266,227.8,"aiforia"
"722","OlfactoryBulb","Iba1_RO1_1B_M-04",0.958752962085308,323.675,337.6,"aiforia"
"723","OlfactoryBulb","Iba1_RO1_1B_M-04",1.15778099838969,143.7964,124.2,"aiforia"
"724","OlfactoryBulb","Iba1_RO1_1B_M-04",1.22904890544946,263.8768,214.7,"aiforia"
"725","OlfactoryBulb","Iba1_RO1_1B_M-04",1.48932602339181,203.7398,136.8,"aiforia"
"726","OlfactoryBulb","Iba1_RO1_1B_M-04",1.30604437140509,158.9456,121.7,"aiforia"
"727","OlfactoryBulb","Iba1_RO1_1B_M-04",1.29604444444444,192.4626,148.5,"aiforia"
"728","OlfactoryBulb","Iba1_RO1_1B_M-04",1.14016915422886,183.3392,160.8,"aiforia"
"729","OlfactoryBulb","Iba1_RO1_1B_M-04",1.25627815570673,166.2056,132.3,"aiforia"
"730","OlfactoryBulb","Iba1_RO1_1B_M-04",1.43208541666667,137.4802,96,"aiforia"
"731","OlfactoryBulb","Iba1_RO1_1B_M-04",1.29611711711712,143.869,111,"aiforia"
"732","OlfactoryBulb","Iba1_RO1_1B_M-04",1.188,209.088,176,"aiforia"
"733","OlfactoryBulb","Iba1_RO1_1B_M-04",1.1650876101607,224.7454,192.9,"aiforia"
"734","OlfactoryBulb","Iba1_RO1_1B_M-04",1.16671425690663,578.5736,495.9,"aiforia"
"735","OlfactoryBulb","Iba1_RO1_1B_M-04",1.17364900662252,389.8862,332.2,"aiforia"
"736","OlfactoryBulb","Iba1_RO1_1B_M-04",1.38312618121178,248.8244,179.9,"aiforia"
"737","OlfactoryBulb","Iba1_RO1_1B_M-04",1.10475406871609,244.3716,221.2,"aiforia"
"738","OlfactoryBulb","Iba1_RO1_1B_M-04",1.28817529215359,462.9702,359.4,"aiforia"
"739","OlfactoryBulb","Iba1_RO1_1B_M-04",1.61292316384181,285.4874,177,"aiforia"
"740","OlfactoryBulb","Iba1_RO1_1B_M-04",1.15841832669323,232.6104,200.8,"aiforia"
"741","OlfactoryBulb","Iba1_RO1_1B_M-04",1.12908172177168,361.9836,320.6,"aiforia"
"742","OlfactoryBulb","Iba1_RO1_1B_M-04",1.24270606372045,241.8306,194.6,"aiforia"
"743","OlfactoryBulb","Iba1_RO1_1B_M-04",1.0390399573788,195.0278,187.7,"aiforia"
"744","OlfactoryBulb","Iba1_RO1_1B_M-04",1.22794318728936,255.0438,207.7,"aiforia"
"745","OlfactoryBulb","Iba1_RO1_1B_M-04",1.20864746345658,281.1314,232.6,"aiforia"
"746","OlfactoryBulb","Iba1_RO1_1B_M-04",0.796750830564784,95.9288,120.4,"aiforia"
"747","OlfactoryBulb","Iba1_RO1_1B_M-04",1.17872955974843,206.1598,174.9,"aiforia"
"748","OlfactoryBulb","Iba1_RO1_1B_M-04",1.06641122715405,163.3742,153.2,"aiforia"
"749","OlfactoryBulb","Iba1_RO1_1B_M-04",1.47938722397476,375.1726,253.6,"aiforia"
"750","OlfactoryBulb","Iba1_RO1_1B_M-04",1.24777411167513,294.9738,236.4,"aiforia"
"751","OlfactoryBulb","Iba1_RO1_1B_M-04",1.06252769953052,113.1592,106.5,"aiforia"
"752","OlfactoryBulb","Iba1_RO1_1B_M-04",1.16699754901961,285.681,244.8,"aiforia"
"753","OlfactoryBulb","Iba1_RO1_1B_M-04",0.922134989200864,170.7794,185.2,"aiforia"
"754","OlfactoryBulb","Iba1_RO1_1B_M-04",1.17665201072386,219.4456,186.5,"aiforia"
"755","OlfactoryBulb","Iba1_RO1_1B_M-04",1.30559292035398,162.2852,124.3,"aiforia"
"756","OlfactoryBulb","Iba1_RO1_1B_M-04",1.27965619645917,224.0678,175.1,"aiforia"
"757","OlfactoryBulb","Iba1_RO1_1B_M-04",1.0285,71.995,70,"aiforia"
"758","OlfactoryBulb","Iba1_RO1_1B_M-04",1.37048421052632,195.294,142.5,"aiforia"
"759","OlfactoryBulb","Iba1_RO1_1B_M-04",1.42461148648649,168.674,118.4,"aiforia"
"760","OlfactoryBulb","Iba1_RO1_1B_M-04",1.36334753550543,326.3854,239.4,"aiforia"
"761","OlfactoryBulb","Iba1_RO1_1B_M-04",1.04983664122137,137.5286,131,"aiforia"
"762","OlfactoryBulb","Iba1_RO1_1B_M-04",1.56810749506903,318.0122,202.8,"aiforia"
"763","OlfactoryBulb","Iba1_RO1_1B_M-04",1.13601081530782,273.097,240.4,"aiforia"
"764","OlfactoryBulb","Iba1_RO1_1B_M-04",1.25391565495208,196.2378,156.5,"aiforia"
"765","OlfactoryBulb","Iba1_RO1_1B_M-04",1.26965186915888,217.3644,171.2,"aiforia"
"766","OlfactoryBulb","Iba1_RO1_1B_M-04",1.0710847189232,270.556,252.6,"aiforia"
"767","OlfactoryBulb","Iba1_RO1_1B_M-04",1.10711667501252,221.0912,199.7,"aiforia"
"768","OlfactoryBulb","Iba1_RO1_1B_M-04",1.41517943336831,269.7332,190.6,"aiforia"
"769","OlfactoryBulb","Iba1_RO1_1B_M-04",1.06627868852459,143.0946,134.2,"aiforia"
"770","OlfactoryBulb","Iba1_RO1_1B_M-04",1.34346153846154,422.653,314.6,"aiforia"
"771","OlfactoryBulb","Iba1_RO1_1B_M-04",1.22924195121951,251.9946,205,"aiforia"
"772","OlfactoryBulb","Iba1_RO1_1B_M-04",1.08565556343019,306.372,282.2,"aiforia"
"773","OlfactoryBulb","Iba1_RO1_1B_M-04",1.15301660735469,194.3986,168.6,"aiforia"
"774","OlfactoryBulb","Iba1_RO1_1B_M-04",1.2779870259481,256.1086,200.4,"aiforia"
"775","OlfactoryBulb","Iba1_RO1_1B_M-04",1.23400793650794,217.679,176.4,"aiforia"
"776","OlfactoryBulb","Iba1_RO1_1B_M-04",1.30563515870248,374.3256,286.7,"aiforia"
"777","OlfactoryBulb","Iba1_RO1_1B_M-04",1.24109426013691,235.6838,189.9,"aiforia"
"778","OlfactoryBulb","Iba1_RO1_1B_M-04",1.29994973544974,393.1048,302.4,"aiforia"
"779","OlfactoryBulb","Iba1_RO1_1B_M-04",1.03618086956522,119.1608,115,"aiforia"
"780","OlfactoryBulb","Iba1_RO1_1B_M-04",1.56334033613445,223.245,142.8,"aiforia"
"781","OlfactoryBulb","Iba1_RO1_1B_M-04",1.14465911582024,313.2932,273.7,"aiforia"
"782","OlfactoryBulb","Iba1_RO1_1B_M-04",1.49492720848057,211.5322,141.5,"aiforia"
"783","OlfactoryBulb","Iba1_RO1_1B_M-04",1.3767447413303,242.1694,175.9,"aiforia"
"784","OlfactoryBulb","Iba1_RO1_1B_M-04",1.02303466386555,194.7858,190.4,"aiforia"
"785","OlfactoryBulb","Iba1_RO1_1B_M-04",1.04341161825726,251.4622,241,"aiforia"
"786","OlfactoryBulb","Iba1_RO1_1B_M-04",1.20158157765801,245.2428,204.1,"aiforia"
"787","OlfactoryBulb","Iba1_RO1_1B_M-04",0.962764171354392,222.4948,231.1,"aiforia"
"788","OlfactoryBulb","Iba1_RO1_1B_M-04",1.46936274509804,329.725,224.4,"aiforia"
"789","OlfactoryBulb","Iba1_RO1_1B_M-04",1.18593706733795,188.4454,158.9,"aiforia"
"790","OlfactoryBulb","Iba1_RO1_1B_M-04",1.27165153733529,173.7076,136.6,"aiforia"
"791","OlfactoryBulb","Iba1_RO1_1B_M-04",1.26003959524857,286.407,227.3,"aiforia"
"792","OlfactoryBulb","Iba1_RO1_1B_M-04",1.25466148263349,242.0242,192.9,"aiforia"
"793","OlfactoryBulb","Iba1_RO1_1B_M-04",1.25932384341637,389.257,309.1,"aiforia"
"794","OlfactoryBulb","Iba1_RO1_1B_M-04",1.22899027777778,176.9746,144,"aiforia"
"795","OlfactoryBulb","Iba1_RO1_1B_M-04",1.578984,434.2206,275,"aiforia"
"796","OlfactoryBulb","Iba1_RO1_1B_M-04",1.25589363191043,179.4672,142.9,"aiforia"
"797","OlfactoryBulb","Iba1_RO1_1B_M-04",1.3357392166584,269.4186,201.7,"aiforia"
"798","OlfactoryBulb","Iba1_RO1_1B_M-04",1.08392759146341,284.4226,262.4,"aiforia"
"799","OlfactoryBulb","Iba1_RO1_1B_M-04",1.12112871287129,249.1148,222.2,"aiforia"
"800","OlfactoryBulb","Iba1_RO1_1B_M-04",1.24766225165563,113.0382,90.6,"aiforia"
"801","OlfactoryBulb","Iba1_RO1_1B_M-04",1.16257365347177,179.1526,154.1,"aiforia"
"802","OlfactoryBulb","Iba1_RO1_1B_M-04",1.12328950050968,220.3894,196.2,"aiforia"
"803","OlfactoryBulb","Iba1_RO1_1B_M-04",1.06796383866481,230.3598,215.7,"aiforia"
"804","OlfactoryBulb","Iba1_RO1_1B_M-04",1.3038076545633,265.716,203.8,"aiforia"
"805","OlfactoryBulb","Iba1_RO1_1B_M-04",1.05948541329011,261.481,246.8,"aiforia"
"806","OlfactoryBulb","Iba1_RO1_1B_M-04",1.01260503218256,173.0542,170.9,"aiforia"
"807","OlfactoryBulb","Iba1_RO1_1B_M-04",1.04320110871574,338.7274,324.7,"aiforia"
"808","OlfactoryBulb","Iba1_RO1_1B_M-04",1.4958903836572,600.4504,401.4,"aiforia"
"809","OlfactoryBulb","Iba1_RO1_1B_M-04",1.25022402890696,138.3998,110.7,"aiforia"
"810","OlfactoryBulb","Iba1_RO1_1B_M-04",1.45032194155523,292.82,201.9,"aiforia"
"811","OlfactoryBulb","Iba1_RO1_1B_M-04",1.10361544782251,402.93,365.1,"aiforia"
"812","OlfactoryBulb","Iba1_RO1_1B_M-04",1.6871894934334,179.8544,106.6,"aiforia"
"813","OlfactoryBulb","Iba1_RO1_1B_M-04",1.10944570230608,264.6028,238.5,"aiforia"
"814","OlfactoryBulb","Iba1_RO1_1B_M-04",1.3895007183908,386.837,278.4,"aiforia"
"815","OlfactoryBulb","Iba1_RO1_1B_M-04",1.44186666666667,261.6988,181.5,"aiforia"
"816","OlfactoryBulb","Iba1_RO1_1B_M-04",1.14875831873905,262.3764,228.4,"aiforia"
"817","OlfactoryBulb","Iba1_RO1_1B_M-04",1.2884609375,197.9076,153.6,"aiforia"
"818","OlfactoryBulb","Iba1_RO1_1B_M-04",1.149,250.2522,217.8,"aiforia"
"819","OlfactoryBulb","Iba1_RO1_1B_M-04",1.14340233632165,420.8864,368.1,"aiforia"
"820","OlfactoryBulb","Iba1_RO1_1B_M-04",1.34171838197645,262.0376,195.3,"aiforia"
"821","OlfactoryBulb","Iba1_RO1_1B_M-04",1.17052231163131,320.0208,273.4,"aiforia"
"822","OlfactoryBulb","Iba1_RO1_1B_M-04",1.26893326693227,254.8018,200.8,"aiforia"
"823","OlfactoryBulb","Iba1_RO1_1B_M-04",0.8006160687815,270.0478,337.3,"aiforia"
"824","OlfactoryBulb","Iba1_RO1_1B_M-04",1.43338461538462,122.9844,85.8,"aiforia"
"825","OlfactoryBulb","Iba1_RO1_1B_M-04",1.15503162737205,200.86,173.9,"aiforia"
"826","OlfactoryBulb","Iba1_RO1_1B_M-04",1.16817540842648,407.5764,348.9,"aiforia"
"827","OlfactoryBulb","Iba1_RO1_1B_M-04",1.24450954653938,208.5798,167.6,"aiforia"
"828","OlfactoryBulb","Iba1_RO1_1B_M-04",1.12781897418706,336.4284,298.3,"aiforia"
"829","OlfactoryBulb","Iba1_RO1_1B_M-04",0.930098827470687,111.0538,119.4,"aiforia"
"830","OlfactoryBulb","Iba1_RO1_1B_M-04",1.13980361173815,100.9866,88.6,"aiforia"
"831","OlfactoryBulb","Iba1_RO1_1B_M-04",1.25192543859649,342.5268,273.6,"aiforia"
"832","OlfactoryBulb","Iba1_RO1_1B_M-04",1.13884591194969,217.2918,190.8,"aiforia"
"833","OlfactoryBulb","Iba1_RO1_1B_M-04",1.01444945355191,148.5154,146.4,"aiforia"
"834","OlfactoryBulb","Iba1_RO1_1B_M-04",1.25177242044359,259.6176,207.4,"aiforia"
"835","OlfactoryBulb","Iba1_RO1_1B_M-04",1.32557399103139,295.603,223,"aiforia"
"836","OlfactoryBulb","Iba1_RO1_1B_M-04",1.07380085784314,350.4886,326.4,"aiforia"
"837","OlfactoryBulb","Iba1_RO1_1B_M-04",1.00422983658408,190.5024,189.7,"aiforia"
"838","OlfactoryBulb","Iba1_RO1_1B_M-04",1.34964288729422,319.7304,236.9,"aiforia"
"839","OlfactoryBulb","Iba1_RO1_1B_M-04",1.15242249459265,159.841,138.7,"aiforia"
"840","OlfactoryBulb","Iba1_RO1_1B_M-04",1.16994482758621,169.642,145,"aiforia"
"841","OlfactoryBulb","Iba1_RO1_1B_M-04",1.24043806791009,259.3756,209.1,"aiforia"
"842","OlfactoryBulb","Iba1_RO1_1B_M-04",1.23681501831502,270.1204,218.4,"aiforia"
"843","OlfactoryBulb","Iba1_RO1_1B_M-04",1.2082156114925,475.1912,393.3,"aiforia"
"844","OlfactoryBulb","Iba1_RO1_1B_M-04",1.27882275132275,193.358,151.2,"aiforia"
"845","OlfactoryBulb","Iba1_RO1_1B_M-04",1.1154,184.041,165,"aiforia"
"846","OlfactoryBulb","Iba1_RO1_1B_M-04",1.26089840746842,229.6096,182.1,"aiforia"
"847","OlfactoryBulb","Iba1_RO1_1B_M-04",1.21674732387354,488.7674,401.7,"aiforia"
"848","OlfactoryBulb","Iba1_RO1_1B_M-04",1.59892857142857,237.281,148.4,"aiforia"
"849","OlfactoryBulb","Iba1_RO1_1B_M-04",1.15693942133816,255.915,221.2,"aiforia"
"850","OlfactoryBulb","Iba1_RO1_1B_M-04",0.955237322515213,141.2796,147.9,"aiforia"
"851","OlfactoryBulb","Iba1_RO1_1B_M-04",1.34565022421525,180.048,133.8,"aiforia"
"852","OlfactoryBulb","Iba1_RO1_1B_M-04",1.25845182012848,235.0788,186.8,"aiforia"
"853","OlfactoryBulb","Iba1_RO1_1B_M-04",1.18547524294308,256.1812,216.1,"aiforia"
"854","OlfactoryBulb","Iba1_RO1_1B_M-04",1.14084288659794,276.6544,242.5,"aiforia"
"855","OlfactoryBulb","Iba1_RO1_1B_M-04",1.2690663507109,321.3276,253.2,"aiforia"
"856","OlfactoryBulb","Iba1_RO1_1B_M-04",0.98384778761062,55.5874,56.5,"aiforia"
"857","OlfactoryBulb","Iba1_RO1_1B_M-04",1.12322842639594,243.4036,216.7,"aiforia"
"858","OlfactoryBulb","Iba1_RO1_1B_M-04",1.06414814814815,158.026,148.5,"aiforia"
"859","OlfactoryBulb","Iba1_RO1_1B_M-04",1.13965492643781,255.6246,224.3,"aiforia"
"860","OlfactoryBulb","Iba1_RO1_1B_M-04",1.2488100711549,228.1576,182.7,"aiforia"
"861","OlfactoryBulb","Iba1_RO1_1B_M-04",1.1909311001142,312.8576,262.7,"aiforia"
"862","OlfactoryBulb","Iba1_RO1_1B_M-04",1.427903763697,299.717,209.9,"aiforia"
"863","OlfactoryBulb","Iba1_RO1_1B_M-04",1.03183567567568,95.4448,92.5,"aiforia"
"864","OlfactoryBulb","Iba1_RO1_1B_M-04",1.26102342673404,274.5248,217.7,"aiforia"
"865","OlfactoryBulb","Iba1_RO1_1B_M-04",1.35071216999356,209.7656,155.3,"aiforia"
"866","OlfactoryBulb","Iba1_RO1_1B_M-04",1.1946813655761,167.9722,140.6,"aiforia"
"867","OlfactoryBulb","Iba1_RO1_1B_M-04",1.3752823880597,230.3598,167.5,"aiforia"
"868","OlfactoryBulb","Iba1_RO1_1B_M-04",1.25076569678407,245.025,195.9,"aiforia"
"869","OlfactoryBulb","Iba1_RO1_1B_M-04",1.25435231316726,352.473,281,"aiforia"
"870","OlfactoryBulb","Iba1_RO1_1B_M-04",1.15178918918919,298.3134,259,"aiforia"
"871","OlfactoryBulb","Iba1_RO1_1B_M-04",1.10553303303303,147.257,133.2,"aiforia"
"872","OlfactoryBulb","Iba1_RO1_1B_M-04",1.12274829931973,264.0704,235.2,"aiforia"
"873","OlfactoryBulb","Iba1_RO1_1B_M-04",1.1064193236715,229.0288,207,"aiforia"
"874","OlfactoryBulb","Iba1_RO1_1B_M-04",1.35370841564599,685.2472,506.2,"aiforia"
"875","OlfactoryBulb","Iba1_RO1_1B_M-04",1.17746726636682,235.6112,200.1,"aiforia"
"876","OlfactoryBulb","Iba1_RO1_1B_M-04",1.29500768775872,437.9716,338.2,"aiforia"
"877","OlfactoryBulb","Iba1_RO1_1B_M-04",1.11672825694695,309.4454,277.1,"aiforia"
"878","OlfactoryBulb","Iba1_RO1_1B_M-04",1.2115215775936,423.9114,349.9,"aiforia"
"879","OlfactoryBulb","Iba1_RO1_1B_M-04",1.1672115942029,281.8816,241.5,"aiforia"
"880","OlfactoryBulb","Iba1_RO1_1B_M-04",1.19351035781544,697.1294,584.1,"aiforia"
"881","OlfactoryBulb","Iba1_RO1_1B_M-04",1.16662891698736,212.2098,181.9,"aiforia"
"882","OlfactoryBulb","Iba1_RO1_1B_M-04",1.19919273504274,561.2222,468,"aiforia"
"883","OlfactoryBulb","Iba1_RO1_1B_M-04",1.53064416586307,158.7278,103.7,"aiforia"
"884","OlfactoryBulb","Iba1_RO1_1B_M-04",1.37541057542768,176.8778,128.6,"aiforia"
"885","OlfactoryBulb","Iba1_RO1_1B_M-04",1.32769537815126,252.7932,190.4,"aiforia"
"886","OlfactoryBulb","Iba1_RO1_1B_M-04",1.15376635514019,271.5966,235.4,"aiforia"
"887","OlfactoryBulb","Iba1_RO1_1B_M-04",1.36712857524726,511.4428,374.1,"aiforia"
"888","OlfactoryBulb","Iba1_RO1_1B_M-04",1.04598280373832,279.8004,267.5,"aiforia"
"889","OlfactoryBulb","Iba1_RO1_1B_M-04",1.13578666666667,153.3312,135,"aiforia"
"890","OlfactoryBulb","Iba1_RO1_1B_M-04",1.1011,116.7166,106,"aiforia"
"891","OlfactoryBulb","Iba1_RO1_1B_M-04",1.24783713355049,114.9258,92.1,"aiforia"
"892","OlfactoryBulb","Iba1_RO1_1B_M-04",1.32814173228346,118.0718,88.9,"aiforia"
"893","OlfactoryBulb","Iba1_RO1_1B_M-04",0.829884868421053,151.371,182.4,"aiforia"
"894","OlfactoryBulb","Iba1_RO1_1B_M-04",1.01914432989691,79.0856,77.6,"aiforia"
"895","OlfactoryBulb","Iba1_RO1_1B_M-04",0.879433687744824,157.1548,178.7,"aiforia"
"896","OlfactoryBulb","Iba1_RO1_1B_M-04",1.1106357615894,301.8708,271.8,"aiforia"
"897","OlfactoryBulb","Iba1_RO1_1B_M-04",0.780610619469027,88.209,113,"aiforia"
"898","OlfactoryBulb","Iba1_RO1_1B_M-04",1.06005825242718,240.2092,226.6,"aiforia"
"899","OlfactoryBulb","Iba1_RO1_1B_M-04",1.28848111658456,156.937,121.8,"aiforia"
"900","OlfactoryBulb","Iba1_RO1_1B_M-04",1.16038962642791,375.8502,323.9,"aiforia"
"901","OlfactoryBulb","Iba1_RO1_1B_M-04",1.13896886166411,223.124,195.9,"aiforia"
"902","OlfactoryBulb","Iba1_RO1_1B_M-04",1.7756522556391,188.9294,106.4,"aiforia"
"903","OlfactoryBulb","Iba1_RO1_1B_M-04",1.27124544110399,515.8714,405.8,"aiforia"
"904","OlfactoryBulb","Iba1_RO1_1B_M-04",1.33860374673939,564.4892,421.7,"aiforia"
"905","OlfactoryBulb","Iba1_RO1_1B_M-04",1.27020033021464,230.7954,181.7,"aiforia"
"906","OlfactoryBulb","Iba1_RO1_1B_M-04",1.06350446122169,154.9526,145.7,"aiforia"
"907","OlfactoryBulb","Iba1_RO1_1B_M-04",1.20107517730496,169.3516,141,"aiforia"
"908","OlfactoryBulb","Iba1_RO1_1B_M-04",1.51560256410256,141.8604,93.6,"aiforia"
"909","OlfactoryBulb","Iba1_RO1_1B_M-04",1.23031753948462,296.0144,240.6,"aiforia"
"910","OlfactoryBulb","Iba1_RO1_1B_M-04",1.41555421686747,281.9784,199.2,"aiforia"
"911","OlfactoryBulb","Iba1_RO1_1B_M-04",1.09620238095238,202.5782,184.8,"aiforia"
"912","OlfactoryBulb","Iba1_RO1_1B_M-04",1.08310953346856,213.5892,197.2,"aiforia"
"913","OlfactoryBulb","Iba1_RO1_1B_M-04",1.37353378797272,221.551,161.3,"aiforia"
"914","OlfactoryBulb","Iba1_RO1_1B_M-04",1.64037726523888,199.1418,121.4,"aiforia"
"915","OlfactoryBulb","Iba1_RO1_1B_M-04",1.28579418344519,229.9,178.8,"aiforia"
"916","OlfactoryBulb","Iba1_RO1_1B_M-04",1.00477167859984,126.2998,125.7,"aiforia"
"917","OlfactoryBulb","Iba1_RO1_1B_M-04",1.04415919873484,198.077,189.7,"aiforia"
"918","OlfactoryBulb","Iba1_RO1_1B_M-04",0.847904334828102,56.7248,66.9,"aiforia"
"919","OlfactoryBulb","Iba1_RO1_1B_M-04",1.14996555514841,313.8256,272.9,"aiforia"
"920","OlfactoryBulb","Iba1_RO1_1B_M-04",1.08209851851852,292.1666,270,"aiforia"
"921","OlfactoryBulb","Iba1_RO1_1B_M-04",1.11782820097245,275.88,246.8,"aiforia"
"922","OlfactoryBulb","Iba1_RO1_1B_M-04",1.18023651844844,249.502,211.4,"aiforia"
"923","OlfactoryBulb","Iba1_RO1_1B_M-04",1.20044165170557,133.7292,111.4,"aiforia"
"924","OlfactoryBulb","Iba1_RO1_1B_M-04",1.21116386121608,352.5698,291.1,"aiforia"
"925","OlfactoryBulb","Iba1_RO1_1B_M-04",1.2605180366647,213.1536,169.1,"aiforia"
"926","OlfactoryBulb","Iba1_RO1_1B_M-04",1.0416822074215,218.9616,210.2,"aiforia"
"927","OlfactoryBulb","Iba1_RO1_1B_M-04",1.11293138244198,220.583,198.2,"aiforia"
"928","OlfactoryBulb","Iba1_RO1_1B_M-04",1.36521593830334,106.2138,77.8,"aiforia"
"929","OlfactoryBulb","Iba1_RO1_1B_M-04",1.18337658674189,251.7042,212.7,"aiforia"
"930","OlfactoryBulb","Iba1_RO1_1B_M-04",1.31961926260346,175.3774,132.9,"aiforia"
"931","OlfactoryBulb","Iba1_RO1_1B_M-04",1.24060612176253,368.8322,297.3,"aiforia"
"932","OlfactoryBulb","Iba1_RO1_1B_M-04",1.29598233695652,190.7686,147.2,"aiforia"
"933","OlfactoryBulb","Iba1_RO1_1B_M-04",1.29793521790342,220.3894,169.8,"aiforia"
"934","OlfactoryBulb","Iba1_RO1_1B_M-04",1.16186278381046,235.3934,202.6,"aiforia"
"935","OlfactoryBulb","Iba1_RO1_1B_M-04",1.21311096075778,179.2978,147.8,"aiforia"
"936","OlfactoryBulb","Iba1_RO1_1B_M-04",1.24947434656341,258.1414,206.6,"aiforia"
"937","OlfactoryBulb","Iba1_RO1_1B_M-04",1.04816949152542,204.0786,194.7,"aiforia"
"938","OlfactoryBulb","Iba1_RO1_1B_M-04",1.12952136752137,145.3694,128.7,"aiforia"
"939","OlfactoryBulb","Iba1_RO1_1B_M-04",0.974910085054678,160.4702,164.6,"aiforia"
"940","OlfactoryBulb","Iba1_RO1_1B_M-04",1.05513542219862,397.364,376.6,"aiforia"
"941","OlfactoryBulb","Iba1_RO1_1B_M-04",1.0765268722467,122.1858,113.5,"aiforia"
"942","OlfactoryBulb","Iba1_RO1_1B_M-04",1.3601689408707,209.33,153.9,"aiforia"
"943","OlfactoryBulb","Iba1_RO1_1B_M-04",1.73674850299401,232.0296,133.6,"aiforia"
"944","OlfactoryBulb","Iba1_RO1_1B_M-04",1.98174967405476,152.0002,76.7,"aiforia"
"945","OlfactoryBulb","Iba1_RO1_1B_M-04",1.86865999165624,447.9178,239.7,"aiforia"
"946","OlfactoryBulb","Iba1_RO1_1B_M-04",1.12423859649123,224.2856,199.5,"aiforia"
"947","OlfactoryBulb","Iba1_RO1_1B_M-04",1.1457019036047,282.8738,246.9,"aiforia"
"948","OlfactoryBulb","Iba1_RO1_1B_M-04",1.36166063348416,180.5562,132.6,"aiforia"
"949","OlfactoryBulb","Iba1_RO1_1B_M-04",1.77390160047421,299.2572,168.7,"aiforia"
"950","OlfactoryBulb","Iba1_RO1_1B_M-04",1.44677940153097,207.9022,143.7,"aiforia"
"951","OlfactoryBulb","Iba1_RO1_1B_M-04",1.30482315978456,290.7146,222.8,"aiforia"
"952","OlfactoryBulb","Iba1_RO1_1B_M-04",1.03419623389495,208.7008,201.8,"aiforia"
"953","OlfactoryBulb","Iba1_RO1_1B_M-04",1.19777414561664,322.4408,269.2,"aiforia"
"954","OlfactoryBulb","Iba1_RO1_1B_M-04",1.10451282051282,180.9192,163.8,"aiforia"
"955","OlfactoryBulb","Iba1_RO1_1B_M-04",1.12778630136986,288.1494,255.5,"aiforia"
"956","OlfactoryBulb","Iba1_RO1_1B_M-04",1.24175747508306,373.769,301,"aiforia"
"957","OlfactoryBulb","Iba1_RO1_1B_M-04",1.03375856014047,235.4902,227.8,"aiforia"
"958","OlfactoryBulb","Iba1_RO1_1B_M-04",1.1491377245509,211.0966,183.7,"aiforia"
"959","OlfactoryBulb","Iba1_RO1_1B_M-04",1.02229674306393,84.7484,82.9,"aiforia"
"960","OlfactoryBulb","Iba1_RO1_1B_M-04",1.34448261178141,189.4376,140.9,"aiforia"
"961","OlfactoryBulb","Iba1_RO1_1B_M-04",1.50178819635962,544.5484,362.6,"aiforia"
"962","OlfactoryBulb","Iba1_RO1_1B_M-04",1.05605482866044,169.4968,160.5,"aiforia"
"963","OlfactoryBulb","Iba1_RO1_1B_M-04",1.28963775510204,202.2152,156.8,"aiforia"
"964","OlfactoryBulb","Iba1_RO1_1B_M-04",1.2145928226363,351.989,289.8,"aiforia"
"965","OlfactoryBulb","Iba1_RO1_1B_M-04",1.0567106741573,451.4268,427.2,"aiforia"
"966","OlfactoryBulb","Iba1_RO1_1B_M-04",1.11366990291262,286.77,257.5,"aiforia"
"967","OlfactoryBulb","Iba1_RO1_1B_M-04",1.46180736842105,277.7434,190,"aiforia"
"968","OlfactoryBulb","Iba1_RO1_1B_M-04",0.987660801198053,263.8042,267.1,"aiforia"
"969","OlfactoryBulb","Iba1_RO1_1B_M-04",1.09419669631512,430.5664,393.5,"aiforia"
"970","OlfactoryBulb","Iba1_RO1_1B_M-04",1.10722007722008,172.062,155.4,"aiforia"
"971","OlfactoryBulb","Iba1_RO1_1B_M-04",1.64170854271357,228.69,139.3,"aiforia"
"972","OlfactoryBulb","Iba1_RO1_1B_M-04",1.18193103448276,226.2216,191.4,"aiforia"
"973","OlfactoryBulb","Iba1_RO1_1B_M-04",1.3127627785059,200.3276,152.6,"aiforia"
"974","OlfactoryBulb","Iba1_RO1_1B_M-04",1.48966836086404,234.4738,157.4,"aiforia"
"975","OlfactoryBulb","Iba1_RO1_1B_M-04",1.298,168.4804,129.8,"aiforia"
"976","OlfactoryBulb","Iba1_RO1_1B_M-04",1.43329075630252,170.5616,119,"aiforia"
"977","OlfactoryBulb","Iba1_RO1_1B_M-04",1.1888512341561,356.4176,299.8,"aiforia"
"978","OlfactoryBulb","Iba1_RO1_1B_M-04",1.15367774936061,135.3264,117.3,"aiforia"
"979","OlfactoryBulb","Iba1_RO1_1B_M-04",1.24572641083521,275.9284,221.5,"aiforia"
"980","OlfactoryBulb","Iba1_RO1_1B_M-04",1.30310631578947,247.5902,190,"aiforia"
"981","OlfactoryBulb","Iba1_RO1_1B_M-04",1.53233606557377,224.334,146.4,"aiforia"
"982","OlfactoryBulb","Iba1_RO1_1B_M-04",1.39223087248322,103.7212,74.5,"aiforia"
"983","OlfactoryBulb","Iba1_RO1_1B_M-04",1.17937522123894,133.2694,113,"aiforia"
"984","OlfactoryBulb","Iba1_RO1_1B_M-04",1.15156216994719,239.8704,208.3,"aiforia"
"985","OlfactoryBulb","Iba1_RO1_1B_M-04",1.35736408800568,191.2526,140.9,"aiforia"
"986","OlfactoryBulb","Iba1_RO1_1B_M-04",1.18244283777677,261.6746,221.3,"aiforia"
"987","OlfactoryBulb","Iba1_RO1_1B_M-04",1.08632341723875,142.417,131.1,"aiforia"
"988","OlfactoryBulb","Iba1_RO1_1B_M-04",1.35511915367483,243.3794,179.6,"aiforia"
"989","OlfactoryBulb","Iba1_RO1_1B_M-04",1.18725447570332,371.3732,312.8,"aiforia"
