"","BrainRegion","Image","AP","Areaum","Circumferenceµm","method"
"1","OlfactoryBulb","Iba1_RO1_1B_A-01",1.86971384850803,244.3716,130.7,"aiforia"
"2","OlfactoryBulb","Iba1_RO1_1B_A-01",1.44258032554848,203.8366,141.3,"aiforia"
"3","OlfactoryBulb","Iba1_RO1_1B_A-01",1.5017343358396,299.596,199.5,"aiforia"
"4","OlfactoryBulb","Iba1_RO1_1B_A-01",1.1703347863993,134.2374,114.7,"aiforia"
"5","OlfactoryBulb","Iba1_RO1_1B_A-01",1.77485041761579,233.7478,131.7,"aiforia"
"6","OlfactoryBulb","Iba1_RO1_1B_A-01",1.17447928107838,235.2482,200.3,"aiforia"
"7","OlfactoryBulb","Iba1_RO1_1B_A-01",1.27047070217918,262.3522,206.5,"aiforia"
"8","OlfactoryBulb","Iba1_RO1_1B_A-01",1.63738928571429,91.6938,56,"aiforia"
"9","OlfactoryBulb","Iba1_RO1_1B_A-01",1.31824,253.7612,192.5,"aiforia"
"10","OlfactoryBulb","Iba1_RO1_1B_A-01",1.48997384721266,432.9864,290.6,"aiforia"
"11","OlfactoryBulb","Iba1_RO1_1B_A-01",1.15117744916821,124.5574,108.2,"aiforia"
"12","OlfactoryBulb","Iba1_RO1_1B_A-01",1.66824150268336,373.0188,223.6,"aiforia"
"13","OlfactoryBulb","Iba1_RO1_1B_A-01",1.83936757068667,318.7624,173.3,"aiforia"
"14","OlfactoryBulb","Iba1_RO1_1B_A-01",1.55316100443131,315.447,203.1,"aiforia"
"15","OlfactoryBulb","Iba1_RO1_1B_A-01",1.30350822122571,174.4094,133.8,"aiforia"
"16","OlfactoryBulb","Iba1_RO1_1B_A-01",1.39049046483909,466.6486,335.6,"aiforia"
"17","OlfactoryBulb","Iba1_RO1_1B_A-01",1.31394024276377,281.446,214.2,"aiforia"
"18","OlfactoryBulb","Iba1_RO1_1B_A-01",1.32311101321586,300.3462,227,"aiforia"
"19","OlfactoryBulb","Iba1_RO1_1B_A-01",1.34005730994152,229.1498,171,"aiforia"
"20","OlfactoryBulb","Iba1_RO1_1B_A-01",1.16121462178791,320.8436,276.3,"aiforia"
"21","OlfactoryBulb","Iba1_RO1_1B_A-01",1.19023606557377,399.3242,335.5,"aiforia"
"22","OlfactoryBulb","Iba1_RO1_1B_A-01",1.27243420074349,171.1424,134.5,"aiforia"
"23","OlfactoryBulb","Iba1_RO1_1B_A-01",1.39991836734694,150.9112,107.8,"aiforia"
"24","OlfactoryBulb","Iba1_RO1_1B_A-01",1.49845100671141,223.2692,149,"aiforia"
"25","OlfactoryBulb","Iba1_RO1_1B_A-01",1.7825313059034,199.287,111.8,"aiforia"
"26","OlfactoryBulb","Iba1_RO1_1B_A-01",2.38715585384042,320.1176,134.1,"aiforia"
"27","OlfactoryBulb","Iba1_RO1_1B_A-01",1.46811448598131,125.6706,85.6,"aiforia"
"28","OlfactoryBulb","Iba1_RO1_1B_A-01",1.08948427672956,190.5508,174.9,"aiforia"
"29","OlfactoryBulb","Iba1_RO1_1B_A-01",1.33834260429836,211.7258,158.2,"aiforia"
"30","OlfactoryBulb","Iba1_RO1_1B_A-01",1.49866642547033,414.2314,276.4,"aiforia"
"31","OlfactoryBulb","Iba1_RO1_1B_A-01",1.28339344262295,203.5462,158.6,"aiforia"
"32","OlfactoryBulb","Iba1_RO1_1B_A-01",1.5858139183056,419.2892,264.4,"aiforia"
"33","OlfactoryBulb","Iba1_RO1_1B_A-01",1.58691289198606,273.2664,172.2,"aiforia"
"34","OlfactoryBulb","Iba1_RO1_1B_A-01",2.07493291731669,266.0064,128.2,"aiforia"
"35","OlfactoryBulb","Iba1_RO1_1B_A-01",1.5107846743295,197.1574,130.5,"aiforia"
"36","OlfactoryBulb","Iba1_RO1_1B_A-01",1.50797320525784,596.5542,395.6,"aiforia"
"37","OlfactoryBulb","Iba1_RO1_1B_A-01",1.34274038461538,307.219,228.8,"aiforia"
"38","OlfactoryBulb","Iba1_RO1_1B_A-01",1.13737622789784,231.5698,203.6,"aiforia"
"39","OlfactoryBulb","Iba1_RO1_1B_A-01",2.39498426966292,319.7304,133.5,"aiforia"
"40","OlfactoryBulb","Iba1_RO1_1B_A-01",1.27855555555556,278.4694,217.8,"aiforia"
"41","OlfactoryBulb","Iba1_RO1_1B_A-01",1.49901882210079,246.8884,164.7,"aiforia"
"42","OlfactoryBulb","Iba1_RO1_1B_A-01",1.42912665406427,151.2016,105.8,"aiforia"
"43","OlfactoryBulb","Iba1_RO1_1B_A-01",1.13139945504087,207.6118,183.5,"aiforia"
"44","OlfactoryBulb","Iba1_RO1_1B_A-01",1.6477617866005,332.024,201.5,"aiforia"
"45","OlfactoryBulb","Iba1_RO1_1B_A-01",1.37797095837367,142.3444,103.3,"aiforia"
"46","OlfactoryBulb","Iba1_RO1_1B_A-01",1.93415401380312,532.4726,275.3,"aiforia"
"47","OlfactoryBulb","Iba1_RO1_1B_A-01",1.08728854314003,153.7426,141.4,"aiforia"
"48","OlfactoryBulb","Iba1_RO1_1B_A-01",1.22664374140303,267.531,218.1,"aiforia"
"49","OlfactoryBulb","Iba1_RO1_1B_A-01",1.46031237848347,225.3262,154.3,"aiforia"
"50","OlfactoryBulb","Iba1_RO1_1B_A-01",1.15466138962181,131.285,113.7,"aiforia"
"51","OlfactoryBulb","Iba1_RO1_1B_A-01",1.28464591439689,363.1694,282.7,"aiforia"
"52","OlfactoryBulb","Iba1_RO1_1B_A-01",1.35843745819398,203.0864,149.5,"aiforia"
"53","OlfactoryBulb","Iba1_RO1_1B_A-01",1.34534011220196,383.691,285.2,"aiforia"
"54","OlfactoryBulb","Iba1_RO1_1B_A-01",1.08293955094991,125.4044,115.8,"aiforia"
"55","OlfactoryBulb","Iba1_RO1_1B_A-01",1.11444392523364,47.6982,42.8,"aiforia"
"56","OlfactoryBulb","Iba1_RO1_1B_A-01",1.22633594976452,234.3528,191.1,"aiforia"
"57","OlfactoryBulb","Iba1_RO1_1B_A-01",1.5182578125,427.5414,281.6,"aiforia"
"58","OlfactoryBulb","Iba1_RO1_1B_A-01",0.967126804123711,187.6226,194,"aiforia"
"59","OlfactoryBulb","Iba1_RO1_1B_A-01",1.47764816149964,409.8996,277.4,"aiforia"
"60","OlfactoryBulb","Iba1_RO1_1B_A-01",1.52451263537906,211.145,138.5,"aiforia"
"61","OlfactoryBulb","Iba1_RO1_1B_A-01",1.11564794902429,280.1392,251.1,"aiforia"
"62","OlfactoryBulb","Iba1_RO1_1B_A-01",1.26699186164802,249.0906,196.6,"aiforia"
"63","OlfactoryBulb","Iba1_RO1_1B_A-01",1.28901811425917,277.5256,215.3,"aiforia"
"64","OlfactoryBulb","Iba1_RO1_1B_A-01",1.30103239978034,236.918,182.1,"aiforia"
"65","OlfactoryBulb","Iba1_RO1_1B_A-01",1.28016292495189,199.5774,155.9,"aiforia"
"66","OlfactoryBulb","Iba1_RO1_1B_A-01",1.04384210526316,174.5304,167.2,"aiforia"
"67","OlfactoryBulb","Iba1_RO1_1B_A-01",1.74071814671815,405.7614,233.1,"aiforia"
"68","OlfactoryBulb","Iba1_RO1_1B_A-01",1.56063462435838,334.444,214.3,"aiforia"
"69","OlfactoryBulb","Iba1_RO1_1B_A-01",1.42343837209302,244.8314,172,"aiforia"
"70","OlfactoryBulb","Iba1_RO1_1B_A-01",1.38053411440386,400.631,290.2,"aiforia"
"71","OlfactoryBulb","Iba1_RO1_1B_A-01",1.4319409733124,456.0732,318.5,"aiforia"
"72","OlfactoryBulb","Iba1_RO1_1B_A-01",2.45245317919075,636.4116,259.5,"aiforia"
"73","OlfactoryBulb","Iba1_RO1_1B_A-01",1.146329008822,220.8976,192.7,"aiforia"
"74","OlfactoryBulb","Iba1_RO1_1B_A-01",1.2622816091954,483.2014,382.8,"aiforia"
"75","OlfactoryBulb","Iba1_RO1_1B_A-01",1.64172977941176,178.6202,108.8,"aiforia"
"76","OlfactoryBulb","Iba1_RO1_1B_A-01",1.27703229061554,253.1078,198.2,"aiforia"
"77","OlfactoryBulb","Iba1_RO1_1B_A-01",1.25821842434348,301.8466,239.9,"aiforia"
"78","OlfactoryBulb","Iba1_RO1_1B_A-01",1.34695742471443,129.712,96.3,"aiforia"
"79","OlfactoryBulb","Iba1_RO1_1B_A-01",1.19416405529954,259.1336,217,"aiforia"
"80","OlfactoryBulb","Iba1_RO1_1B_A-01",1.23700734214391,336.9608,272.4,"aiforia"
"81","OlfactoryBulb","Iba1_RO1_1B_A-01",1.34679088050314,171.3118,127.2,"aiforia"
"82","OlfactoryBulb","Iba1_RO1_1B_A-01",1.55931927357938,266.1758,170.7,"aiforia"
"83","OlfactoryBulb","Iba1_RO1_1B_A-01",1.22858214285714,206.4018,168,"aiforia"
"84","OlfactoryBulb","Iba1_RO1_1B_A-01",1.22479684418146,310.486,253.5,"aiforia"
"85","OlfactoryBulb","Iba1_RO1_1B_A-01",1.1501359495445,164.1244,142.7,"aiforia"
"86","OlfactoryBulb","Iba1_RO1_1B_A-01",0.891174603174603,84.216,94.5,"aiforia"
"87","OlfactoryBulb","Iba1_RO1_1B_A-01",1.43754689042448,291.247,202.6,"aiforia"
"88","OlfactoryBulb","Iba1_RO1_1B_A-01",1.26515251299827,145.9986,115.4,"aiforia"
"89","OlfactoryBulb","Iba1_RO1_1B_A-01",1.30467918622848,83.369,63.9,"aiforia"
"90","OlfactoryBulb","Iba1_RO1_1B_A-01",1.39464198895028,252.4302,181,"aiforia"
"91","OlfactoryBulb","Iba1_RO1_1B_A-01",1.09820652173913,202.07,184,"aiforia"
"92","OlfactoryBulb","Iba1_RO1_1B_A-01",1.31083333333333,279.994,213.6,"aiforia"
"93","OlfactoryBulb","Iba1_RO1_1B_A-01",1.80804372469636,223.2934,123.5,"aiforia"
"94","OlfactoryBulb","Iba1_RO1_1B_A-01",1.34896840442338,170.7794,126.6,"aiforia"
"95","OlfactoryBulb","Iba1_RO1_1B_A-01",1.01675192472198,237.7166,233.8,"aiforia"
"96","OlfactoryBulb","Iba1_RO1_1B_A-01",2.87395766590389,502.3678,174.8,"aiforia"
"97","OlfactoryBulb","Iba1_RO1_1B_A-01",1.3565706455542,445.4978,328.4,"aiforia"
"98","OlfactoryBulb","Iba1_RO1_1B_A-01",1.45568795355588,200.5938,137.8,"aiforia"
"99","OlfactoryBulb","Iba1_RO1_1B_A-01",1.25253195488722,133.2694,106.4,"aiforia"
"100","OlfactoryBulb","Iba1_RO1_1B_A-01",1.088391959799,194.931,179.1,"aiforia"
"101","OlfactoryBulb","Iba1_RO1_1B_A-01",1.28064030131827,136.004,106.2,"aiforia"
"102","OlfactoryBulb","Iba1_RO1_1B_A-01",1.29813017751479,241.3224,185.9,"aiforia"
"103","OlfactoryBulb","Iba1_RO1_1B_A-01",1.29729732268671,276.1946,212.9,"aiforia"
"104","OlfactoryBulb","Iba1_RO1_1B_A-01",1.36369625246548,138.2788,101.4,"aiforia"
"105","OlfactoryBulb","Iba1_RO1_1B_A-01",1.08802419354839,242.847,223.2,"aiforia"
"106","OlfactoryBulb","Iba1_RO1_1B_A-01",1.55806172839506,151.4436,97.2,"aiforia"
"107","OlfactoryBulb","Iba1_RO1_1B_A-01",1.31747540983607,176.8052,134.2,"aiforia"
"108","OlfactoryBulb","Iba1_RO1_1B_A-01",1.10325226514068,231.352,209.7,"aiforia"
"109","OlfactoryBulb","Iba1_RO1_1B_A-01",1.52383360171766,283.8902,186.3,"aiforia"
"110","OlfactoryBulb","Iba1_RO1_1B_A-01",1.32799337382662,240.4996,181.1,"aiforia"
"111","OlfactoryBulb","Iba1_RO1_1B_A-01",1.19315035317861,236.4824,198.2,"aiforia"
"112","OlfactoryBulb","Iba1_RO1_1B_A-01",1.49110365853659,146.7246,98.4,"aiforia"
"113","OlfactoryBulb","Iba1_RO1_1B_A-01",1.57636111111111,329.1442,208.8,"aiforia"
"114","OlfactoryBulb","Iba1_RO1_1B_A-01",1.34994082840237,250.954,185.9,"aiforia"
"115","OlfactoryBulb","Iba1_RO1_1B_A-01",1.32733874538745,179.8544,135.5,"aiforia"
"116","OlfactoryBulb","Iba1_RO1_1B_A-01",1.53567982924226,287.7864,187.4,"aiforia"
"117","OlfactoryBulb","Iba1_RO1_1B_A-01",1.36686698176908,202.433,148.1,"aiforia"
"118","OlfactoryBulb","Iba1_RO1_1B_A-01",1.6391404853129,256.6894,156.6,"aiforia"
"119","OlfactoryBulb","Iba1_RO1_1B_A-01",1.42318013165769,237.8134,167.1,"aiforia"
"120","OlfactoryBulb","Iba1_RO1_1B_A-01",1.48704827586207,194.0598,130.5,"aiforia"
"121","OlfactoryBulb","Iba1_RO1_1B_A-01",1.67721700223714,74.9716,44.7,"aiforia"
"122","OlfactoryBulb","Iba1_RO1_1B_A-01",2.04760274914089,297.9262,145.5,"aiforia"
"123","OlfactoryBulb","Iba1_RO1_1B_A-01",1.17927904191617,98.4698,83.5,"aiforia"
"124","OlfactoryBulb","Iba1_RO1_1B_A-01",0.980168880455408,206.6196,210.8,"aiforia"
"125","OlfactoryBulb","Iba1_RO1_1B_A-01",1.48564077669903,336.6462,226.6,"aiforia"
"126","OlfactoryBulb","Iba1_RO1_1B_A-01",1.16717695473251,170.1744,145.8,"aiforia"
"127","OlfactoryBulb","Iba1_RO1_1B_A-01",1.33755452601568,375.3178,280.6,"aiforia"
"128","OlfactoryBulb","Iba1_RO1_1B_A-01",1.82207703281027,255.4552,140.2,"aiforia"
"129","OlfactoryBulb","Iba1_RO1_1B_A-01",1.40349299926308,190.454,135.7,"aiforia"
"130","OlfactoryBulb","Iba1_RO1_1B_A-01",1.4307652173913,180.9918,126.5,"aiforia"
"131","OlfactoryBulb","Iba1_RO1_1B_A-01",1.28432541133455,140.5052,109.4,"aiforia"
"132","OlfactoryBulb","Iba1_RO1_1B_A-01",1.53566048109966,223.4386,145.5,"aiforia"
"133","OlfactoryBulb","Iba1_RO1_1B_A-01",1.69734870848708,183.9926,108.4,"aiforia"
"134","OlfactoryBulb","Iba1_RO1_1B_A-01",1.22454259043174,209.8866,171.4,"aiforia"
"135","OlfactoryBulb","Iba1_RO1_1B_A-01",1.42841209130167,231.5456,162.1,"aiforia"
"136","OlfactoryBulb","Iba1_RO1_1B_A-01",1.45829863013699,212.9116,146,"aiforia"
"137","OlfactoryBulb","Iba1_RO1_1B_A-01",1.01787411167513,200.5212,197,"aiforia"
"138","OlfactoryBulb","Iba1_RO1_1B_A-01",1.12803673938002,196.504,174.2,"aiforia"
"139","OlfactoryBulb","Iba1_RO1_1B_A-01",1.71702524271845,176.8536,103,"aiforia"
"140","OlfactoryBulb","Iba1_RO1_1B_A-01",1.49966666666667,217.7516,145.2,"aiforia"
"141","OlfactoryBulb","Iba1_RO1_1B_A-01",1.27780229382851,233.9656,183.1,"aiforia"
"142","OlfactoryBulb","Iba1_RO1_1B_A-01",1.18565907887771,223.971,188.9,"aiforia"
"143","OlfactoryBulb","Iba1_RO1_1B_A-01",1.19701572617946,129.3974,108.1,"aiforia"
"144","OlfactoryBulb","Iba1_RO1_1B_A-01",1.23835749751738,249.4052,201.4,"aiforia"
"145","OlfactoryBulb","Iba1_RO1_1B_A-01",1.05797780244173,95.3238,90.1,"aiforia"
"146","OlfactoryBulb","Iba1_RO1_1B_A-01",1.20008043310131,155.1704,129.3,"aiforia"
"147","OlfactoryBulb","Iba1_RO1_1B_A-01",1.18500253485425,186.9934,157.8,"aiforia"
"148","OlfactoryBulb","Iba1_RO1_1B_A-01",1.15355719921105,233.9414,202.8,"aiforia"
"149","OlfactoryBulb","Iba1_RO1_1B_A-01",1.41049310872894,184.2104,130.6,"aiforia"
"150","OlfactoryBulb","Iba1_RO1_1B_A-01",1.24766536964981,96.195,77.1,"aiforia"
"151","OlfactoryBulb","Iba1_RO1_1B_A-01",1.28748365276212,228.3996,177.4,"aiforia"
"152","OlfactoryBulb","Iba1_RO1_1B_A-01",1.04494716618636,108.779,104.1,"aiforia"
"153","OlfactoryBulb","Iba1_RO1_1B_A-01",1.3129147751606,306.5656,233.5,"aiforia"
"154","OlfactoryBulb","Iba1_RO1_1B_A-01",0.960367346938776,207.0552,215.6,"aiforia"
"155","OlfactoryBulb","Iba1_RO1_1B_A-01",1.35713122171946,329.9186,243.1,"aiforia"
"156","OlfactoryBulb","Iba1_RO1_1B_A-01",1.53467467811159,178.7896,116.5,"aiforia"
"157","OlfactoryBulb","Iba1_RO1_1B_A-01",1.54840381991814,340.494,219.9,"aiforia"
"158","OlfactoryBulb","Iba1_RO1_1B_A-01",1.29110746812386,141.7636,109.8,"aiforia"
"159","OlfactoryBulb","Iba1_RO1_1B_A-01",1.47932078935291,322.344,217.9,"aiforia"
"160","OlfactoryBulb","Iba1_RO1_1B_A-01",1.40138429231415,333.6696,238.1,"aiforia"
"161","OlfactoryBulb","Iba1_RO1_1B_A-01",1.46225251677852,348.601,238.4,"aiforia"
"162","OlfactoryBulb","Iba1_RO1_1B_A-01",1.41328682170543,200.5454,141.9,"aiforia"
"163","OlfactoryBulb","Iba1_RO1_1B_A-01",1.36567633175995,202.5298,148.3,"aiforia"
"164","OlfactoryBulb","Iba1_RO1_1B_A-01",1.60564089347079,560.6898,349.2,"aiforia"
"165","OlfactoryBulb","Iba1_RO1_1B_A-01",1.44433811230585,241.7822,167.4,"aiforia"
"166","OlfactoryBulb","Iba1_RO1_1B_A-01",1.2609894319683,190.9138,151.4,"aiforia"
"167","OlfactoryBulb","Iba1_RO1_1B_A-01",1.19802089009991,263.8042,220.2,"aiforia"
"168","OlfactoryBulb","Iba1_RO1_1B_A-01",1.331,89.9756,67.6,"aiforia"
"169","OlfactoryBulb","Iba1_RO1_1B_A-01",1.5243012345679,185.2026,121.5,"aiforia"
"170","OlfactoryBulb","Iba1_RO1_1B_A-01",1.5369394644936,264.0462,171.8,"aiforia"
"171","OlfactoryBulb","Iba1_RO1_1B_A-01",1.32686052631579,201.6828,152,"aiforia"
"172","OlfactoryBulb","Iba1_RO1_1B_A-01",1.87044,308.6226,165,"aiforia"
"173","OlfactoryBulb","Iba1_RO1_1B_A-01",1.40976126938334,390.9268,277.3,"aiforia"
"174","OlfactoryBulb","Iba1_RO1_1B_A-01",1.3014154619736,207.0552,159.1,"aiforia"
"175","OlfactoryBulb","Iba1_RO1_1B_A-01",1.15858901389808,175.0628,151.1,"aiforia"
"176","OlfactoryBulb","Iba1_RO1_1B_A-01",1.26164719491035,218.1388,172.9,"aiforia"
"177","OlfactoryBulb","Iba1_RO1_1B_A-01",1.24595048143054,181.1612,145.4,"aiforia"
"178","OlfactoryBulb","Iba1_RO1_1B_A-01",1.29878747203579,174.1674,134.1,"aiforia"
"179","OlfactoryBulb","Iba1_RO1_1B_A-01",1.21547039827772,112.9172,92.9,"aiforia"
"180","OlfactoryBulb","Iba1_RO1_1B_A-01",1.2217664160401,243.7424,199.5,"aiforia"
"181","OlfactoryBulb","Iba1_RO1_1B_A-01",1.9384026475455,351.4324,181.3,"aiforia"
"182","OlfactoryBulb","Iba1_RO1_1B_A-01",1.17821335268505,162.3578,137.8,"aiforia"
"183","OlfactoryBulb","Iba1_RO1_1B_A-01",1.33493495934959,229.8758,172.2,"aiforia"
"184","OlfactoryBulb","Iba1_RO1_1B_A-01",1.2321679389313,193.6968,157.2,"aiforia"
"185","OlfactoryBulb","Iba1_RO1_1B_A-01",1.38706130653266,138.0126,99.5,"aiforia"
"186","OlfactoryBulb","Iba1_RO1_1B_A-01",1.57507043374453,395.8152,251.3,"aiforia"
"187","OlfactoryBulb","Iba1_RO1_1B_A-01",1.42154966887417,128.7924,90.6,"aiforia"
"188","OlfactoryBulb","Iba1_RO1_1B_A-01",1.3222,363.605,275,"aiforia"
"189","OlfactoryBulb","Iba1_RO1_1B_A-01",1.37354337899543,150.403,109.5,"aiforia"
"190","OlfactoryBulb","Iba1_RO1_1B_A-01",1.83846666666667,60.6694,33,"aiforia"
"191","OlfactoryBulb","Iba1_RO1_1B_A-01",1.21860256410256,209.1122,171.6,"aiforia"
"192","OlfactoryBulb","Iba1_RO1_1B_A-01",1.3106875502008,163.1806,124.5,"aiforia"
"193","OlfactoryBulb","Iba1_RO1_1B_A-01",1.32761234745154,184.9364,139.3,"aiforia"
"194","OlfactoryBulb","Iba1_RO1_1B_A-01",1.43095205770047,337.2754,235.7,"aiforia"
"195","OlfactoryBulb","Iba1_RO1_1B_A-01",1.38423084200568,146.3132,105.7,"aiforia"
"196","OlfactoryBulb","Iba1_RO1_1B_A-01",1.30548820837733,370.8892,284.1,"aiforia"
"197","OlfactoryBulb","Iba1_RO1_1B_A-01",1.27037593984962,185.856,146.3,"aiforia"
"198","OlfactoryBulb","Iba1_RO1_1B_A-01",1.33722125938764,231.473,173.1,"aiforia"
"199","OlfactoryBulb","Iba1_RO1_1B_A-01",1.44828881789137,226.6572,156.5,"aiforia"
"200","OlfactoryBulb","Iba1_RO1_1B_A-01",1.45683414043584,240.669,165.2,"aiforia"
"201","OlfactoryBulb","Iba1_RO1_1B_A-01",1.24870436187399,231.8844,185.7,"aiforia"
"202","OlfactoryBulb","Iba1_RO1_1B_A-01",1.73639301874596,537.24,309.4,"aiforia"
"203","OlfactoryBulb","Iba1_RO1_1B_A-01",1.36762736089842,267.9182,195.9,"aiforia"
"204","OlfactoryBulb","Iba1_RO1_1B_A-01",1.4683935483871,318.6414,217,"aiforia"
"205","OlfactoryBulb","Iba1_RO1_1B_A-01",1.42422577610536,151.3952,106.3,"aiforia"
"206","OlfactoryBulb","Iba1_RO1_1B_A-01",1.2610297542044,194.9552,154.6,"aiforia"
"207","OlfactoryBulb","Iba1_RO1_1B_A-01",1.18875900558092,234.3044,197.1,"aiforia"
"208","OlfactoryBulb","Iba1_RO1_1B_A-01",1.19786591549296,212.6212,177.5,"aiforia"
"209","OlfactoryBulb","Iba1_RO1_1B_A-01",1.19893714285714,146.8698,122.5,"aiforia"
"210","OlfactoryBulb","Iba1_RO1_1B_A-01",1.24164272559853,134.8424,108.6,"aiforia"
"211","OlfactoryBulb","Iba1_RO1_1B_A-01",1.86824720774386,250.9056,134.3,"aiforia"
"212","OlfactoryBulb","Iba1_RO1_1B_A-01",1.50564128595601,177.9668,118.2,"aiforia"
"213","OlfactoryBulb","Iba1_RO1_1B_A-01",1.3770855704698,164.1486,119.2,"aiforia"
"214","OlfactoryBulb","Iba1_RO1_1B_A-01",1.53736394176932,137.2866,89.3,"aiforia"
"215","OlfactoryBulb","Iba1_RO1_1B_A-01",1.18552662721893,220.3894,185.9,"aiforia"
"216","OlfactoryBulb","Iba1_RO1_1B_A-01",1.26042594296228,274.0166,217.4,"aiforia"
"217","OlfactoryBulb","Iba1_RO1_1B_A-01",1.08913549832027,291.7794,267.9,"aiforia"
"218","OlfactoryBulb","Iba1_RO1_1B_A-01",0.893023832221163,93.6782,104.9,"aiforia"
"219","OlfactoryBulb","Iba1_RO1_1B_A-01",1.2625306122449,204.1512,161.7,"aiforia"
"220","OlfactoryBulb","Iba1_RO1_1B_A-01",2.13810575427683,274.9604,128.6,"aiforia"
"221","OlfactoryBulb","Iba1_RO1_1B_A-01",1.51755619596542,210.6368,138.8,"aiforia"
"222","OlfactoryBulb","Iba1_RO1_1B_A-01",1.25395608782435,188.4696,150.3,"aiforia"
"223","OlfactoryBulb","Iba1_RO1_1B_A-01",1.26708345827086,253.5434,200.1,"aiforia"
"224","OlfactoryBulb","Iba1_RO1_1B_A-01",1.42974306569343,293.8122,205.5,"aiforia"
"225","OlfactoryBulb","Iba1_RO1_1B_A-01",1.15662898089172,145.2726,125.6,"aiforia"
"226","OlfactoryBulb","Iba1_RO1_1B_A-01",1.37642042042042,229.174,166.5,"aiforia"
"227","OlfactoryBulb","Iba1_RO1_1B_A-01",1.40135674157303,299.3298,213.6,"aiforia"
"228","OlfactoryBulb","Iba1_RO1_1B_A-01",1.77739980638916,550.8162,309.9,"aiforia"
"229","OlfactoryBulb","Iba1_RO1_1B_A-01",1.1129017760058,307.0496,275.9,"aiforia"
"230","OlfactoryBulb","Iba1_RO1_1B_A-01",1.46634732423924,279.4858,190.6,"aiforia"
"231","OlfactoryBulb","Iba1_RO1_1B_A-01",1.54376966292135,274.791,178,"aiforia"
"232","OlfactoryBulb","Iba1_RO1_1B_A-01",1.36573870967742,338.7032,248,"aiforia"
"233","OlfactoryBulb","Iba1_RO1_1B_A-01",0.969883934890304,137.0446,141.3,"aiforia"
"234","OlfactoryBulb","Iba1_RO1_1B_A-01",1.11025915080527,151.6614,136.6,"aiforia"
"235","OlfactoryBulb","Iba1_RO1_1B_A-01",1.35309243697479,177.1198,130.9,"aiforia"
"236","OlfactoryBulb","Iba1_RO1_1B_A-01",1.38655718954248,339.4292,244.8,"aiforia"
"237","OlfactoryBulb","Iba1_RO1_1B_A-01",1.33165760869565,245.025,184,"aiforia"
"238","OlfactoryBulb","Iba1_RO1_1B_A-01",1.34743310810811,398.8402,296,"aiforia"
"239","OlfactoryBulb","Iba1_RO1_1B_A-01",1.41313333333333,279.8004,198,"aiforia"
"240","OlfactoryBulb","Iba1_RO1_1B_A-01",1.19676022835395,251.559,210.2,"aiforia"
"241","OlfactoryBulb","Iba1_RO1_1B_A-01",1.11482537313433,149.3866,134,"aiforia"
"242","OlfactoryBulb","Iba1_RO1_1B_A-01",1.08731944444444,172.2314,158.4,"aiforia"
"243","OlfactoryBulb","Iba1_RO1_1B_A-01",1.22419817470665,187.792,153.4,"aiforia"
"244","OlfactoryBulb","Iba1_RO1_1B_A-01",1.75817759237187,295.0222,167.8,"aiforia"
"245","OlfactoryBulb","Iba1_RO1_1B_A-01",1.282149970006,213.7344,166.7,"aiforia"
"246","OlfactoryBulb","Iba1_RO1_1B_A-01",1.38840222085133,225.06,162.1,"aiforia"
"247","OlfactoryBulb","Iba1_RO1_1B_A-01",1.49260895975702,196.5766,131.7,"aiforia"
"248","OlfactoryBulb","Iba1_RO1_1B_A-01",1.43188612565445,218.7922,152.8,"aiforia"
"249","OlfactoryBulb","Iba1_RO1_1B_A-01",1.10162401574803,223.85,203.2,"aiforia"
"250","OlfactoryBulb","Iba1_RO1_1B_A-01",1.19812653324726,185.5898,154.9,"aiforia"
"251","OlfactoryBulb","Iba1_RO1_1B_A-01",1.58684989718986,231.5214,145.9,"aiforia"
"252","OlfactoryBulb","Iba1_RO1_1B_A-01",1.29869457789979,189.2198,145.7,"aiforia"
"253","OlfactoryBulb","Iba1_RO1_1B_A-01",1.73341094941095,250.1312,144.3,"aiforia"
"254","OlfactoryBulb","Iba1_RO1_1B_A-01",1.81149542682927,237.6682,131.2,"aiforia"
"255","OlfactoryBulb","Iba1_RO1_1B_A-01",1.39244285714286,214.4362,154,"aiforia"
"256","OlfactoryBulb","Iba1_RO1_1B_A-01",2.15902752293578,517.7348,239.8,"aiforia"
"257","OlfactoryBulb","Iba1_RO1_1B_A-01",1.46080762564991,337.1544,230.8,"aiforia"
"258","OlfactoryBulb","Iba1_RO1_1B_A-01",1.71274288724974,325.0786,189.8,"aiforia"
"259","OlfactoryBulb","Iba1_RO1_1B_A-01",1.19000808781051,205.9904,173.1,"aiforia"
"260","OlfactoryBulb","Iba1_RO1_1B_A-01",1.4509665480427,203.8608,140.5,"aiforia"
"261","OlfactoryBulb","Iba1_RO1_1B_A-01",1.95074226804124,208.1442,106.7,"aiforia"
"262","OlfactoryBulb","Iba1_RO1_1B_A-01",1.61564409722222,186.1222,115.2,"aiforia"
"263","OlfactoryBulb","Iba1_RO1_1B_A-01",1.70761304192046,476.5948,279.1,"aiforia"
"264","OlfactoryBulb","Iba1_RO1_1B_A-01",1.54439383753501,551.3486,357,"aiforia"
"265","OlfactoryBulb","Iba1_RO1_1B_A-01",1.41827868852459,276.848,195.2,"aiforia"
"266","OlfactoryBulb","Iba1_RO1_1B_A-01",1.46774163994503,320.408,218.3,"aiforia"
"267","OlfactoryBulb","Iba1_RO1_1B_A-01",1.36871650211566,97.042,70.9,"aiforia"
"268","OlfactoryBulb","Iba1_RO1_1B_A-01",1.2080087124879,249.5746,206.6,"aiforia"
"269","OlfactoryBulb","Iba1_RO1_1B_A-01",1.40650652741514,215.4768,153.2,"aiforia"
"270","OlfactoryBulb","Iba1_RO1_1B_A-01",1.3383922829582,166.496,124.4,"aiforia"
"271","OlfactoryBulb","Iba1_RO1_1B_A-01",1.28126290224651,211.024,164.7,"aiforia"
"272","OlfactoryBulb","Iba1_RO1_1B_A-01",1.26175620437956,172.8606,137,"aiforia"
"273","OlfactoryBulb","Iba1_RO1_1B_A-01",2.21634071550256,520.3968,234.8,"aiforia"
"274","OlfactoryBulb","Iba1_RO1_1B_A-01",1.53611694639957,283.7208,184.7,"aiforia"
"275","OlfactoryBulb","Iba1_RO1_1B_A-01",2.92215782664942,451.7656,154.6,"aiforia"
"276","OlfactoryBulb","Iba1_RO1_1B_A-01",1.33998931052913,250.712,187.1,"aiforia"
"277","OlfactoryBulb","Iba1_RO1_1B_A-01",1.21091605433088,543.8224,449.1,"aiforia"
"278","OlfactoryBulb","Iba1_RO1_1B_A-01",1.49194413407821,293.7638,196.9,"aiforia"
"279","OlfactoryBulb","Iba1_RO1_1B_A-01",1.4524544600939,154.6864,106.5,"aiforia"
"280","OlfactoryBulb","Iba1_RO1_1B_A-01",1.35060186710599,245.9446,182.1,"aiforia"
"281","OlfactoryBulb","Iba1_RO1_1B_A-01",1.93063924050633,305.041,158,"aiforia"
"282","OlfactoryBulb","Iba1_RO1_1B_A-01",1.91909940017138,447.9178,233.4,"aiforia"
"283","OlfactoryBulb","Iba1_RO1_1B_A-01",1.60799775784753,286.8668,178.4,"aiforia"
"284","OlfactoryBulb","Iba1_RO1_1B_A-01",1.4162869955157,347.4152,245.3,"aiforia"
"285","OlfactoryBulb","Iba1_RO1_1B_A-01",1.50598995695839,419.87,278.8,"aiforia"
"286","OlfactoryBulb","Iba1_RO1_1B_A-01",1.50439321240492,257.1008,170.9,"aiforia"
"287","OlfactoryBulb","Iba1_RO1_1B_A-01",1.66823684210526,278.9292,167.2,"aiforia"
"288","OlfactoryBulb","Iba1_RO1_1B_A-01",1.66682106598985,262.691,157.6,"aiforia"
"289","OlfactoryBulb","Iba1_RO1_1B_A-01",1.49810792951542,272.0564,181.6,"aiforia"
"290","OlfactoryBulb","Iba1_RO1_1B_A-01",2.72401064265248,665.4758,244.3,"aiforia"
"291","OlfactoryBulb","Iba1_RO1_1B_A-01",2.46460392156863,377.0844,153,"aiforia"
"292","OlfactoryBulb","Iba1_RO1_1B_A-01",1.62342778390298,294.4898,181.4,"aiforia"
"293","OlfactoryBulb","Iba1_RO1_1B_A-01",1.75530380868025,198.1738,112.9,"aiforia"
"294","OlfactoryBulb","Iba1_RO1_1B_A-01",1.67197139141743,128.5746,76.9,"aiforia"
"295","OlfactoryBulb","Iba1_RO1_1B_A-01",2.17656149977138,476.014,218.7,"aiforia"
"296","OlfactoryBulb","Iba1_RO1_1B_A-01",1.98726939843069,227.9398,114.7,"aiforia"
"297","OlfactoryBulb","Iba1_RO1_1B_A-01",1.40706884875847,249.3326,177.2,"aiforia"
"298","OlfactoryBulb","Iba1_RO1_1B_A-01",1.43235220125786,250.5184,174.9,"aiforia"
"299","OlfactoryBulb","Iba1_RO1_1B_A-01",1.83749748743719,365.662,199,"aiforia"
"300","OlfactoryBulb","Iba1_RO1_1B_A-01",1.72912248322148,206.1114,119.2,"aiforia"
"301","OlfactoryBulb","Iba1_RO1_1B_A-01",1.44238238453276,134.2858,93.1,"aiforia"
"302","OlfactoryBulb","Iba1_RO1_1B_A-01",1.46779007092199,206.9584,141,"aiforia"
"303","OlfactoryBulb","Iba1_RO1_1B_A-01",1.28038031319911,286.165,223.5,"aiforia"
"304","OlfactoryBulb","Iba1_RO1_1B_A-01",1.17682090831191,137.335,116.7,"aiforia"
"305","OlfactoryBulb","Iba1_RO1_1B_A-01",1.68155936352509,137.3834,81.7,"aiforia"
"306","OlfactoryBulb","Iba1_RO1_1B_A-01",1.08466055045872,130.0508,119.9,"aiforia"
"307","OlfactoryBulb","Iba1_RO1_1B_A-01",1.31614262734584,245.4606,186.5,"aiforia"
"308","OlfactoryBulb","Iba1_RO1_1B_A-01",1.32670696452037,201.9248,152.2,"aiforia"
"309","OlfactoryBulb","Iba1_RO1_1B_A-01",1.42395434591747,162.1884,113.9,"aiforia"
"310","OlfactoryBulb","Iba1_RO1_1B_A-01",1.9602,295.9902,151,"aiforia"
"311","OlfactoryBulb","Iba1_RO1_1B_A-01",1.83027959116386,555.1238,303.3,"aiforia"
"312","OlfactoryBulb","Iba1_RO1_1B_A-01",1.10167378843147,211.4112,191.9,"aiforia"
"313","OlfactoryBulb","Iba1_RO1_1B_A-01",2.28821393841167,423.5484,185.1,"aiforia"
"314","OlfactoryBulb","Iba1_RO1_1B_A-01",1.22810619469027,152.6536,124.3,"aiforia"
"315","OlfactoryBulb","Iba1_RO1_1B_A-01",1.19780108991826,175.8372,146.8,"aiforia"
"316","OlfactoryBulb","Iba1_RO1_1B_A-01",1.93401787043931,259.7386,134.3,"aiforia"
"317","OlfactoryBulb","Iba1_RO1_1B_A-01",1.72742096505824,311.454,180.3,"aiforia"
"318","OlfactoryBulb","Iba1_RO1_1B_A-01",1.45286069946651,245.0976,168.7,"aiforia"
"319","OlfactoryBulb","Iba1_RO1_1B_A-01",1.34085520361991,118.5316,88.4,"aiforia"
"320","OlfactoryBulb","Iba1_RO1_1B_A-01",1.38254247572816,227.843,164.8,"aiforia"
"321","OlfactoryBulb","Iba1_RO1_1B_A-01",1.66884268629255,362.8064,217.4,"aiforia"
"322","OlfactoryBulb","Iba1_RO1_1B_A-01",1.29758277360727,328.4182,253.1,"aiforia"
"323","OlfactoryBulb","Iba1_RO1_1B_A-01",1.52600112422709,271.4756,177.9,"aiforia"
"324","OlfactoryBulb","Iba1_RO1_1B_A-01",1.82333611691023,349.3512,191.6,"aiforia"
"325","OlfactoryBulb","Iba1_RO1_1B_A-01",1.17549655850541,119.548,101.7,"aiforia"
"326","OlfactoryBulb","Iba1_RO1_1B_A-01",1.74759034852547,325.9256,186.5,"aiforia"
"327","OlfactoryBulb","Iba1_RO1_1B_A-01",1.49697345132743,355.2318,237.3,"aiforia"
"328","OlfactoryBulb","Iba1_RO1_1B_A-01",1.63814241866176,266.8534,162.9,"aiforia"
"329","OlfactoryBulb","Iba1_RO1_1B_A-01",1.18283673469388,115.918,98,"aiforia"
"330","OlfactoryBulb","Iba1_RO1_1B_A-01",1.88661496149615,342.9866,181.8,"aiforia"
"331","OlfactoryBulb","Iba1_RO1_1B_A-01",1.35075171467764,98.4698,72.9,"aiforia"
"332","OlfactoryBulb","Iba1_RO1_1B_A-01",1.21098294069862,149.072,123.1,"aiforia"
"333","OlfactoryBulb","Iba1_RO1_1B_A-01",1.39976313276027,293.1104,209.4,"aiforia"
"334","OlfactoryBulb","Iba1_RO1_1B_A-01",1.41787728613569,240.3302,169.5,"aiforia"
"335","OlfactoryBulb","Iba1_RO1_1B_A-01",1.68673545966229,179.806,106.6,"aiforia"
"336","OlfactoryBulb","Iba1_RO1_1B_A-01",1.68322048997773,151.1532,89.8,"aiforia"
"337","OlfactoryBulb","Iba1_RO1_1B_A-01",1.81069608284557,402.1556,222.1,"aiforia"
"338","OlfactoryBulb","Iba1_RO1_1B_A-01",1.89124983606557,576.8312,305,"aiforia"
"339","OlfactoryBulb","Iba1_RO1_1B_A-01",1.45896402877698,365.0328,250.2,"aiforia"
"340","OlfactoryBulb","Iba1_RO1_1B_A-01",1.48087158243579,178.7412,120.7,"aiforia"
"341","OlfactoryBulb","Iba1_RO1_1B_A-01",1.04144494180842,116.3294,111.7,"aiforia"
"342","OlfactoryBulb","Iba1_RO1_1B_A-01",1.74094102228047,398.5014,228.9,"aiforia"
"343","OlfactoryBulb","Iba1_RO1_1B_A-01",1.33804,147.1844,110,"aiforia"
"344","OlfactoryBulb","Iba1_RO1_1B_A-01",1.79601960784314,348.0686,193.8,"aiforia"
"345","OlfactoryBulb","Iba1_RO1_1B_A-01",1.56181340118745,184.1378,117.9,"aiforia"
"346","OlfactoryBulb","Iba1_RO1_1B_A-01",1.43677407054337,150.7176,104.9,"aiforia"
"347","OlfactoryBulb","Iba1_RO1_1B_A-01",1.05166441441441,186.7756,177.6,"aiforia"
"348","OlfactoryBulb","Iba1_RO1_1B_A-01",1.87239654178674,324.8608,173.5,"aiforia"
"349","OlfactoryBulb","Iba1_RO1_1B_A-01",1.824075,248.0742,136,"aiforia"
"350","OlfactoryBulb","Iba1_RO1_1B_A-01",1.31165460030166,173.9254,132.6,"aiforia"
"351","OlfactoryBulb","Iba1_RO1_1B_A-01",1.19410746268657,240.0156,201,"aiforia"
"352","OlfactoryBulb","Iba1_RO1_1B_A-01",1.45051836734694,71.0754,49,"aiforia"
"353","OlfactoryBulb","Iba1_RO1_1B_A-01",1.783125,345.213,193.6,"aiforia"
"354","OlfactoryBulb","Iba1_RO1_1B_A-01",1.60230287539936,250.7604,156.5,"aiforia"
"355","OlfactoryBulb","Iba1_RO1_1B_A-01",1.31866630901288,245.7994,186.4,"aiforia"
"356","OlfactoryBulb","Iba1_RO1_1B_A-01",1.37210526315789,286.77,209,"aiforia"
"357","OlfactoryBulb","Iba1_RO1_1B_A-01",1.36874311926606,238.7088,174.4,"aiforia"
"358","OlfactoryBulb","Iba1_RO1_1B_A-01",1.35632558139535,326.6032,240.8,"aiforia"
"359","OlfactoryBulb","Iba1_RO1_1B_A-01",1.27666149369544,263.2476,206.2,"aiforia"
"360","OlfactoryBulb","Iba1_RO1_1B_A-01",1.22802793585101,237.3778,193.3,"aiforia"
"361","OlfactoryBulb","Iba1_RO1_1B_A-01",1.38779931271478,201.9248,145.5,"aiforia"
"362","OlfactoryBulb","Iba1_RO1_1B_A-01",1.29998239254272,251.0266,193.1,"aiforia"
"363","OlfactoryBulb","Iba1_RO1_1B_A-01",1.51258705035971,315.3744,208.5,"aiforia"
"364","OlfactoryBulb","Iba1_RO1_1B_A-01",1.46606436119116,305.2346,208.2,"aiforia"
"365","OlfactoryBulb","Iba1_RO1_1B_A-01",1.41351093439364,355.498,251.5,"aiforia"
"366","OlfactoryBulb","Iba1_RO1_1B_A-01",1.0115524256651,193.9146,191.7,"aiforia"
"367","OlfactoryBulb","Iba1_RO1_1B_A-01",1.74774129353234,386.4256,221.1,"aiforia"
"368","OlfactoryBulb","Iba1_RO1_1B_A-01",1.56970272502064,190.091,121.1,"aiforia"
"369","OlfactoryBulb","Iba1_RO1_1B_A-01",1.27757229916898,230.6018,180.5,"aiforia"
"370","OlfactoryBulb","Iba1_RO1_1B_A-01",1.52108832807571,192.874,126.8,"aiforia"
"371","OlfactoryBulb","Iba1_RO1_1B_A-01",1.45349474984558,235.3208,161.9,"aiforia"
"372","OlfactoryBulb","Iba1_RO1_1B_A-01",2.07516347438753,465.8742,224.5,"aiforia"
"373","OlfactoryBulb","Iba1_RO1_1B_A-01",1.62844248900063,259.0852,159.1,"aiforia"
"374","OlfactoryBulb","Iba1_RO1_1B_A-01",1.58376694915254,149.5076,94.4,"aiforia"
"375","OlfactoryBulb","Iba1_RO1_1B_A-01",1.31821509433962,139.7308,106,"aiforia"
"376","OlfactoryBulb","Iba1_RO1_1B_A-01",1.87942857142857,246.0172,130.9,"aiforia"
"377","OlfactoryBulb","Iba1_RO1_1B_A-01",1.15873404798367,226.996,195.9,"aiforia"
"378","OlfactoryBulb","Iba1_RO1_1B_A-01",1.26213189042949,373.2124,295.7,"aiforia"
"379","OlfactoryBulb","Iba1_RO1_1B_A-01",1.88398506224066,454.0404,241,"aiforia"
"380","OlfactoryBulb","Iba1_RO1_1B_A-01",1.37797647058824,363.0968,263.5,"aiforia"
"381","OlfactoryBulb","Iba1_RO1_1B_A-01",1.24427700582698,277.5982,223.1,"aiforia"
"382","OlfactoryBulb","Iba1_RO1_1B_A-01",1.47795777027027,174.9902,118.4,"aiforia"
"383","OlfactoryBulb","Iba1_RO1_1B_A-01",1.51931894484412,380.1336,250.2,"aiforia"
"384","OlfactoryBulb","Iba1_RO1_1B_A-01",1.45237003058104,189.97,130.8,"aiforia"
"385","OlfactoryBulb","Iba1_RO1_1B_A-01",1.25722826086957,254.463,202.4,"aiforia"
"386","OlfactoryBulb","Iba1_RO1_1B_A-01",1.21546451612903,263.7558,217,"aiforia"
"387","OlfactoryBulb","Iba1_RO1_1B_A-01",1.43456097560976,258.7948,180.4,"aiforia"
"388","OlfactoryBulb","Iba1_RO1_1B_A-01",1.26489616519174,428.7998,339,"aiforia"
"389","OlfactoryBulb","Iba1_RO1_1B_A-01",1.6700701754386,418.8536,250.8,"aiforia"
"390","OlfactoryBulb","Iba1_RO1_1B_A-01",1.80180406654344,194.9552,108.2,"aiforia"
"391","OlfactoryBulb","Iba1_RO1_1B_A-01",2.22811979695431,219.4698,98.5,"aiforia"
"392","OlfactoryBulb","Iba1_RO1_1B_A-01",1.46320603537981,281.2282,192.2,"aiforia"
"393","OlfactoryBulb","Iba1_RO1_1B_A-01",1.65370652173913,334.7102,202.4,"aiforia"
"394","OlfactoryBulb","Iba1_RO1_1B_A-01",1.23224937027708,97.8406,79.4,"aiforia"
"395","OlfactoryBulb","Iba1_RO1_1B_A-01",1.33754507628294,192.874,144.2,"aiforia"
"396","OlfactoryBulb","Iba1_RO1_1B_A-01",1.89485513078471,188.3486,99.4,"aiforia"
"397","OlfactoryBulb","Iba1_RO1_1B_A-01",1.89063023175372,546.5812,289.1,"aiforia"
"398","OlfactoryBulb","Iba1_RO1_1B_A-01",1.19097816593886,300.0074,251.9,"aiforia"
"399","OlfactoryBulb","Iba1_RO1_1B_A-01",1.06350542518294,421.4672,396.3,"aiforia"
"400","OlfactoryBulb","Iba1_RO1_1B_A-01",1.63755792682927,322.2714,196.8,"aiforia"
"401","OlfactoryBulb","Iba1_RO1_1B_A-01",1.50108058409951,277.5498,184.9,"aiforia"
"402","OlfactoryBulb","Iba1_RO1_1B_A-01",1.65142592592593,338.8726,205.2,"aiforia"
"403","OlfactoryBulb","Iba1_RO1_1B_A-01",1.39022665947113,515.218,370.6,"aiforia"
"404","OlfactoryBulb","Iba1_RO1_1B_A-01",1.59923770491803,429.2354,268.4,"aiforia"
"405","OlfactoryBulb","Iba1_RO1_1B_A-01",1.87935526863807,451.2332,240.1,"aiforia"
"406","OlfactoryBulb","Iba1_RO1_1B_A-01",1.8060171319797,569.2566,315.2,"aiforia"
"407","OlfactoryBulb","Iba1_RO1_1B_A-01",1.1991110176619,570.2972,475.6,"aiforia"
"408","OlfactoryBulb","Iba1_RO1_1B_A-01",1.46190204587725,235.8048,161.3,"aiforia"
"409","OlfactoryBulb","Iba1_RO1_1B_A-01",1.34699733806566,303.6132,225.4,"aiforia"
"410","OlfactoryBulb","Iba1_RO1_1B_A-01",1.65914403292181,241.9032,145.8,"aiforia"
"411","OlfactoryBulb","Iba1_RO1_1B_A-01",1.97278953821005,482.7416,244.7,"aiforia"
"412","OlfactoryBulb","Iba1_RO1_1B_A-01",1.62045773979107,170.6342,105.3,"aiforia"
"413","OlfactoryBulb","Iba1_RO1_1B_A-01",2.0314335154827,223.0514,109.8,"aiforia"
"414","OlfactoryBulb","Iba1_RO1_1B_A-01",1.18303804347826,174.1432,147.2,"aiforia"
"415","OlfactoryBulb","Iba1_RO1_1B_A-01",2.13723758865248,120.5402,56.4,"aiforia"
"416","OlfactoryBulb","Iba1_RO1_1B_A-01",1.69078832116788,254.8018,150.7,"aiforia"
"417","OlfactoryBulb","Iba1_RO1_1B_A-01",1.86779786200194,192.1964,102.9,"aiforia"
"418","OlfactoryBulb","Iba1_RO1_1B_A-01",1.23218333333333,103.5034,84,"aiforia"
"419","OlfactoryBulb","Iba1_RO1_1B_A-01",1.43133719247467,296.7162,207.3,"aiforia"
"420","OlfactoryBulb","Iba1_RO1_1B_A-01",1.62367803547067,357.0468,219.9,"aiforia"
"421","OlfactoryBulb","Iba1_RO1_1B_A-01",1.04775366178429,314.7452,300.4,"aiforia"
"422","OlfactoryBulb","Iba1_RO1_1B_A-01",1.27653452685422,299.475,234.6,"aiforia"
"423","OlfactoryBulb","Iba1_RO1_1B_A-01",1.15789521080639,282.8738,244.3,"aiforia"
"424","OlfactoryBulb","Iba1_RO1_1B_A-01",1.55808219178082,272.976,175.2,"aiforia"
"425","OlfactoryBulb","Iba1_RO1_1B_A-01",1.34114202561118,230.4082,171.8,"aiforia"
"426","OlfactoryBulb","Iba1_RO1_1B_A-01",1.66083479349186,265.4014,159.8,"aiforia"
"427","OlfactoryBulb","Iba1_RO1_1B_A-01",2.94785013623978,432.7444,146.8,"aiforia"
"428","OlfactoryBulb","Iba1_RO1_1B_A-01",1.12436923076923,226.5604,201.5,"aiforia"
"429","OlfactoryBulb","Iba1_RO1_1B_A-01",1.38790566893424,306.0332,220.5,"aiforia"
"430","OlfactoryBulb","Iba1_RO1_1B_A-01",1.78651725316023,522.9136,292.7,"aiforia"
"431","OlfactoryBulb","Iba1_RO1_1B_A-01",1.84941495950453,388.1922,209.9,"aiforia"
"432","OlfactoryBulb","Iba1_RO1_1B_A-01",1.34667464728516,314.9872,233.9,"aiforia"
"433","OlfactoryBulb","Iba1_RO1_1B_A-01",1.54475352877307,142.2718,92.1,"aiforia"
"434","OlfactoryBulb","Iba1_RO1_1B_A-01",1.79564673157163,258.214,143.8,"aiforia"
"435","OlfactoryBulb","Iba1_RO1_1B_A-01",1.18564875,189.7038,160,"aiforia"
"436","OlfactoryBulb","Iba1_RO1_1B_A-01",1.56093447293447,164.3664,105.3,"aiforia"
"437","OlfactoryBulb","Iba1_RO1_1B_A-01",1.64489855072464,385.8932,234.6,"aiforia"
"438","OlfactoryBulb","Iba1_RO1_1B_A-01",1.49846039142591,160.7848,107.3,"aiforia"
"439","OlfactoryBulb","Iba1_RO1_1B_A-01",1.40089550072569,193.0434,137.8,"aiforia"
"440","OlfactoryBulb","Iba1_RO1_1B_A-01",1.36459134817304,324.9092,238.1,"aiforia"
"441","OlfactoryBulb","Iba1_RO1_1B_A-01",1.64401424501424,230.8196,140.4,"aiforia"
"442","OlfactoryBulb","Iba1_RO1_1B_A-01",1.47770600858369,137.7222,93.2,"aiforia"
"443","OlfactoryBulb","Iba1_RO1_1B_A-01",1.38712452419793,255.0922,183.9,"aiforia"
"444","OlfactoryBulb","Iba1_RO1_1B_A-01",1.6848679245283,205.3854,121.9,"aiforia"
"445","OlfactoryBulb","Iba1_RO1_1B_A-01",1.79070041152263,435.1402,243,"aiforia"
"446","OlfactoryBulb","Iba1_RO1_1B_A-01",1.42396856810244,244.6378,171.8,"aiforia"
"447","OlfactoryBulb","Iba1_RO1_1B_A-01",1.59551028216165,333.6212,209.1,"aiforia"
"448","OlfactoryBulb","Iba1_RO1_1B_A-01",1.67969087136929,161.9222,96.4,"aiforia"
"449","OlfactoryBulb","Iba1_RO1_1B_A-01",1.78828571428571,302.9356,169.4,"aiforia"
"450","OlfactoryBulb","Iba1_RO1_1B_A-01",1.6166036036036,143.5544,88.8,"aiforia"
"451","OlfactoryBulb","Iba1_RO1_1B_A-01",1.36871428571429,42.1564,30.8,"aiforia"
"452","OlfactoryBulb","Iba1_RO1_1B_A-01",1.26834148827727,248.8486,196.2,"aiforia"
"453","OlfactoryBulb","Iba1_RO1_1B_A-01",1.4301981981982,190.5024,133.2,"aiforia"
"454","OlfactoryBulb","Iba1_RO1_1B_A-01",1.82336,50.1424,27.5,"aiforia"
"455","OlfactoryBulb","Iba1_RO1_1B_A-01",1.12978006329114,142.8042,126.4,"aiforia"
"456","OlfactoryBulb","Iba1_RO1_1B_A-01",1.52845666356011,328.0068,214.6,"aiforia"
"457","OlfactoryBulb","Iba1_RO1_1B_A-01",1.37602947678703,186.7272,135.7,"aiforia"
"458","OlfactoryBulb","Iba1_RO1_1B_A-01",1.41390941704036,315.3018,223,"aiforia"
"459","OlfactoryBulb","Iba1_RO1_1B_A-01",2.29545555555556,454.5002,198,"aiforia"
"460","OlfactoryBulb","Iba1_RO1_1B_A-01",1.68011970074813,202.1184,120.3,"aiforia"
"461","OlfactoryBulb","Iba1_RO1_1B_A-01",1.537782376502,230.3598,149.8,"aiforia"
"462","OlfactoryBulb","Iba1_RO1_1B_A-01",1.3438875739645,227.117,169,"aiforia"
"463","OlfactoryBulb","Iba1_RO1_1B_A-01",1.25746675531915,189.123,150.4,"aiforia"
"464","OlfactoryBulb","Iba1_RO1_1B_A-01",1.21464722617354,170.7794,140.6,"aiforia"
"465","OlfactoryBulb","Iba1_RO1_1B_A-01",1.35070138431114,204.9014,151.7,"aiforia"
"466","OlfactoryBulb","Iba1_RO1_1B_A-01",1.46205323383085,587.7454,402,"aiforia"
"467","OlfactoryBulb","Iba1_RO1_1B_A-01",1.25155787476281,131.9142,105.4,"aiforia"
"468","OlfactoryBulb","Iba1_RO1_1B_A-01",1.20115404699739,92.0084,76.6,"aiforia"
"469","OlfactoryBulb","Iba1_RO1_1B_A-01",1.23649942062572,213.4198,172.6,"aiforia"
"470","OlfactoryBulb","Iba1_RO1_1B_A-01",1.73706689986882,397.2672,228.7,"aiforia"
"471","OlfactoryBulb","Iba1_RO1_1B_A-01",1.34023722397476,212.4276,158.5,"aiforia"
"472","OlfactoryBulb","Iba1_RO1_1B_A-01",1.7099523141655,487.6784,285.2,"aiforia"
"473","OlfactoryBulb","Iba1_RO1_1B_A-01",1.29290066225166,214.7508,166.1,"aiforia"
"474","OlfactoryBulb","Iba1_RO1_1B_A-01",1.64596846112017,302.6936,183.9,"aiforia"
"475","OlfactoryBulb","Iba1_RO1_1B_A-01",1.42528801169591,389.9588,273.6,"aiforia"
"476","OlfactoryBulb","Iba1_RO1_1B_A-01",2.16551016578042,692.3136,319.7,"aiforia"
"477","OlfactoryBulb","Iba1_RO1_1B_A-01",1.48235946924005,245.7752,165.8,"aiforia"
"478","OlfactoryBulb","Iba1_RO1_1B_A-01",1.70067970097757,295.7482,173.9,"aiforia"
"479","OlfactoryBulb","Iba1_RO1_1B_A-01",1.96488695652174,248.5582,126.5,"aiforia"
"480","OlfactoryBulb","Iba1_RO1_1B_A-01",1.43414653865589,283.8176,197.9,"aiforia"
"481","OlfactoryBulb","Iba1_RO1_1B_A-01",1.08033067973056,176.418,163.3,"aiforia"
"482","OlfactoryBulb","Iba1_RO1_1B_A-01",1.37843331076506,203.5946,147.7,"aiforia"
"483","OlfactoryBulb","Iba1_RO1_1B_A-01",1.98963331094694,296.2564,148.9,"aiforia"
"484","OlfactoryBulb","Iba1_RO1_1B_A-01",1.87378542510121,370.26,197.6,"aiforia"
"485","OlfactoryBulb","Iba1_RO1_1B_A-01",1.19323925925926,322.1746,270,"aiforia"
"486","OlfactoryBulb","Iba1_RO1_1B_A-01",1.10555374592834,339.405,307,"aiforia"
"487","OlfactoryBulb","Iba1_RO1_1B_A-01",1.21481095273818,323.8686,266.6,"aiforia"
"488","OlfactoryBulb","Iba1_RO1_1B_A-01",1.15697679438748,214.3878,185.3,"aiforia"
"489","OlfactoryBulb","Iba1_RO1_1B_A-01",1.5226345177665,359.9508,236.4,"aiforia"
"490","OlfactoryBulb","Iba1_RO1_1B_A-01",1.25560486322188,206.547,164.5,"aiforia"
"491","OlfactoryBulb","Iba1_RO1_1B_A-01",1.62001361315939,285.6084,176.3,"aiforia"
"492","OlfactoryBulb","Iba1_RO1_1B_A-01",1.22714897824654,372.317,303.4,"aiforia"
"493","OlfactoryBulb","Iba1_RO1_1B_A-01",1.48252565947242,309.1066,208.5,"aiforia"
"494","OlfactoryBulb","Iba1_RO1_1B_A-01",1.32073211314476,158.752,120.2,"aiforia"
"495","OlfactoryBulb","Iba1_RO1_1B_A-01",1.42388453314326,199.771,140.3,"aiforia"
"496","OlfactoryBulb","Iba1_RO1_1B_A-01",1.44159572446556,606.9118,421,"aiforia"
"497","OlfactoryBulb","Iba1_RO1_1B_A-01",1.34164169381107,82.3768,61.4,"aiforia"
"498","OlfactoryBulb","Iba1_RO1_1B_A-01",1.60527667493797,258.7706,161.2,"aiforia"
"499","OlfactoryBulb","Iba1_RO1_1B_A-01",1.97419174041298,267.7004,135.6,"aiforia"
"500","OlfactoryBulb","Iba1_RO1_1B_A-01",1.81935767143562,368.7838,202.7,"aiforia"
"501","OlfactoryBulb","Iba1_RO1_1B_A-01",1.66800207092933,644.3492,386.3,"aiforia"
"502","OlfactoryBulb","Iba1_RO1_1B_A-01",1.79038275862069,415.3688,232,"aiforia"
"503","OlfactoryBulb","Iba1_RO1_1B_A-01",0.814659450457952,97.8406,120.1,"aiforia"
"504","OlfactoryBulb","Iba1_RO1_1B_A-01",1.44023226544622,251.7526,174.8,"aiforia"
"505","OlfactoryBulb","Iba1_RO1_1B_A-01",1.29618233618234,181.984,140.4,"aiforia"
"506","OlfactoryBulb","Iba1_RO1_1B_A-01",2.06483985330073,337.8078,163.6,"aiforia"
"507","OlfactoryBulb","Iba1_RO1_1B_A-01",1.75319189189189,259.4724,148,"aiforia"
"508","OlfactoryBulb","Iba1_RO1_1B_A-01",1.28779089275015,429.8646,333.8,"aiforia"
"509","OlfactoryBulb","Iba1_RO1_1B_A-01",1.59131651376147,277.5256,174.4,"aiforia"
"510","OlfactoryBulb","Iba1_RO1_1B_A-01",1.37556057692308,286.1166,208,"aiforia"
"511","OlfactoryBulb","Iba1_RO1_1B_A-01",1.37310955961332,255.673,186.2,"aiforia"
"512","OlfactoryBulb","Iba1_RO1_1B_A-01",1.51903106898368,288.464,189.9,"aiforia"
"513","OlfactoryBulb","Iba1_RO1_1B_A-01",2.06689709762533,470.0124,227.4,"aiforia"
"514","OlfactoryBulb","Iba1_RO1_1B_A-01",1.21079710144928,183.799,151.8,"aiforia"
"515","OlfactoryBulb","Iba1_RO1_1B_A-01",1.41013432835821,207.8538,147.4,"aiforia"
"516","OlfactoryBulb","Iba1_RO1_1B_A-01",1.47514703675919,393.2742,266.6,"aiforia"
"517","OlfactoryBulb","Iba1_RO1_1B_A-01",1.70387755102041,208.725,122.5,"aiforia"
"518","OlfactoryBulb","Iba1_RO1_1B_A-01",1.43756826022671,291.6826,202.9,"aiforia"
"519","OlfactoryBulb","Iba1_RO1_1B_A-01",1.29156296296296,174.361,135,"aiforia"
"520","OlfactoryBulb","Iba1_RO1_1B_A-01",1.65802338530067,297.781,179.6,"aiforia"
"521","OlfactoryBulb","Iba1_RO1_1B_A-01",1.30009613196815,457.1138,351.6,"aiforia"
"522","OlfactoryBulb","Iba1_RO1_1B_A-01",1.41890756302521,371.47,261.8,"aiforia"
"523","OlfactoryBulb","Iba1_RO1_1B_A-01",1.46773887530562,300.1526,204.5,"aiforia"
"524","OlfactoryBulb","Iba1_RO1_1B_A-01",1.66375,472.505,284,"aiforia"
"525","OlfactoryBulb","Iba1_RO1_1B_A-01",1.68609965635739,490.655,291,"aiforia"
"526","OlfactoryBulb","Iba1_RO1_1B_A-01",1.8297745773325,292.215,159.7,"aiforia"
"527","OlfactoryBulb","Iba1_RO1_1B_A-01",1.48096458923513,209.1122,141.2,"aiforia"
"528","OlfactoryBulb","Iba1_RO1_1B_A-01",1.91848357289528,373.7206,194.8,"aiforia"
"529","OlfactoryBulb","Iba1_RO1_1B_A-01",1.76781237721022,359.9266,203.6,"aiforia"
"530","OlfactoryBulb","Iba1_RO1_1B_A-01",1.81985976855003,267.3374,146.9,"aiforia"
"531","OlfactoryBulb","Iba1_RO1_1B_A-01",1.91887834339948,222.398,115.9,"aiforia"
"532","OlfactoryBulb","Iba1_RO1_1B_A-01",1.39993625498008,105.4152,75.3,"aiforia"
"533","OlfactoryBulb","Iba1_RO1_1B_A-01",1.63731531531532,145.3936,88.8,"aiforia"
"534","OlfactoryBulb","Iba1_RO1_1B_A-01",1.76936360555744,522.1392,295.1,"aiforia"
"535","OlfactoryBulb","Iba1_RO1_1B_A-01",1.60520088954781,216.5416,134.9,"aiforia"
"536","OlfactoryBulb","Iba1_RO1_1B_A-01",1.79429513343799,228.5932,127.4,"aiforia"
"537","OlfactoryBulb","Iba1_RO1_1B_A-01",1.39186425834702,254.2936,182.7,"aiforia"
"538","OlfactoryBulb","Iba1_RO1_1B_A-01",1.61483787661406,112.5542,69.7,"aiforia"
"539","OlfactoryBulb","Iba1_RO1_1B_A-01",1.47629718875502,183.799,124.5,"aiforia"
"540","OlfactoryBulb","Iba1_RO1_1B_A-01",1.9007580539119,578.2106,304.2,"aiforia"
"541","OlfactoryBulb","Iba1_RO1_1B_A-01",1.88505263157895,132.5192,70.3,"aiforia"
"542","OlfactoryBulb","Iba1_RO1_1B_A-01",1.22890045941807,320.9888,261.2,"aiforia"
"543","OlfactoryBulb","Iba1_RO1_1B_A-01",1.02581603581604,252.043,245.7,"aiforia"
"544","OlfactoryBulb","Iba1_RO1_1B_A-01",1.38483802816901,432.6234,312.4,"aiforia"
"545","OlfactoryBulb","Iba1_RO1_1B_A-01",2.19157755775578,265.6192,121.2,"aiforia"
"546","OlfactoryBulb","Iba1_RO1_1B_A-01",1.72132258064516,106.722,62,"aiforia"
"547","OlfactoryBulb","Iba1_RO1_1B_A-01",1.10536025408348,243.6214,220.4,"aiforia"
"548","OlfactoryBulb","Iba1_RO1_1B_A-01",1.37341237113402,319.7304,232.8,"aiforia"
"549","OlfactoryBulb","Iba1_RO1_1B_A-01",1.85667889908257,445.2316,239.8,"aiforia"
"550","OlfactoryBulb","Iba1_RO1_1B_A-01",1.51278315132605,387.8776,256.4,"aiforia"
"551","OlfactoryBulb","Iba1_RO1_1B_A-01",1.40332655367232,248.3888,177,"aiforia"
"552","OlfactoryBulb","Iba1_RO1_1B_A-01",1.67595368226031,361.8384,215.9,"aiforia"
"553","OlfactoryBulb","Iba1_RO1_1B_A-01",1.45569556650246,295.5062,203,"aiforia"
"554","OlfactoryBulb","Iba1_RO1_1B_A-01",1.48007820512821,230.8922,156,"aiforia"
"555","OlfactoryBulb","Iba1_RO1_1B_A-01",1.94126388093875,339.1388,174.7,"aiforia"
"556","OlfactoryBulb","Iba1_RO1_1B_A-01",1.1543987854251,114.0546,98.8,"aiforia"
"557","OlfactoryBulb","Iba1_RO1_1B_A-01",2.13681409214092,394.2422,184.5,"aiforia"
"558","OlfactoryBulb","Iba1_RO1_1B_A-01",1.14137571428571,159.7926,140,"aiforia"
"559","OlfactoryBulb","Iba1_RO1_1B_A-01",1.77334209085933,323.9896,182.7,"aiforia"
"560","OlfactoryBulb","Iba1_RO1_1B_A-01",1.80170964660936,377.278,209.4,"aiforia"
"561","OlfactoryBulb","Iba1_RO1_1B_A-01",1.80401175213675,337.711,187.2,"aiforia"
"562","OlfactoryBulb","Iba1_RO1_1B_A-01",1.19985714285714,203.2558,169.4,"aiforia"
"563","OlfactoryBulb","Iba1_RO1_1B_A-01",1.62734568965517,377.5442,232,"aiforia"
"564","OlfactoryBulb","Iba1_RO1_1B_A-01",1.73636217303823,431.486,248.5,"aiforia"
"565","OlfactoryBulb","Iba1_RO1_1B_A-01",1.63418663303909,259.182,158.6,"aiforia"
"566","OlfactoryBulb","Iba1_RO1_1B_A-01",1.62808098159509,398.0658,244.5,"aiforia"
"567","OlfactoryBulb","Iba1_RO1_1B_A-01",1.90657632565613,355.9578,186.7,"aiforia"
"568","OlfactoryBulb","Iba1_RO1_1B_A-01",1.26807287449393,344.5354,271.7,"aiforia"
"569","OlfactoryBulb","Iba1_RO1_1B_A-01",2.3069060360921,370.7198,160.7,"aiforia"
"570","OlfactoryBulb","Iba1_RO1_1B_A-01",1.25035468501853,236.192,188.9,"aiforia"
"571","OlfactoryBulb","Iba1_RO1_1B_A-01",1.70684563758389,279.752,163.9,"aiforia"
"572","OlfactoryBulb","Iba1_RO1_1B_A-01",1.24018986083499,249.5262,201.2,"aiforia"
"573","OlfactoryBulb","Iba1_RO1_1B_A-01",1.49447269890796,191.5914,128.2,"aiforia"
"574","OlfactoryBulb","Iba1_RO1_1B_A-01",1.35992802056555,158.7036,116.7,"aiforia"
"575","OlfactoryBulb","Iba1_RO1_1B_A-01",1.09342268041237,233.3364,213.4,"aiforia"
"576","OlfactoryBulb","Iba1_RO1_1B_A-01",1.45024531722054,480.0312,331,"aiforia"
"577","OlfactoryBulb","Iba1_RO1_1B_A-01",1.2478073519401,366.6058,293.8,"aiforia"
"578","OlfactoryBulb","Iba1_RO1_1B_A-01",1.39390547636909,185.8076,133.3,"aiforia"
"579","OlfactoryBulb","Iba1_RO1_1B_A-01",1.43215666513972,312.6398,218.3,"aiforia"
"580","OlfactoryBulb","Iba1_RO1_1B_A-01",1.2621821386604,429.6468,340.4,"aiforia"
"581","OlfactoryBulb","Iba1_RO1_1B_A-01",1.14557920792079,509.0954,444.4,"aiforia"
"582","OlfactoryBulb","Iba1_RO1_1B_A-01",1.14911228754528,412.4164,358.9,"aiforia"
"583","OlfactoryBulb","Iba1_RO1_1B_A-01",1.62332615200479,271.2578,167.1,"aiforia"
"584","OlfactoryBulb","Iba1_RO1_1B_A-01",1.38754205607477,296.934,214,"aiforia"
"585","OlfactoryBulb","Iba1_RO1_1B_A-01",1.65062807295797,416.2884,252.2,"aiforia"
"586","OlfactoryBulb","Iba1_RO1_1B_A-01",1.64769312796209,278.1306,168.8,"aiforia"
"587","OlfactoryBulb","Iba1_RO1_1B_A-01",1.60843336355394,177.4102,110.3,"aiforia"
"588","OlfactoryBulb","Iba1_RO1_1B_A-01",1.11575018422992,302.8146,271.4,"aiforia"
"589","OlfactoryBulb","Iba1_RO1_1B_A-01",1.32004330708661,67.0582,50.8,"aiforia"
"590","OlfactoryBulb","Iba1_RO1_1B_A-01",1.39477279752705,180.4836,129.4,"aiforia"
"591","OlfactoryBulb","Iba1_RO1_1B_A-01",1.37163853317811,471.295,343.6,"aiforia"
"592","OlfactoryBulb","Iba1_RO1_1B_A-01",1.3708432563791,225.6408,164.6,"aiforia"
"593","OlfactoryBulb","Iba1_RO1_1B_A-01",1.35602226127709,231.473,170.7,"aiforia"
"594","OlfactoryBulb","Iba1_RO1_1B_A-01",1.95465678280208,263.6832,134.9,"aiforia"
"595","OlfactoryBulb","Iba1_RO1_1B_A-01",1.98073197781885,428.6304,216.4,"aiforia"
"596","OlfactoryBulb","Iba1_RO1_1B_A-01",1.39882847038019,316.415,226.2,"aiforia"
"597","OlfactoryBulb","Iba1_RO1_1B_A-01",1.22417540453074,378.2702,309,"aiforia"
"598","OlfactoryBulb","Iba1_RO1_1B_A-01",1.12423626373626,204.611,182,"aiforia"
"599","OlfactoryBulb","Iba1_RO1_1B_A-01",1.3342640431609,420.4266,315.1,"aiforia"
"600","OlfactoryBulb","Iba1_RO1_1B_A-01",1.24363919483479,327.4502,263.3,"aiforia"
"601","OlfactoryBulb","Iba1_RO1_1B_A-01",1.28896114285714,225.5682,175,"aiforia"
"602","OlfactoryBulb","Iba1_RO1_1B_A-01",1.90524703087886,320.8436,168.4,"aiforia"
"603","OlfactoryBulb","Iba1_RO1_1B_A-01",1.46943278502552,518.122,352.6,"aiforia"
"604","OlfactoryBulb","Iba1_RO1_1B_A-01",1.12539236641221,515.9924,458.5,"aiforia"
"605","OlfactoryBulb","Iba1_RO1_1B_A-01",0.996623655913979,111.2232,111.6,"aiforia"
"606","OlfactoryBulb","Iba1_RO1_1B_A-01",1.50038121118012,386.4982,257.6,"aiforia"
"607","OlfactoryBulb","Iba1_RO1_1B_A-01",1.11070403587444,247.687,223,"aiforia"
"608","OlfactoryBulb","Iba1_RO1_1B_A-01",1.4644583143508,321.4486,219.5,"aiforia"
"609","OlfactoryBulb","Iba1_RO1_1B_A-01",1.65229583532791,345.1646,208.9,"aiforia"
"610","OlfactoryBulb","Iba1_RO1_1B_A-01",1.1110183639399,66.55,59.9,"aiforia"
"611","OlfactoryBulb","Iba1_RO1_1B_A-01",1.86789221556886,717.4574,384.1,"aiforia"
"612","OlfactoryBulb","Iba1_RO1_1B_A-01",1.38236336904012,658.1432,476.1,"aiforia"
"613","OlfactoryBulb","Iba1_RO1_1B_A-01",1.43107518796992,190.333,133,"aiforia"
"614","OlfactoryBulb","Iba1_RO1_1B_A-01",1.455739184178,235.5386,161.8,"aiforia"
"615","OlfactoryBulb","Iba1_RO1_1B_A-01",1.54164157228514,462.8008,300.2,"aiforia"
"616","OlfactoryBulb","Iba1_RO1_1B_A-01",1.89419348469891,383.7636,202.6,"aiforia"
"617","OlfactoryBulb","Iba1_RO1_1B_A-01",1.47340681173132,311.4782,211.4,"aiforia"
"618","OlfactoryBulb","Iba1_RO1_1B_A-01",1.27137840290381,280.2118,220.4,"aiforia"
"619","OlfactoryBulb","Iba1_RO1_1B_A-01",1.04268772782503,257.4396,246.9,"aiforia"
"620","OlfactoryBulb","Iba1_RO1_1B_A-01",1.47084051398337,194.5922,132.3,"aiforia"
"621","OlfactoryBulb","Iba1_RO1_1B_A-01",1.3710557467309,199.2144,145.3,"aiforia"
"622","OlfactoryBulb","Iba1_RO1_1B_A-01",1.99120560747664,468.7298,235.4,"aiforia"
"623","OlfactoryBulb","Iba1_RO1_1B_A-01",1.35672440944882,430.76,317.5,"aiforia"
"624","OlfactoryBulb","Iba1_RO1_1B_A-01",1.42727835051546,152.2906,106.7,"aiforia"
"625","OlfactoryBulb","Iba1_RO1_1B_A-01",1.41260857441617,405.2774,286.9,"aiforia"
"626","OlfactoryBulb","Iba1_RO1_1B_A-01",1.46639574201628,468.3668,319.4,"aiforia"
"627","OlfactoryBulb","Iba1_RO1_1B_A-01",1.28800161160355,319.682,248.2,"aiforia"
"628","OlfactoryBulb","Iba1_RO1_1B_A-01",1.76616503267974,432.3572,244.8,"aiforia"
"629","OlfactoryBulb","Iba1_RO1_1B_A-01",2.21411585665194,451.0154,203.7,"aiforia"
"630","OlfactoryBulb","Iba1_RO1_1B_A-01",1.52026378326996,639.727,420.8,"aiforia"
"631","OlfactoryBulb","Iba1_RO1_1B_A-01",1.12736585365854,166.3992,147.6,"aiforia"
"632","OlfactoryBulb","Iba1_RO1_1B_A-01",1.36997057220708,251.3896,183.5,"aiforia"
"633","OlfactoryBulb","Iba1_RO1_1B_A-01",1.65224167946749,322.6828,195.3,"aiforia"
"634","OlfactoryBulb","Iba1_RO1_1B_A-01",1.33339275935503,438.2862,328.7,"aiforia"
"635","OlfactoryBulb","Iba1_RO1_1B_A-01",1.44359368421053,137.1414,95,"aiforia"
"636","OlfactoryBulb","Iba1_RO1_1B_A-01",1.47668876229933,285.1486,193.1,"aiforia"
"637","OlfactoryBulb","Iba1_RO1_1B_A-01",1.58338015138772,376.5278,237.8,"aiforia"
"638","OlfactoryBulb","Iba1_RO1_1B_A-01",1.42826703426546,362.637,253.9,"aiforia"
"639","OlfactoryBulb","Iba1_RO1_1B_A-01",1.80063677661466,911.6624,506.3,"aiforia"
"640","OlfactoryBulb","Iba1_RO1_1B_A-01",1.32961174850849,289.7224,217.9,"aiforia"
"641","OlfactoryBulb","Iba1_RO1_1B_A-01",1.44199277978339,439.3752,304.7,"aiforia"
"642","OlfactoryBulb","Iba1_RO1_1B_A-01",1.47641361916772,351.2388,237.9,"aiforia"
"643","OlfactoryBulb","Iba1_RO1_1B_A-01",1.11930612244898,241.3224,215.6,"aiforia"
"644","OlfactoryBulb","Iba1_RO1_1B_A-01",1.27339820359281,170.126,133.6,"aiforia"
"645","OlfactoryBulb","Iba1_RO1_1B_A-01",1.5130315245478,292.7716,193.5,"aiforia"
"646","OlfactoryBulb","Iba1_RO1_1B_A-01",1.4089677819083,227.4074,161.4,"aiforia"
"647","OlfactoryBulb","Iba1_RO1_1B_A-01",1.06899855421687,221.8172,207.5,"aiforia"
"648","OlfactoryBulb","Iba1_RO1_1B_A-01",1.40067570900123,227.1896,162.2,"aiforia"
"649","OlfactoryBulb","Iba1_RO1_1B_A-01",1.21485838307108,223.8984,184.3,"aiforia"
"650","OlfactoryBulb","Iba1_RO1_1B_A-01",1.30132337736933,226.5604,174.1,"aiforia"
"651","OlfactoryBulb","Iba1_RO1_1B_A-01",1.85176401179941,313.874,169.5,"aiforia"
"652","OlfactoryBulb","Iba1_RO1_1B_A-01",2.27426189005559,368.203,161.9,"aiforia"
"653","OlfactoryBulb","Iba1_RO1_1B_A-01",1.41639701616245,341.7766,241.3,"aiforia"
"654","OlfactoryBulb","Iba1_RO1_1B_A-01",1.51053122251539,171.7474,113.7,"aiforia"
"655","OlfactoryBulb","Iba1_RO1_1B_A-01",1.40823404255319,264.748,188,"aiforia"
"656","OlfactoryBulb","Iba1_RO1_1B_A-01",1.54059832635983,220.9218,143.4,"aiforia"
"657","OlfactoryBulb","Iba1_RO1_1B_A-01",1.61642994241843,421.08,260.5,"aiforia"
"658","OlfactoryBulb","Iba1_RO1_1B_A-01",1.20714856557377,235.6354,195.2,"aiforia"
"659","OlfactoryBulb","Iba1_RO1_1B_A-01",1.71335167669819,199.2628,116.3,"aiforia"
"660","OlfactoryBulb","Iba1_RO1_1B_A-01",1.29120159151194,194.7132,150.8,"aiforia"
"661","OlfactoryBulb","Iba1_RO1_1B_A-01",1.43843215083106,579.832,403.1,"aiforia"
"662","OlfactoryBulb","Iba1_RO1_1B_A-01",1.30633967391304,288.4398,220.8,"aiforia"
"663","OlfactoryBulb","Iba1_RO1_1B_A-01",1.21282618142314,446.5626,368.2,"aiforia"
"664","OlfactoryBulb","Iba1_RO1_1B_A-01",1.23626356589147,446.5384,361.2,"aiforia"
"665","OlfactoryBulb","Iba1_RO1_1B_A-01",1.46255921638468,328.4908,224.6,"aiforia"
"666","OlfactoryBulb","Iba1_RO1_1B_A-01",1.22420434782609,337.8804,276,"aiforia"
"667","OlfactoryBulb","Iba1_RO1_1B_A-01",2.58233333333333,374.9548,145.2,"aiforia"
"668","OlfactoryBulb","Iba1_RO1_1B_A-01",1.75809058456046,787.9762,448.2,"aiforia"
"669","OlfactoryBulb","Iba1_RO1_1B_A-01",1.38190697674419,326.821,236.5,"aiforia"
"670","OlfactoryBulb","Iba1_RO1_1B_A-01",1.56141698215252,577.412,369.8,"aiforia"
"671","OlfactoryBulb","Iba1_RO1_1B_A-01",1.77928146453089,233.2638,131.1,"aiforia"
"672","OlfactoryBulb","Iba1_RO1_1B_A-01",1.80528467153285,247.324,137,"aiforia"
"673","OlfactoryBulb","Iba1_RO1_1B_A-01",1.34462318238471,323.6508,240.7,"aiforia"
"674","OlfactoryBulb","Iba1_RO1_1B_A-01",1.3654157014157,318.2784,233.1,"aiforia"
"675","OlfactoryBulb","Iba1_RO1_1B_A-01",1.46066902119072,289.5046,198.2,"aiforia"
"676","OlfactoryBulb","Iba1_RO1_1B_A-01",1.53631540342298,251.3412,163.6,"aiforia"
"677","OlfactoryBulb","Iba1_RO1_1B_A-01",1.01301641337386,333.2824,329,"aiforia"
"678","OlfactoryBulb","Iba1_RO1_1B_A-01",1.99880916030534,418.9504,209.6,"aiforia"
"679","OlfactoryBulb","Iba1_RO1_1B_A-01",1.71310948905109,258.1656,150.7,"aiforia"
"680","OlfactoryBulb","Iba1_RO1_1B_A-01",1.25107794871795,243.9602,195,"aiforia"
"681","OlfactoryBulb","Iba1_RO1_1B_A-01",1.57445570543201,431.8732,274.3,"aiforia"
"682","OlfactoryBulb","Iba1_RO1_1B_A-01",1.91049648711944,163.1564,85.4,"aiforia"
"683","OlfactoryBulb","Iba1_RO1_1B_A-01",1.55988416578108,293.5702,188.2,"aiforia"
"684","OlfactoryBulb","Iba1_RO1_1B_A-01",1.70526176626124,322.465,189.1,"aiforia"
"685","OlfactoryBulb","Iba1_RO1_1B_A-01",1.19538415841584,241.4676,202,"aiforia"
"686","OlfactoryBulb","Iba1_RO1_1B_A-01",1.34459126365055,344.7532,256.4,"aiforia"
"687","OlfactoryBulb","Iba1_RO1_1B_A-01",1.31132661870504,364.5488,278,"aiforia"
"688","OlfactoryBulb","Iba1_RO1_1B_A-01",1.31678560939794,179.3462,136.2,"aiforia"
"689","OlfactoryBulb","Iba1_RO1_1B_A-01",1.7312847636922,1014.706,586.1,"aiforia"
"690","OlfactoryBulb","Iba1_RO1_1B_A-01",1.06496026490066,160.809,151,"aiforia"
"691","OlfactoryBulb","Iba1_RO1_1B_A-01",1.55233712816746,422.7014,272.3,"aiforia"
"692","OlfactoryBulb","Iba1_RO1_1B_A-01",1.88254373820013,299.1362,158.9,"aiforia"
"693","OlfactoryBulb","Iba1_RO1_1B_A-01",1.17275819834058,593.6502,506.2,"aiforia"
"694","OlfactoryBulb","Iba1_RO1_1B_A-01",1.99742047026279,288.827,144.6,"aiforia"
"695","OlfactoryBulb","Iba1_RO1_1B_A-01",0.760842931937173,58.1284,76.4,"aiforia"
"696","OlfactoryBulb","Iba1_RO1_1B_A-01",1.32419350691096,411.9566,311.1,"aiforia"
"697","OlfactoryBulb","Iba1_RO1_1B_A-01",1.36121550741163,238.7572,175.4,"aiforia"
"698","OlfactoryBulb","Iba1_RO1_1B_A-01",1.47378670360111,425.6296,288.8,"aiforia"
"699","OlfactoryBulb","Iba1_RO1_1B_A-01",1.79949397590361,164.2938,91.3,"aiforia"
"700","OlfactoryBulb","Iba1_RO1_1B_A-01",1.17177101449275,242.5566,207,"aiforia"
"701","OlfactoryBulb","Iba1_RO1_1B_A-01",1.39628513853904,277.1626,198.5,"aiforia"
"702","OlfactoryBulb","Iba1_RO1_1B_A-01",1.16413071895425,284.9792,244.8,"aiforia"
"703","OlfactoryBulb","Iba1_RO1_1B_A-01",1.37278731074261,190.4056,138.7,"aiforia"
"704","OlfactoryBulb","Iba1_RO1_1B_A-01",1.52770363951473,176.297,115.4,"aiforia"
"705","OlfactoryBulb","Iba1_RO1_1B_A-01",1.34117757009346,258.3108,192.6,"aiforia"
"706","OlfactoryBulb","Iba1_RO1_1B_A-01",1.12667082961641,126.2998,112.1,"aiforia"
"707","OlfactoryBulb","Iba1_RO1_1B_A-01",1.25373372287145,300.3946,239.6,"aiforia"
"708","OlfactoryBulb","Iba1_RO1_1B_A-01",1.94559471365639,132.495,68.1,"aiforia"
"709","OlfactoryBulb","Iba1_RO1_1B_A-01",1.33616789396171,272.1774,203.7,"aiforia"
"710","OlfactoryBulb","Iba1_RO1_1B_A-01",1.31930450581395,363.0726,275.2,"aiforia"
"711","OlfactoryBulb","Iba1_RO1_1B_A-01",1.66907641196013,200.9568,120.4,"aiforia"
"712","OlfactoryBulb","Iba1_RO1_1B_A-01",1.03319536128457,115.8212,112.1,"aiforia"
"713","OlfactoryBulb","Iba1_RO1_1B_A-01",1.55098372781065,209.693,135.2,"aiforia"
"714","OlfactoryBulb","Iba1_RO1_1B_A-01",1.57637341593917,559.7702,355.1,"aiforia"
"715","OlfactoryBulb","Iba1_RO1_1B_A-01",1.17754940282302,216.9046,184.2,"aiforia"
"716","OlfactoryBulb","Iba1_RO1_1B_A-01",1.3785289514867,352.352,255.6,"aiforia"
"717","OlfactoryBulb","Iba1_RO1_1B_A-01",1.75699943406904,310.4618,176.7,"aiforia"
"718","OlfactoryBulb","Iba1_RO1_1B_A-01",1.21041086587436,142.5864,117.8,"aiforia"
"719","OlfactoryBulb","Iba1_RO1_1B_A-01",1.92441161487519,377.762,196.3,"aiforia"
"720","OlfactoryBulb","Iba1_RO1_1B_A-01",1.22805845942228,357.1194,290.8,"aiforia"
"721","OlfactoryBulb","Iba1_RO1_1B_A-01",1.27394976136649,507.1594,398.1,"aiforia"
"722","OlfactoryBulb","Iba1_RO1_1B_A-01",1.25039362232187,250.954,200.7,"aiforia"
"723","OlfactoryBulb","Iba1_RO1_1B_A-01",1.60581272800973,396.154,246.7,"aiforia"
"724","OlfactoryBulb","Iba1_RO1_1B_A-01",1.42774377696648,430.1792,301.3,"aiforia"
"725","OlfactoryBulb","Iba1_RO1_1B_A-01",1.93963800360794,322.5618,166.3,"aiforia"
"726","OlfactoryBulb","Iba1_RO1_1B_A-01",0.921583606557377,168.6498,183,"aiforia"
"727","OlfactoryBulb","Iba1_RO1_1B_A-01",1.21339810246679,319.7304,263.5,"aiforia"
"728","OlfactoryBulb","Iba1_RO1_1B_A-01",1.69471779661017,799.9068,472,"aiforia"
"729","OlfactoryBulb","Iba1_RO1_1B_A-01",1.01090046988466,236.6518,234.1,"aiforia"
"730","OlfactoryBulb","Iba1_RO1_1B_A-01",1.63317226435536,150.7418,92.3,"aiforia"
"731","OlfactoryBulb","Iba1_RO1_1B_A-01",1.62369459757442,294.5382,181.4,"aiforia"
"732","OlfactoryBulb","Iba1_RO1_1B_A-01",1.52127843137255,193.963,127.5,"aiforia"
"733","OlfactoryBulb","Iba1_RO1_1B_A-01",1.81704769230769,472.4324,260,"aiforia"
"734","OlfactoryBulb","Iba1_RO1_1B_A-01",1.37870786516854,269.951,195.8,"aiforia"
"735","OlfactoryBulb","Iba1_RO1_1B_A-01",1.10984340044743,248.05,223.5,"aiforia"
"736","OlfactoryBulb","Iba1_RO1_1B_A-01",2.80669230769231,1123.7996,400.4,"aiforia"
"737","OlfactoryBulb","Iba1_RO1_1B_A-01",1.41341504733433,283.6724,200.7,"aiforia"
"738","OlfactoryBulb","Iba1_RO1_1B_A-01",1.58819497686715,480.5878,302.6,"aiforia"
"739","OlfactoryBulb","Iba1_RO1_1B_A-01",1.1374,291.1744,256,"aiforia"
"740","OlfactoryBulb","Iba1_RO1_1B_A-01",1.17921599169263,454.234,385.2,"aiforia"
"741","OlfactoryBulb","Iba1_RO1_1B_A-01",1.08232289336316,290.279,268.2,"aiforia"
"742","OlfactoryBulb","Iba1_RO1_1B_A-01",1.54457611548556,235.3934,152.4,"aiforia"
"743","OlfactoryBulb","Iba1_RO1_1B_A-01",1.61471411411411,537.6998,333,"aiforia"
"744","OlfactoryBulb","Iba1_RO1_1B_A-01",0.976130434782609,246.961,253,"aiforia"
"745","OlfactoryBulb","Iba1_RO1_1B_A-01",1.25925453653752,256.762,203.9,"aiforia"
"746","OlfactoryBulb","Iba1_RO1_1B_A-01",1.2718002528445,100.5994,79.1,"aiforia"
"747","OlfactoryBulb","Iba1_RO1_1B_A-01",1.37607843137255,224.576,163.2,"aiforia"
"748","OlfactoryBulb","Iba1_RO1_1B_A-01",1.79019655298863,976.3732,545.4,"aiforia"
"749","OlfactoryBulb","Iba1_RO1_1B_A-01",1.74956587202008,278.8808,159.4,"aiforia"
"750","OlfactoryBulb","Iba1_RO1_1B_A-01",1.63768685121107,189.3166,115.6,"aiforia"
"751","OlfactoryBulb","Iba1_RO1_1B_A-01",1.54953657339224,315.6406,203.7,"aiforia"
"752","OlfactoryBulb","Iba1_RO1_1B_A-01",1.34500337078652,239.4106,178,"aiforia"
"753","OlfactoryBulb","Iba1_RO1_1B_A-01",1.60439390756303,305.4766,190.4,"aiforia"
"754","OlfactoryBulb","Iba1_RO1_1B_A-01",1.59744269340974,446.006,279.2,"aiforia"
"755","OlfactoryBulb","Iba1_RO1_1B_A-01",1.51238649155722,241.8306,159.9,"aiforia"
"756","OlfactoryBulb","Iba1_RO1_1B_A-01",1.37798754863813,177.0714,128.5,"aiforia"
"757","OlfactoryBulb","Iba1_RO1_1B_A-01",1.44178930395055,536.4898,372.1,"aiforia"
"758","OlfactoryBulb","Iba1_RO1_1B_A-01",1.37773921568627,140.5294,102,"aiforia"
"759","OlfactoryBulb","Iba1_RO1_1B_A-01",1.42869721936148,277.453,194.2,"aiforia"
"760","OlfactoryBulb","Iba1_RO1_1B_A-01",0.701392966360856,91.7422,130.8,"aiforia"
"761","OlfactoryBulb","Iba1_RO1_1B_A-01",1.22714791851196,277.09,225.8,"aiforia"
"762","OlfactoryBulb","Iba1_RO1_1B_A-01",1.50109807692308,1092.7994,728,"aiforia"
"763","OlfactoryBulb","Iba1_RO1_1B_A-01",1.71278159340659,249.381,145.6,"aiforia"
"764","OlfactoryBulb","Iba1_RO1_1B_A-01",1.79863989290495,537.4336,298.8,"aiforia"
"765","OlfactoryBulb","Iba1_RO1_1B_A-01",1.40419947848761,430.8084,306.8,"aiforia"
"766","OlfactoryBulb","Iba1_RO1_1B_A-01",1.21359679878049,318.4478,262.4,"aiforia"
"767","OlfactoryBulb","Iba1_RO1_1B_A-01",1.16731897555297,200.5454,171.8,"aiforia"
"768","OlfactoryBulb","Iba1_RO1_1B_A-01",1.0670511627907,206.4744,193.5,"aiforia"
"769","OlfactoryBulb","Iba1_RO1_1B_A-01",1.36893924581006,392.0642,286.4,"aiforia"
"770","OlfactoryBulb","Iba1_RO1_1B_A-01",1.18097677642981,340.7118,288.5,"aiforia"
"771","OlfactoryBulb","Iba1_RO1_1B_A-01",1.43428696073679,295.8934,206.3,"aiforia"
"772","OlfactoryBulb","Iba1_RO1_1B_A-01",1.24272852912142,251.7768,202.6,"aiforia"
"773","OlfactoryBulb","Iba1_RO1_1B_A-01",1.31615111561866,259.545,197.2,"aiforia"
"774","OlfactoryBulb","Iba1_RO1_1B_A-01",1.57101494713817,430.9294,274.3,"aiforia"
"775","OlfactoryBulb","Iba1_RO1_1B_A-01",1.54627456940223,305.2346,197.4,"aiforia"
"776","OlfactoryBulb","Iba1_RO1_1B_A-01",1.33862289263531,452.5884,338.1,"aiforia"
"777","OlfactoryBulb","Iba1_RO1_1B_A-01",1.18146485260771,208.4104,176.4,"aiforia"
"778","OlfactoryBulb","Iba1_RO1_1B_A-01",1.73995717563089,682.5852,392.3,"aiforia"
"779","OlfactoryBulb","Iba1_RO1_1B_A-01",1.25687958115183,192.0512,152.8,"aiforia"
"780","OlfactoryBulb","Iba1_RO1_1B_A-01",1.1956988252047,335.8718,280.9,"aiforia"
"781","OlfactoryBulb","Iba1_RO1_1B_A-01",1.30109770114943,271.6692,208.8,"aiforia"
"782","OlfactoryBulb","Iba1_RO1_1B_A-01",1.3937,183.9684,132,"aiforia"
"783","OlfactoryBulb","Iba1_RO1_1B_A-01",1.48282436708861,374.858,252.8,"aiforia"
"784","OlfactoryBulb","Iba1_RO1_1B_A-01",1.52547188049209,347.1974,227.6,"aiforia"
"785","OlfactoryBulb","Iba1_RO1_1B_A-01",1.08918923991242,348.2138,319.7,"aiforia"
"786","OlfactoryBulb","Iba1_RO1_1B_A-01",1.31088240064882,323.2636,246.6,"aiforia"
"787","OlfactoryBulb","Iba1_RO1_1B_A-01",1.48446765692381,309.8084,208.7,"aiforia"
"788","OlfactoryBulb","Iba1_RO1_1B_A-01",1.59553468050246,292.1424,183.1,"aiforia"
"789","OlfactoryBulb","Iba1_RO1_1B_A-01",1.51275034482759,219.3488,145,"aiforia"
"790","OlfactoryBulb","Iba1_RO1_1B_A-01",1.59667088607595,277.5014,173.8,"aiforia"
"791","OlfactoryBulb","Iba1_RO1_1B_A-01",1.23066086956522,311.3572,253,"aiforia"
"792","OlfactoryBulb","Iba1_RO1_1B_A-01",1.57287493540052,608.7026,387,"aiforia"
"793","OlfactoryBulb","Iba1_RO1_1B_A-01",1.32598752783964,297.6842,224.5,"aiforia"
"794","OlfactoryBulb","Iba1_RO1_1B_A-01",1.48318090307737,515.702,347.7,"aiforia"
"795","OlfactoryBulb","Iba1_RO1_1B_A-01",1.52834441260745,533.3922,349,"aiforia"
"796","OlfactoryBulb","Iba1_RO1_1B_A-01",1.34595694444444,193.8178,144,"aiforia"
"797","OlfactoryBulb","Iba1_RO1_1B_A-01",1.23916174319977,423.6694,341.9,"aiforia"
"798","OlfactoryBulb","Iba1_RO1_1B_A-01",1.44489841986456,192.027,132.9,"aiforia"
"799","OlfactoryBulb","Iba1_RO1_1B_A-01",1.35374113475177,305.404,225.6,"aiforia"
"800","OlfactoryBulb","Iba1_RO1_1B_A-01",1.6443802978236,574.2176,349.2,"aiforia"
"801","OlfactoryBulb","Iba1_RO1_1B_A-01",1.36259872611465,213.928,157,"aiforia"
"802","OlfactoryBulb","Iba1_RO1_1B_A-01",1.31164,268.8862,205,"aiforia"
"803","OlfactoryBulb","Iba1_RO1_1B_A-01",1.36367883211679,280.236,205.5,"aiforia"
"804","OlfactoryBulb","Iba1_RO1_1B_A-01",1.40914060555786,339.7438,241.1,"aiforia"
"805","OlfactoryBulb","Iba1_RO1_1B_A-01",1.573275,276.8964,176,"aiforia"
"806","OlfactoryBulb","Iba1_RO1_1B_A-01",1.92543890274314,154.4202,80.2,"aiforia"
"807","OlfactoryBulb","Iba1_RO1_1B_A-01",1.75399409739302,356.587,203.3,"aiforia"
