"","BrainRegion","Image","AP","Areaum","Circumferenceµm","method"
"1","OlfactoryBulb","Iba1_RO1_1B_F-04",1.16628099528733,173.68,148.9178,"MATLAB"
"2","OlfactoryBulb","Iba1_RO1_1B_F-04",0.855763602146361,272.06,317.9149,"MATLAB"
"3","OlfactoryBulb","Iba1_RO1_1B_F-04",0.742100754577253,221.86,298.9621,"MATLAB"
"4","OlfactoryBulb","Iba1_RO1_1B_F-04",0.736391308149865,316.63,429.9752,"MATLAB"
"5","OlfactoryBulb","Iba1_RO1_1B_F-04",1.16196507963138,155.14,133.5152,"MATLAB"
"6","OlfactoryBulb","Iba1_RO1_1B_F-04",0.843110356842177,824.18,977.547,"MATLAB"
"7","OlfactoryBulb","Iba1_RO1_1B_F-04",0.904877271009266,300.22,331.7798,"MATLAB"
"8","OlfactoryBulb","Iba1_RO1_1B_F-04",1.13932766129244,186.82,163.9739,"MATLAB"
"9","OlfactoryBulb","Iba1_RO1_1B_F-04",1.16634223381202,238.17,204.2025,"MATLAB"
"10","OlfactoryBulb","Iba1_RO1_1B_F-04",0.953074654648275,188.42,197.697,"MATLAB"
"11","OlfactoryBulb","Iba1_RO1_1B_F-04",1.07312584472186,560.48,522.2873,"MATLAB"
"12","OlfactoryBulb","Iba1_RO1_1B_F-04",0.856205362006243,387.47,452.5433,"MATLAB"
"13","OlfactoryBulb","Iba1_RO1_1B_F-04",0.825017147929471,245.37,297.412,"MATLAB"
"14","OlfactoryBulb","Iba1_RO1_1B_F-04",0.438985999101539,126.84,288.9386,"MATLAB"
"15","OlfactoryBulb","Iba1_RO1_1B_F-04",0.890616618677978,144.45,162.191,"MATLAB"
"16","OlfactoryBulb","Iba1_RO1_1B_F-04",1.25359833094953,235.42,187.7954,"MATLAB"
"17","OlfactoryBulb","Iba1_RO1_1B_F-04",0.643850003008947,199,309.0782,"MATLAB"
"18","OlfactoryBulb","Iba1_RO1_1B_F-04",1.00080276504235,179.15,179.0063,"MATLAB"
"19","OlfactoryBulb","Iba1_RO1_1B_F-04",1.1853884647639,388.15,327.4454,"MATLAB"
"20","OlfactoryBulb","Iba1_RO1_1B_F-04",1.12026043159662,213.77,190.8217,"MATLAB"
"21","OlfactoryBulb","Iba1_RO1_1B_F-04",0.943587678735062,408.7,433.1341,"MATLAB"
"22","OlfactoryBulb","Iba1_RO1_1B_F-04",1.15045959717668,382.4,332.3889,"MATLAB"
"23","OlfactoryBulb","Iba1_RO1_1B_F-04",1.41878607843348,316.37,222.9864,"MATLAB"
"24","OlfactoryBulb","Iba1_RO1_1B_F-04",0.989424289350373,118.33,119.5948,"MATLAB"
"25","OlfactoryBulb","Iba1_RO1_1B_F-04",0.95319657703682,487.28,511.2062,"MATLAB"
"26","OlfactoryBulb","Iba1_RO1_1B_F-04",0.921993505147602,895.44,971.1999,"MATLAB"
"27","OlfactoryBulb","Iba1_RO1_1B_F-04",0.924435469644455,621.5,672.3022,"MATLAB"
"28","OlfactoryBulb","Iba1_RO1_1B_F-04",0.894536424634747,335.88,375.4794,"MATLAB"
"29","OlfactoryBulb","Iba1_RO1_1B_F-04",1.09359089289764,628.37,574.5933,"MATLAB"
"30","OlfactoryBulb","Iba1_RO1_1B_F-04",0.992510507062312,690.63,695.8415,"MATLAB"
"31","OlfactoryBulb","Iba1_RO1_1B_F-04",1.01942214177827,600.28,588.8434,"MATLAB"
"32","OlfactoryBulb","Iba1_RO1_1B_F-04",0.769979343712639,387.78,503.6239,"MATLAB"
"33","OlfactoryBulb","Iba1_RO1_1B_F-04",0.86815133973792,208.18,239.7969,"MATLAB"
"34","OlfactoryBulb","Iba1_RO1_1B_F-04",0.745737132116788,322.17,432.0155,"MATLAB"
"35","OlfactoryBulb","Iba1_RO1_1B_F-04",0.40783661184796,302.45,741.596,"MATLAB"
"36","OlfactoryBulb","Iba1_RO1_1B_F-04",0.610305322353841,269.74,441.9755,"MATLAB"
"37","OlfactoryBulb","Iba1_RO1_1B_F-04",0.65450307779131,460.65,703.8164,"MATLAB"
"38","OlfactoryBulb","Iba1_RO1_1B_F-04",1.03346959166259,226.73,219.3872,"MATLAB"
"39","OlfactoryBulb","Iba1_RO1_1B_F-04",0.814752032266836,384.13,471.4686,"MATLAB"
"40","OlfactoryBulb","Iba1_RO1_1B_F-04",1.03015460124159,415.75,403.5802,"MATLAB"
"41","OlfactoryBulb","Iba1_RO1_1B_F-04",1.01620542957303,499.26,491.2983,"MATLAB"
"42","OlfactoryBulb","Iba1_RO1_1B_F-04",1.21591064350292,300.8,247.3866,"MATLAB"
"43","OlfactoryBulb","Iba1_RO1_1B_F-04",0.991133372832043,337.08,340.0955,"MATLAB"
"44","OlfactoryBulb","Iba1_RO1_1B_F-04",0.854160013171441,387.54,453.7089,"MATLAB"
"45","OlfactoryBulb","Iba1_RO1_1B_F-04",0.889117525657006,306.09,344.2627,"MATLAB"
"46","OlfactoryBulb","Iba1_RO1_1B_F-04",0.903636746865626,515.32,570.2734,"MATLAB"
"47","OlfactoryBulb","Iba1_RO1_1B_F-04",0.780312780077896,207.3,265.6627,"MATLAB"
"48","OlfactoryBulb","Iba1_RO1_1B_F-04",0.710255711749087,346.24,487.4864,"MATLAB"
"49","OlfactoryBulb","Iba1_RO1_1B_F-04",1.05530971764365,581.28,550.8146,"MATLAB"
"50","OlfactoryBulb","Iba1_RO1_1B_F-04",0.708952375901532,395.69,558.1334,"MATLAB"
"51","OlfactoryBulb","Iba1_RO1_1B_F-04",0.334479710947983,219.12,655.107,"MATLAB"
"52","OlfactoryBulb","Iba1_RO1_1B_F-04",0.881416650938783,372.21,422.2861,"MATLAB"
