"","BrainRegion","Image","AP","Areaum","Circumferenceµm","method"
"1","OlfactoryBulb","Iba1_RO1_1B_A-01",1.12512195658494,18.924,16.81951,"MATLAB"
"2","OlfactoryBulb","Iba1_RO1_1B_A-01",1.11254142741803,236.46,212.5404,"MATLAB"
"3","OlfactoryBulb","Iba1_RO1_1B_A-01",0.82992436559118,450.49,542.8085,"MATLAB"
"4","OlfactoryBulb","Iba1_RO1_1B_A-01",0.902401998418151,311.25,344.9128,"MATLAB"
"5","OlfactoryBulb","Iba1_RO1_1B_A-01",0.978762331402452,257.64,263.2304,"MATLAB"
"6","OlfactoryBulb","Iba1_RO1_1B_A-01",1.15937619450009,181.38,156.4462,"MATLAB"
"7","OlfactoryBulb","Iba1_RO1_1B_A-01",0.842557808492027,202.37,240.1853,"MATLAB"
"8","OlfactoryBulb","Iba1_RO1_1B_A-01",0.866771533823702,342.96,395.6752,"MATLAB"
"9","OlfactoryBulb","Iba1_RO1_1B_A-01",1.095504203796,359.04,327.7395,"MATLAB"
"10","OlfactoryBulb","Iba1_RO1_1B_A-01",0.830448384216153,143.4,172.6778,"MATLAB"
"11","OlfactoryBulb","Iba1_RO1_1B_A-01",0.880919757903543,439.12,498.479,"MATLAB"
"12","OlfactoryBulb","Iba1_RO1_1B_A-01",1.04087250809132,185.95,178.6482,"MATLAB"
"13","OlfactoryBulb","Iba1_RO1_1B_A-01",0.790102786129119,346.37,438.386,"MATLAB"
"14","OlfactoryBulb","Iba1_RO1_1B_A-01",0.859512696911569,336.73,391.7685,"MATLAB"
"15","OlfactoryBulb","Iba1_RO1_1B_A-01",1.02655311768715,259.96,253.2358,"MATLAB"
"16","OlfactoryBulb","Iba1_RO1_1B_A-01",0.875391959514798,208.96,238.7045,"MATLAB"
"17","OlfactoryBulb","Iba1_RO1_1B_A-01",1.06713946097352,343.8,322.1697,"MATLAB"
"18","OlfactoryBulb","Iba1_RO1_1B_A-01",0.977390057361377,408.94,418.4,"MATLAB"
"19","OlfactoryBulb","Iba1_RO1_1B_A-01",0.886044930733569,480.18,541.9364,"MATLAB"
"20","OlfactoryBulb","Iba1_RO1_1B_A-01",1.16039619289525,413.72,356.5334,"MATLAB"
"21","OlfactoryBulb","Iba1_RO1_1B_A-01",0.522006866148079,142.99,273.9236,"MATLAB"
"22","OlfactoryBulb","Iba1_RO1_1B_A-01",0.368003654091046,243.96,662.9282,"MATLAB"
"23","OlfactoryBulb","Iba1_RO1_1B_A-01",1.05385427486069,370.44,351.5097,"MATLAB"
"24","OlfactoryBulb","Iba1_RO1_1B_A-01",1.35405372733756,288.99,213.4258,"MATLAB"
"25","OlfactoryBulb","Iba1_RO1_1B_A-01",0.40636944599402,774.79,1906.6148,"MATLAB"
"26","OlfactoryBulb","Iba1_RO1_1B_A-01",0.444387324804711,227.52,511.9858,"MATLAB"
"27","OlfactoryBulb","Iba1_RO1_1B_A-01",1.07735373459411,457.84,424.9672,"MATLAB"
"28","OlfactoryBulb","Iba1_RO1_1B_A-01",0.406868750529219,379.6,932.979,"MATLAB"
"29","OlfactoryBulb","Iba1_RO1_1B_A-01",1.07378868258616,433.72,403.9156,"MATLAB"
"30","OlfactoryBulb","Iba1_RO1_1B_A-01",0.875513473512873,436.33,498.3704,"MATLAB"
"31","OlfactoryBulb","Iba1_RO1_1B_A-01",1.11868835638028,308.76,276.0018,"MATLAB"
"32","OlfactoryBulb","Iba1_RO1_1B_A-01",1.02662221279046,637.12,620.5983,"MATLAB"
"33","OlfactoryBulb","Iba1_RO1_1B_A-01",0.897633430753077,482.91,537.9813,"MATLAB"
"34","OlfactoryBulb","Iba1_RO1_1B_A-01",1.30731481094553,416.08,318.2707,"MATLAB"
"35","OlfactoryBulb","Iba1_RO1_1B_A-01",0.92666242826976,480.56,518.5923,"MATLAB"
"36","OlfactoryBulb","Iba1_RO1_1B_A-01",0.698518486068702,235.99,337.8436,"MATLAB"
"37","OlfactoryBulb","Iba1_RO1_1B_A-01",0.906164392533158,774.83,855.0656,"MATLAB"
"38","OlfactoryBulb","Iba1_RO1_1B_A-01",0.46320504661184,246.44,532.0322,"MATLAB"
"39","OlfactoryBulb","Iba1_RO1_1B_A-01",0.825186821428982,452.84,548.7727,"MATLAB"
"40","OlfactoryBulb","Iba1_RO1_1B_A-01",0.776124212548771,551.07,710.0281,"MATLAB"
"41","OlfactoryBulb","Iba1_RO1_1B_A-01",0.877672824940687,611.46,696.6833,"MATLAB"
"42","OlfactoryBulb","Iba1_RO1_1B_A-01",0.492089801209108,277.89,564.714,"MATLAB"
