"","BrainRegion","Image","AP","Areaum","Circumferenceµm","method"
"1","OlfactoryBulb","Iba1_RO1_1B_M-04",0.994399040477067,416.28,418.6247,"MATLAB"
"2","OlfactoryBulb","Iba1_RO1_1B_M-04",0.875179596931147,347.02,396.5129,"MATLAB"
"3","OlfactoryBulb","Iba1_RO1_1B_M-04",0.813538610860805,354.72,436.0211,"MATLAB"
"4","OlfactoryBulb","Iba1_RO1_1B_M-04",0.967018307415201,515.83,533.4232,"MATLAB"
"5","OlfactoryBulb","Iba1_RO1_1B_M-04",0.931378145247452,377.73,405.5603,"MATLAB"
"6","OlfactoryBulb","Iba1_RO1_1B_M-04",1.00514350654215,315.31,313.6965,"MATLAB"
"7","OlfactoryBulb","Iba1_RO1_1B_M-04",0.833595096439121,357.73,429.1412,"MATLAB"
"8","OlfactoryBulb","Iba1_RO1_1B_M-04",0.905021256390498,449.82,497.027,"MATLAB"
"9","OlfactoryBulb","Iba1_RO1_1B_M-04",0.901797879406524,468.54,519.5621,"MATLAB"
"10","OlfactoryBulb","Iba1_RO1_1B_M-04",0.339975248949274,159.5,469.1518,"MATLAB"
"11","OlfactoryBulb","Iba1_RO1_1B_M-04",1.05298984412889,731.69,694.869,"MATLAB"
"12","OlfactoryBulb","Iba1_RO1_1B_M-04",0.916566117362189,223.18,243.4958,"MATLAB"
"13","OlfactoryBulb","Iba1_RO1_1B_M-04",0.37032505287673,285.71,771.5114,"MATLAB"
"14","OlfactoryBulb","Iba1_RO1_1B_M-04",1.29652101834162,197.55,152.3693,"MATLAB"
"15","OlfactoryBulb","Iba1_RO1_1B_M-04",0.876765121182811,581.5,663.2335,"MATLAB"
"16","OlfactoryBulb","Iba1_RO1_1B_M-04",1.05770965010701,698.45,660.3419,"MATLAB"
"17","OlfactoryBulb","Iba1_RO1_1B_M-04",0.929638185287434,705.43,758.8221,"MATLAB"
"18","OlfactoryBulb","Iba1_RO1_1B_M-04",0.422493123139408,141.95,335.9818,"MATLAB"
"19","OlfactoryBulb","Iba1_RO1_1B_M-04",1.01924847978159,343.31,336.8266,"MATLAB"
"20","OlfactoryBulb","Iba1_RO1_1B_M-04",0.944414024420545,610.05,645.9561,"MATLAB"
"21","OlfactoryBulb","Iba1_RO1_1B_M-04",0.67449073451039,255.11,378.2261,"MATLAB"
"22","OlfactoryBulb","Iba1_RO1_1B_M-04",0.954624128280175,450.17,471.5678,"MATLAB"
"23","OlfactoryBulb","Iba1_RO1_1B_M-04",1.05657823795429,153.64,145.4128,"MATLAB"
"24","OlfactoryBulb","Iba1_RO1_1B_M-04",0.720814998142499,275.52,382.234,"MATLAB"
"25","OlfactoryBulb","Iba1_RO1_1B_M-04",1.05751406772887,551.15,521.1751,"MATLAB"
"26","OlfactoryBulb","Iba1_RO1_1B_M-04",0.736954802310859,245.05,332.517,"MATLAB"
"27","OlfactoryBulb","Iba1_RO1_1B_M-04",0.787470019538899,595.19,755.8256,"MATLAB"
"28","OlfactoryBulb","Iba1_RO1_1B_M-04",0.765896963745837,221.36,289.0206,"MATLAB"
"29","OlfactoryBulb","Iba1_RO1_1B_M-04",0.590178881689184,423.58,717.7146,"MATLAB"
"30","OlfactoryBulb","Iba1_RO1_1B_M-04",1.04962365666209,399.79,380.8889,"MATLAB"
"31","OlfactoryBulb","Iba1_RO1_1B_M-04",1.11042397335825,210.8,189.8374,"MATLAB"
"32","OlfactoryBulb","Iba1_RO1_1B_M-04",0.735262947175055,171.71,233.5355,"MATLAB"
"33","OlfactoryBulb","Iba1_RO1_1B_M-04",0.656527919158994,247.34,376.7395,"MATLAB"
"34","OlfactoryBulb","Iba1_RO1_1B_M-04",0.811849697809872,359.81,443.1978,"MATLAB"
"35","OlfactoryBulb","Iba1_RO1_1B_M-04",0.775552642719315,194.01,250.1571,"MATLAB"
"36","OlfactoryBulb","Iba1_RO1_1B_M-04",0.794206399554776,469.22,590.8036,"MATLAB"
"37","OlfactoryBulb","Iba1_RO1_1B_M-04",0.783819092702078,201.53,257.1129,"MATLAB"
"38","OlfactoryBulb","Iba1_RO1_1B_M-04",0.732780096470453,324.74,443.1616,"MATLAB"
"39","OlfactoryBulb","Iba1_RO1_1B_M-04",0.916745543744342,382.96,417.7386,"MATLAB"
"40","OlfactoryBulb","Iba1_RO1_1B_M-04",0.616639133355585,364.87,591.7075,"MATLAB"
"41","OlfactoryBulb","Iba1_RO1_1B_M-04",0.944215244084798,318.56,337.3807,"MATLAB"
"42","OlfactoryBulb","Iba1_RO1_1B_M-04",0.761363723778241,237.54,311.9928,"MATLAB"
"43","OlfactoryBulb","Iba1_RO1_1B_M-04",0.744993493017468,329.22,441.9099,"MATLAB"
"44","OlfactoryBulb","Iba1_RO1_1B_M-04",0.662603890022081,296,446.7224,"MATLAB"
"45","OlfactoryBulb","Iba1_RO1_1B_M-04",0.797063370885392,273.18,342.7331,"MATLAB"
"46","OlfactoryBulb","Iba1_RO1_1B_M-04",0.819816325304167,150.06,183.041,"MATLAB"
"47","OlfactoryBulb","Iba1_RO1_1B_M-04",0.989947860774802,308.02,311.1477,"MATLAB"
"48","OlfactoryBulb","Iba1_RO1_1B_M-04",0.75856667685952,243.11,320.486,"MATLAB"
"49","OlfactoryBulb","Iba1_RO1_1B_M-04",0.714452496353606,341.17,477.5265,"MATLAB"
"50","OlfactoryBulb","Iba1_RO1_1B_M-04",0.764936471051427,357.49,467.346,"MATLAB"
"51","OlfactoryBulb","Iba1_RO1_1B_M-04",0.735378117886017,397.17,540.0895,"MATLAB"
"52","OlfactoryBulb","Iba1_RO1_1B_M-04",0.708693328818509,334.87,472.5175,"MATLAB"
"53","OlfactoryBulb","Iba1_RO1_1B_M-04",0.963621473105781,160.49,166.5488,"MATLAB"
"54","OlfactoryBulb","Iba1_RO1_1B_M-04",0.787126920925335,251.16,319.0845,"MATLAB"
"55","OlfactoryBulb","Iba1_RO1_1B_M-04",1.08115269678304,154.23,142.6533,"MATLAB"
"56","OlfactoryBulb","Iba1_RO1_1B_M-04",0.662982227356664,311.85,470.3746,"MATLAB"
"57","OlfactoryBulb","Iba1_RO1_1B_M-04",0.643938580301481,389.72,605.213,"MATLAB"
