"","BrainRegion","Image","AP","Areaum","Circumferenceµm","method"
"1","OlfactoryBulb","Iba1_RO1_1B_G-00",0.487570084741878,123.38,253.0508,"MATLAB"
"2","OlfactoryBulb","Iba1_RO1_1B_G-00",1.37898442083306,169.24,122.728,"MATLAB"
"3","OlfactoryBulb","Iba1_RO1_1B_G-00",0.348168107983298,122.44,351.6692,"MATLAB"
"4","OlfactoryBulb","Iba1_RO1_1B_G-00",0.755242932591263,395.24,523.3283,"MATLAB"
"5","OlfactoryBulb","Iba1_RO1_1B_G-00",0.77703806758233,416.1,535.495,"MATLAB"
"6","OlfactoryBulb","Iba1_RO1_1B_G-00",0.947666143559292,285.57,301.3403,"MATLAB"
"7","OlfactoryBulb","Iba1_RO1_1B_G-00",1.06466865840175,226.29,212.545,"MATLAB"
"8","OlfactoryBulb","Iba1_RO1_1B_G-00",0.815328872844763,562.43,689.8198,"MATLAB"
"9","OlfactoryBulb","Iba1_RO1_1B_G-00",1.17282575027266,188.94,161.0981,"MATLAB"
"10","OlfactoryBulb","Iba1_RO1_1B_G-00",0.952647284889515,289.9,304.3099,"MATLAB"
"11","OlfactoryBulb","Iba1_RO1_1B_G-00",0.907734530164076,474,522.1791,"MATLAB"
"12","OlfactoryBulb","Iba1_RO1_1B_G-00",1.23452307468865,231.2,187.2788,"MATLAB"
"13","OlfactoryBulb","Iba1_RO1_1B_G-00",1.14209595039877,318.6,278.9608,"MATLAB"
"14","OlfactoryBulb","Iba1_RO1_1B_G-00",0.868591980550896,336.27,387.1438,"MATLAB"
"15","OlfactoryBulb","Iba1_RO1_1B_G-00",0.361012524294561,453.93,1257.3802,"MATLAB"
"16","OlfactoryBulb","Iba1_RO1_1B_G-00",0.343868087173556,117.08,340.4794,"MATLAB"
"17","OlfactoryBulb","Iba1_RO1_1B_G-00",0.890029381613166,565.28,635.1251,"MATLAB"
"18","OlfactoryBulb","Iba1_RO1_1B_G-00",0.934070618332564,283.77,303.7993,"MATLAB"
"19","OlfactoryBulb","Iba1_RO1_1B_G-00",1.20989929660101,328.5,271.5102,"MATLAB"
"20","OlfactoryBulb","Iba1_RO1_1B_G-00",0.391807698927199,170.74,435.775,"MATLAB"
"21","OlfactoryBulb","Iba1_RO1_1B_G-00",0.989993628338651,342.29,345.7497,"MATLAB"
"22","OlfactoryBulb","Iba1_RO1_1B_G-00",0.973668486448667,381.31,391.622,"MATLAB"
"23","OlfactoryBulb","Iba1_RO1_1B_G-00",0.888493517821444,415.19,467.2966,"MATLAB"
"24","OlfactoryBulb","Iba1_RO1_1B_G-00",0.950944558834198,530.89,558.2765,"MATLAB"
"25","OlfactoryBulb","Iba1_RO1_1B_G-00",1.09013770308227,271.8,249.3263,"MATLAB"
"26","OlfactoryBulb","Iba1_RO1_1B_G-00",1.11706500266324,268.65,240.4963,"MATLAB"
"27","OlfactoryBulb","Iba1_RO1_1B_G-00",1.14465941544678,595.67,520.3906,"MATLAB"
"28","OlfactoryBulb","Iba1_RO1_1B_G-00",1.06002698668314,461.3,435.1776,"MATLAB"
"29","OlfactoryBulb","Iba1_RO1_1B_G-00",1.06574506589336,388.09,364.149,"MATLAB"
"30","OlfactoryBulb","Iba1_RO1_1B_G-00",0.889414180988901,421.79,474.2335,"MATLAB"
"31","OlfactoryBulb","Iba1_RO1_1B_G-00",1.03883195082291,334.44,321.9385,"MATLAB"
"32","OlfactoryBulb","Iba1_RO1_1B_G-00",0.484391348497366,188.33,388.7972,"MATLAB"
"33","OlfactoryBulb","Iba1_RO1_1B_G-00",0.766422309901629,307.01,400.5755,"MATLAB"
"34","OlfactoryBulb","Iba1_RO1_1B_G-00",0.465458683321317,214.34,460.492,"MATLAB"
"35","OlfactoryBulb","Iba1_RO1_1B_G-00",1.02635579475731,302.87,295.0926,"MATLAB"
"36","OlfactoryBulb","Iba1_RO1_1B_G-00",0.754166888635946,556.36,737.7147,"MATLAB"
"37","OlfactoryBulb","Iba1_RO1_1B_G-00",1.16957708203022,373.22,319.1068,"MATLAB"
"38","OlfactoryBulb","Iba1_RO1_1B_G-00",1.0034734059759,322.01,320.8954,"MATLAB"
"39","OlfactoryBulb","Iba1_RO1_1B_G-00",0.983572973733179,362.97,369.0321,"MATLAB"
"40","OlfactoryBulb","Iba1_RO1_1B_G-00",1.01005662304861,491.89,486.9925,"MATLAB"
"41","OlfactoryBulb","Iba1_RO1_1B_G-00",1.02683415658752,426.78,415.627,"MATLAB"
"42","OlfactoryBulb","Iba1_RO1_1B_G-00",0.929660570789928,436.87,469.9242,"MATLAB"
"43","OlfactoryBulb","Iba1_RO1_1B_G-00",0.846164624775087,303.75,358.9727,"MATLAB"
"44","OlfactoryBulb","Iba1_RO1_1B_G-00",1.25100019475077,171.51,137.0983,"MATLAB"
"45","OlfactoryBulb","Iba1_RO1_1B_G-00",0.552670362832479,233.1,421.7704,"MATLAB"
"46","OlfactoryBulb","Iba1_RO1_1B_G-00",0.943431251208117,467.57,495.6058,"MATLAB"
"47","OlfactoryBulb","Iba1_RO1_1B_G-00",1.07574036226507,576.46,535.8728,"MATLAB"
"48","OlfactoryBulb","Iba1_RO1_1B_G-00",0.888356517527459,426.44,480.0325,"MATLAB"
"49","OlfactoryBulb","Iba1_RO1_1B_G-00",0.952480192262564,329.98,346.4429,"MATLAB"
